{
    "text": " Right?",
    "segments": [
        {
            "id": 0,
            "seek": 0,
            "start": 0.0,
            "end": 0.16,
            "text": " Right?",
            "tokens": [
                50365,
                1779,
                30,
                50388
            ],
            "temperature": 0.0,
            "avg_logprob": -0.1758784055709839,
            "compression_ratio": 0.42857142857142855,
            "no_speech_prob": 0.07556714117527008,
            "words": [
                {
                    "word": " Right?",
                    "start": 0.0,
                    "end": 0.16,
                    "probability": 0.4976934492588043
                }
            ]
        }
    ],
    "language": "en"
}