{
    "text": " That's it.",
    "segments": [
        {
            "id": 0,
            "seek": 0,
            "start": 0.0,
            "end": 0.04,
            "text": " That's it.",
            "tokens": [
                50365,
                663,
                311,
                309,
                13,
                50367
            ],
            "temperature": 0.0,
            "avg_logprob": -0.4601777621677944,
            "compression_ratio": 0.5555555555555556,
            "no_speech_prob": 0.8976725339889526,
            "words": [
                {
                    "word": " That's",
                    "start": 0.0,
                    "end": 0.04,
                    "probability": 0.655422031879425
                },
                {
                    "word": " it.",
                    "start": 0.04,
                    "end": 0.04,
                    "probability": 0.38181376457214355
                }
            ]
        }
    ],
    "language": "en"
}