{
    "text": " I will.",
    "segments": [
        {
            "id": 0,
            "seek": 0,
            "start": 0.05999999999999997,
            "end": 0.12,
            "text": " I will.",
            "tokens": [
                50365,
                286,
                486,
                13,
                50380
            ],
            "temperature": 0.0,
            "avg_logprob": -0.5117729107538859,
            "compression_ratio": 0.4666666666666667,
            "no_speech_prob": 0.43713730573654175,
            "words": [
                {
                    "word": " I",
                    "start": 0.05999999999999997,
                    "end": 0.1,
                    "probability": 0.34377917647361755
                },
                {
                    "word": " will.",
                    "start": 0.1,
                    "end": 0.12,
                    "probability": 0.3060470223426819
                }
            ]
        }
    ],
    "language": "en"
}