{
    "text": " As you have.",
    "segments": [
        {
            "id": 0,
            "seek": 0,
            "start": 0.0,
            "end": 0.36,
            "text": " As you have.",
            "tokens": [
                50365,
                1018,
                291,
                362,
                13,
                50388
            ],
            "temperature": 0.0,
            "avg_logprob": -0.38009558405194965,
            "compression_ratio": 0.6,
            "no_speech_prob": 0.46483245491981506,
            "words": [
                {
                    "word": " As",
                    "start": 0.0,
                    "end": 0.12,
                    "probability": 0.7386389970779419
                },
                {
                    "word": " you",
                    "start": 0.12,
                    "end": 0.22,
                    "probability": 0.9970647692680359
                },
                {
                    "word": " have.",
                    "start": 0.22,
                    "end": 0.36,
                    "probability": 0.9991248250007629
                }
            ]
        }
    ],
    "language": "en"
}