{
    "text": " capacity.",
    "segments": [
        {
            "id": 0,
            "seek": 0,
            "start": 0.0,
            "end": 0.14,
            "text": " capacity.",
            "tokens": [
                50365,
                6042,
                13,
                50373
            ],
            "temperature": 1.0,
            "avg_logprob": -1.653719711303711,
            "compression_ratio": 0.5294117647058824,
            "no_speech_prob": 0.14090889692306519,
            "words": [
                {
                    "word": " capacity.",
                    "start": 0.0,
                    "end": 0.14,
                    "probability": 0.0007263313746079803
                }
            ]
        }
    ],
    "language": "en"
}