{
    "text": " Oh, yeah, absolutely. Absolutely.",
    "segments": [
        {
            "id": 0,
            "seek": 0,
            "start": 0.0,
            "end": 1.48,
            "text": " Oh, yeah, absolutely. Absolutely.",
            "tokens": [
                50365,
                876,
                11,
                1338,
                11,
                3122,
                13,
                7021,
                13,
                50452
            ],
            "temperature": 0.0,
            "avg_logprob": -0.3824745091524991,
            "compression_ratio": 1.064516129032258,
            "no_speech_prob": 0.010152001865208149,
            "words": [
                {
                    "word": " Oh,",
                    "start": 0.0,
                    "end": 0.3,
                    "probability": 0.8986008763313293
                },
                {
                    "word": " yeah,",
                    "start": 0.3,
                    "end": 0.44,
                    "probability": 0.9956300258636475
                },
                {
                    "word": " absolutely.",
                    "start": 0.5,
                    "end": 0.86,
                    "probability": 0.9996554851531982
                },
                {
                    "word": " Absolutely.",
                    "start": 1.16,
                    "end": 1.48,
                    "probability": 0.9988642930984497
                }
            ]
        }
    ],
    "language": "en"
}