{
    "text": " Yeah.",
    "segments": [
        {
            "id": 0,
            "seek": 0,
            "start": 0.0,
            "end": 0.14,
            "text": " Yeah.",
            "tokens": [
                50365,
                865,
                13,
                50379
            ],
            "temperature": 0.0,
            "avg_logprob": -0.33071515560150144,
            "compression_ratio": 0.38461538461538464,
            "no_speech_prob": 0.010623196139931679,
            "words": [
                {
                    "word": " Yeah.",
                    "start": 0.0,
                    "end": 0.14,
                    "probability": 0.3718803822994232
                }
            ]
        }
    ],
    "language": "en"
}