{
    "text": " When you talk to quantitative traders in highly liquid markets, they often talk about this Red Queen principle that they have to keep innovating and researching just to stay in place, just to stay equally competitive with their peers. Do you find the same in sort of the less liquid OTC market?",
    "segments": [
        {
            "id": 0,
            "seek": 0,
            "start": 0.0,
            "end": 14.4,
            "text": " When you talk to quantitative traders in highly liquid markets, they often talk about this Red Queen principle that they have to keep innovating and researching just to stay in place, just to stay equally competitive with their peers.",
            "tokens": [
                50365,
                1133,
                291,
                751,
                281,
                27778,
                26014,
                294,
                5405,
                6553,
                8383,
                11,
                436,
                2049,
                751,
                466,
                341,
                4477,
                10077,
                8665,
                300,
                436,
                362,
                281,
                1066,
                5083,
                990,
                293,
                24176,
                445,
                281,
                1754,
                294,
                1081,
                11,
                445,
                281,
                1754,
                12309,
                10043,
                365,
                641,
                16739,
                13,
                51092
            ],
            "temperature": 0.0,
            "avg_logprob": -0.091537354484437,
            "compression_ratio": 1.5,
            "no_speech_prob": 0.00010720494174165651,
            "words": [
                {
                    "word": " When",
                    "start": 0.0,
                    "end": 0.08,
                    "probability": 0.9379898309707642
                },
                {
                    "word": " you",
                    "start": 0.08,
                    "end": 0.12,
                    "probability": 0.9999313354492188
                },
                {
                    "word": " talk",
                    "start": 0.12,
                    "end": 0.34,
                    "probability": 0.9999016523361206
                },
                {
                    "word": " to",
                    "start": 0.34,
                    "end": 0.56,
                    "probability": 0.9999531507492065
                },
                {
                    "word": " quantitative",
                    "start": 0.56,
                    "end": 1.36,
                    "probability": 0.9985912442207336
                },
                {
                    "word": " traders",
                    "start": 1.36,
                    "end": 1.94,
                    "probability": 0.9996856451034546
                },
                {
                    "word": " in",
                    "start": 1.94,
                    "end": 2.8,
                    "probability": 0.9978216886520386
                },
                {
                    "word": " highly",
                    "start": 2.8,
                    "end": 3.46,
                    "probability": 0.9993834495544434
                },
                {
                    "word": " liquid",
                    "start": 3.46,
                    "end": 3.98,
                    "probability": 0.9971365928649902
                },
                {
                    "word": " markets,",
                    "start": 3.98,
                    "end": 4.46,
                    "probability": 0.9997825026512146
                },
                {
                    "word": " they",
                    "start": 4.74,
                    "end": 4.9,
                    "probability": 0.9997602105140686
                },
                {
                    "word": " often",
                    "start": 4.9,
                    "end": 5.12,
                    "probability": 0.9997023940086365
                },
                {
                    "word": " talk",
                    "start": 5.12,
                    "end": 5.5,
                    "probability": 0.9998482465744019
                },
                {
                    "word": " about",
                    "start": 5.5,
                    "end": 5.76,
                    "probability": 0.9998921155929565
                },
                {
                    "word": " this",
                    "start": 5.76,
                    "end": 5.88,
                    "probability": 0.9997238516807556
                },
                {
                    "word": " Red",
                    "start": 5.88,
                    "end": 6.08,
                    "probability": 0.7465956211090088
                },
                {
                    "word": " Queen",
                    "start": 6.08,
                    "end": 6.32,
                    "probability": 0.9990829229354858
                },
                {
                    "word": " principle",
                    "start": 6.32,
                    "end": 6.84,
                    "probability": 0.9587645530700684
                },
                {
                    "word": " that",
                    "start": 6.84,
                    "end": 7.36,
                    "probability": 0.6172444820404053
                },
                {
                    "word": " they",
                    "start": 7.36,
                    "end": 7.56,
                    "probability": 0.99985671043396
                },
                {
                    "word": " have",
                    "start": 7.56,
                    "end": 7.68,
                    "probability": 0.9999216794967651
                },
                {
                    "word": " to",
                    "start": 7.68,
                    "end": 7.86,
                    "probability": 0.9998815059661865
                },
                {
                    "word": " keep",
                    "start": 7.86,
                    "end": 8.04,
                    "probability": 0.9999052286148071
                },
                {
                    "word": " innovating",
                    "start": 8.04,
                    "end": 8.84,
                    "probability": 0.9997569620609283
                },
                {
                    "word": " and",
                    "start": 8.84,
                    "end": 9.14,
                    "probability": 0.9994499087333679
                },
                {
                    "word": " researching",
                    "start": 9.14,
                    "end": 9.6,
                    "probability": 0.9998015761375427
                },
                {
                    "word": " just",
                    "start": 9.6,
                    "end": 10.24,
                    "probability": 0.9988671541213989
                },
                {
                    "word": " to",
                    "start": 10.24,
                    "end": 10.48,
                    "probability": 0.999640941619873
                },
                {
                    "word": " stay",
                    "start": 10.48,
                    "end": 10.78,
                    "probability": 0.9996229410171509
                },
                {
                    "word": " in",
                    "start": 10.78,
                    "end": 11.5,
                    "probability": 0.9993913173675537
                },
                {
                    "word": " place,",
                    "start": 11.5,
                    "end": 11.74,