{
    "text": " Thank you.",
    "segments": [
        {
            "id": 0,
            "seek": 0,
            "start": 0.0,
            "end": 0.28,
            "text": " Thank you.",
            "tokens": [
                50365,
                1044,
                291,
                13,
                50397
            ],
            "temperature": 0.0,
            "avg_logprob": -0.06310650706291199,
            "compression_ratio": 0.5555555555555556,
            "no_speech_prob": 0.017720546573400497,
            "words": [
                {
                    "word": " Thank",
                    "start": 0.0,
                    "end": 0.2,
                    "probability": 0.8187565803527832
                },
                {
                    "word": " you.",
                    "start": 0.2,
                    "end": 0.28,
                    "probability": 0.9949138164520264
                }
            ]
        }
    ],
    "language": "en"
}