{
    "text": " into, you know,",
    "segments": [
        {
            "id": 0,
            "seek": 0,
            "start": 0.12000000000000005,
            "end": 0.2,
            "text": " into,",
            "tokens": [
                50365,
                666,
                11,
                50379
            ],
            "temperature": 0.0,
            "avg_logprob": -0.33271744251251223,
            "compression_ratio": 0.6521739130434783,
            "no_speech_prob": 0.00560051528736949,
            "words": [
                {
                    "word": " into,",
                    "start": 0.12000000000000005,
                    "end": 0.2,
                    "probability": 0.46827980875968933
                }
            ]
        },
        {
            "id": 1,
            "seek": 0,
            "start": 0.32000000000000006,
            "end": 0.44,
            "text": " you know,",
            "tokens": [
                50384,
                291,
                458,
                11,
                50392
            ],
            "temperature": 0.0,
            "avg_logprob": -0.33271744251251223,
            "compression_ratio": 0.6521739130434783,
            "no_speech_prob": 0.00560051528736949,
            "words": [
                {
                    "word": " you",
                    "start": 0.32000000000000006,
                    "end": 0.4,
                    "probability": 0.9546576142311096
                },
                {
                    "word": " know,",
                    "start": 0.4,
                    "end": 0.44,
                    "probability": 0.9997410178184509
                }
            ]
        }
    ],
    "language": "en"
}