{
    "text": " you",
    "segments": [
        {
            "id": 0,
            "seek": 0,
            "start": 0.0,
            "end": 0.08,
            "text": " you",
            "tokens": [
                50365,
                291,
                50465
            ],
            "temperature": 0.0,
            "avg_logprob": -0.8472047448158264,
            "compression_ratio": 0.2727272727272727,
            "no_speech_prob": 0.5330747961997986,
            "words": [
                {
                    "word": " you",
                    "start": 0.0,
                    "end": 0.08,
                    "probability": 0.1001054123044014
                }
            ]
        }
    ],
    "language": "en"
}