{
    "text": " So can you talk",
    "segments": [
        {
            "id": 0,
            "seek": 0,
            "start": 0.0,
            "end": 0.52,
            "text": " So can you talk",
            "tokens": [
                50365,
                407,
                393,
                291,
                751,
                50401
            ],
            "temperature": 0.0,
            "avg_logprob": -0.13229402473994664,
            "compression_ratio": 0.6521739130434783,
            "no_speech_prob": 0.0015559012535959482,
            "words": [
                {
                    "word": " So",
                    "start": 0.0,
                    "end": 0.1,
                    "probability": 0.7467111945152283
                },
                {
                    "word": " can",
                    "start": 0.1,
                    "end": 0.18,
                    "probability": 0.8591322898864746
                },
                {
                    "word": " you",
                    "start": 0.18,
                    "end": 0.3,
                    "probability": 0.9997691512107849
                },
                {
                    "word": " talk",
                    "start": 0.3,
                    "end": 0.52,
                    "probability": 0.9976195693016052
                }
            ]
        }
    ],
    "language": "en"
}