{
    "text": " more",
    "segments": [
        {
            "id": 0,
            "seek": 0,
            "start": 0.0,
            "end": 0.22,
            "text": " more",
            "tokens": [
                50365,
                544,
                50384
            ],
            "temperature": 0.0,
            "avg_logprob": -0.18450111150741577,
            "compression_ratio": 0.3333333333333333,
            "no_speech_prob": 0.17975549399852753,
            "words": [
                {
                    "word": " more",
                    "start": 0.0,
                    "end": 0.22,
                    "probability": 0.7589752674102783
                }
            ]
        }
    ],
    "language": "en"
}