{
    "text": " you",
    "segments": [
        {
            "id": 0,
            "seek": 0,
            "start": -0.02,
            "end": 0.0,
            "text": " you",
            "tokens": [
                50365,
                291,
                50369
            ],
            "temperature": 0.0,
            "avg_logprob": -0.957824170589447,
            "compression_ratio": 0.2727272727272727,
            "no_speech_prob": 0.9501509070396423,
            "words": [
                {
                    "word": " you",
                    "start": -0.02,
                    "end": 0.0,
                    "probability": 0.2846616506576538
                }
            ]
        }
    ],
    "language": "en"
}