{
    "text": " Daddy.",
    "segments": [
        {
            "id": 0,
            "seek": 0,
            "start": 0.0,
            "end": 0.16,
            "text": " Daddy.",
            "tokens": [
                50365,
                15323,
                13,
                50377
            ],
            "temperature": 0.0,
            "avg_logprob": -0.44644870758056643,
            "compression_ratio": 0.42857142857142855,
            "no_speech_prob": 0.13658280670642853,
            "words": [
                {
                    "word": " Daddy.",
                    "start": 0.0,
                    "end": 0.16,
                    "probability": 0.5533580183982849
                }
            ]
        }
    ],
    "language": "en"
}