{
    "text": " Can you talk a little bit about how classic finance theory has solved the single versus multi period optimization problem? And why that this classic approach breaks down when we start to introduce things like wealth targets and investment horizons and asymmetric preferences?",
    "segments": [
        {
            "id": 0,
            "seek": 0,
            "start": 0.0,
            "end": 16.96,
            "text": " Can you talk a little bit about how classic finance theory has solved the single versus multi period optimization problem? And why that this classic approach breaks down when we start to introduce things like wealth targets and investment horizons and asymmetric preferences?",
            "tokens": [
                50365,
                1664,
                291,
                751,
                257,
                707,
                857,
                466,
                577,
                7230,
                10719,
                5261,
                575,
                13041,
                264,
                2167,
                5717,
                4825,
                2896,
                19618,
                1154,
                30,
                400,
                983,
                300,
                341,
                7230,
                3109,
                9857,
                760,
                562,
                321,
                722,
                281,
                5366,
                721,
                411,
                7203,
                12911,
                293,
                6078,
                7937,
                892,
                293,
                37277,
                17475,
                21910,
                30,
                51243
            ],
            "temperature": 0.0,
            "avg_logprob": -0.11041846275329589,
            "compression_ratio": 1.4864864864864864,
            "no_speech_prob": 0.003942676354199648,
            "words": [
                {
                    "word": " Can",
                    "start": 0.0,
                    "end": 0.08,
                    "probability": 0.6045213341712952
                },
                {
                    "word": " you",
                    "start": 0.08,
                    "end": 0.14,
                    "probability": 0.9982069730758667
                },
                {
                    "word": " talk",
                    "start": 0.14,
                    "end": 0.3,
                    "probability": 0.9990153312683105
                },
                {
                    "word": " a",
                    "start": 0.3,
                    "end": 0.42,
                    "probability": 0.9985477328300476
                },
                {
                    "word": " little",
                    "start": 0.42,
                    "end": 0.56,
                    "probability": 0.9989070892333984
                },
                {
                    "word": " bit",
                    "start": 0.56,
                    "end": 0.76,
                    "probability": 0.9978748559951782
                },
                {
                    "word": " about",
                    "start": 0.76,
                    "end": 1.02,
                    "probability": 0.9991027116775513
                },
                {
                    "word": " how",
                    "start": 1.02,
                    "end": 1.32,
                    "probability": 0.9983626008033752
                },
                {
                    "word": " classic",
                    "start": 1.32,
                    "end": 1.96,
                    "probability": 0.9506303071975708
                },
                {
                    "word": " finance",
                    "start": 1.96,
                    "end": 2.38,
                    "probability": 0.9938888549804688
                },
                {
                    "word": " theory",
                    "start": 2.38,
                    "end": 2.8,
                    "probability": 0.9975786805152893
                },
                {
                    "word": " has",
                    "start": 2.8,
                    "end": 3.14,
                    "probability": 0.9986414313316345
                },
                {
                    "word": " solved",
                    "start": 3.14,
                    "end": 3.6,
                    "probability": 0.9973064661026001
                },
                {
                    "word": " the",
                    "start": 3.6,
                    "end": 4.22,
                    "probability": 0.9821127653121948
                },
                {
                    "word": " single",
                    "start": 4.22,
                    "end": 4.6,
                    "probability": 0.9869562387466431
                },
                {
                    "word": " versus",
                    "start": 4.6,
                    "end": 5.06,
                    "probability": 0.9567916989326477
                },
                {
                    "word": " multi",
                    "start": 5.06,
                    "end": 5.48,
                    "probability": 0.9849900603294373
                },
                {
                    "word": " period",
                    "start": 5.48,
                    "end": 5.86,
                    "probability": 0.5436199903488159
                },
                {
                    "word": " optimization",
                    "start": 5.86,
                    "end": 6.34,
                    "probability": 0.9863389730453491
                },
                {
                    "word": " problem?",
                    "start": 6.34,
                    "end": 7.14,
                    "probability": 0.9975897073745728
                },
                {
                    "word": " And",
                    "start": 7.3,
                    "end": 8.06,
                    "probability": 0.9885996580123901
                },
                {
                    "word": " why",
                    "start": 8.06,
                    "end": 8.32,
                    "probability": 0.9989987015724182
                },
                {
                    "word": " that",
                    "start": 8.32,
                    "end": 8.86,
                    "probability": 0.9815525412559509
                },
                {
                    "word": " this",
                    "start": 8.86,
                    "end": 9.46,
                    "probability": 0.3715434670448303
                },
                {
                    "word": " classic",
                    "start": 9.46,
                    "end": 10.1,
                    "probability": 0.9983314871788025
                },
                {
                    "word": " approach",
                    "start": 10.1,
                    "end": 10.58,
                    "probability": 0.9996590614318848
                },
                {
                    "word": " breaks",
                    "start": 10.58,
                    "end": 11.08,
                    "probability": 0.9981048107147217
                },
                {
                    "word": " down",
                    "start": 11.08,
                    "end": 11.42,
                    "probability": 0.9996670484542847
                },
                {
                    "word": " when",
                    "start": 11.42,
                    "end": 11.72,
                    "probability": 0.9758054614067078
                },
                {
                    "word": " we",
                    "start": 11.72,
                    "end": 11.86,
                    "probability": 0.9995402097702026
                },
                {
                    "word": " start",