{
    "text": " So maybe to put a bow on all this, you can walk us through an example of how the same financial planning inputs put into a traditional process could lead to a dramatically different output from the portfolio you arrive at versus what you might arrive at and going through NEBO.",
    "segments": [
        {
            "id": 0,
            "seek": 0,
            "start": 0.0,
            "end": 19.96,
            "text": " So maybe to put a bow on all this, you can walk us through an example of how the same financial planning inputs put into a traditional process could lead to a dramatically different output from the portfolio you arrive at versus what you might arrive at and going through NEBO.",
            "tokens": [
                50365,
                407,
                1310,
                281,
                829,
                257,
                4503,
                322,
                439,
                341,
                11,
                291,
                393,
                1792,
                505,
                807,
                364,
                1365,
                295,
                577,
                264,
                912,
                4669,
                5038,
                15743,
                829,
                666,
                257,
                5164,
                1399,
                727,
                1477,
                281,
                257,
                17548,
                819,
                5598,
                490,
                264,
                12583,
                291,
                8881,
                412,
                5717,
                437,
                291,
                1062,
                8881,
                412,
                293,
                516,
                807,
                12384,
                15893,
                13,
                51379
            ],
            "temperature": 0.0,
            "avg_logprob": -0.05928790360166315,
            "compression_ratio": 1.481283422459893,
            "no_speech_prob": 0.0004654087533708662,
            "words": [
                {
                    "word": " So",
                    "start": 0.0,
                    "end": 0.1,
                    "probability": 0.7882623672485352
                },
                {
                    "word": " maybe",
                    "start": 0.1,
                    "end": 0.24,
                    "probability": 0.9177524447441101
                },
                {
                    "word": " to",
                    "start": 0.24,
                    "end": 0.36,
                    "probability": 0.9931218028068542
                },
                {
                    "word": " put",
                    "start": 0.36,
                    "end": 0.5,
                    "probability": 0.9994856119155884
                },
                {
                    "word": " a",
                    "start": 0.5,
                    "end": 0.64,
                    "probability": 0.9995648264884949
                },
                {
                    "word": " bow",
                    "start": 0.64,
                    "end": 0.84,
                    "probability": 0.9952220320701599
                },
                {
                    "word": " on",
                    "start": 0.84,
                    "end": 1.08,
                    "probability": 0.9978043437004089
                },
                {
                    "word": " all",
                    "start": 1.08,
                    "end": 1.22,
                    "probability": 0.9974606037139893
                },
                {
                    "word": " this,",
                    "start": 1.22,
                    "end": 1.54,
                    "probability": 0.9795446991920471
                },
                {
                    "word": " you",
                    "start": 1.64,
                    "end": 2.5,
                    "probability": 0.995846688747406
                },
                {
                    "word": " can",
                    "start": 2.5,
                    "end": 2.86,
                    "probability": 0.9996024966239929
                },
                {
                    "word": " walk",
                    "start": 2.86,
                    "end": 3.62,
                    "probability": 0.9994649291038513
                },
                {
                    "word": " us",
                    "start": 3.62,
                    "end": 3.82,
                    "probability": 0.9992966651916504
                },
                {
                    "word": " through",
                    "start": 3.82,
                    "end": 4.16,
                    "probability": 0.99958735704422
                },
                {
                    "word": " an",
                    "start": 4.16,
                    "end": 4.5,
                    "probability": 0.998359739780426
                },
                {
                    "word": " example",
                    "start": 4.5,
                    "end": 4.98,
                    "probability": 0.999691367149353
                },
                {
                    "word": " of",
                    "start": 4.98,
                    "end": 5.44,
                    "probability": 0.9989734888076782
                },
                {
                    "word": " how",
                    "start": 5.44,
                    "end": 5.8,
                    "probability": 0.9995331764221191
                },
                {
                    "word": " the",
                    "start": 5.8,
                    "end": 6.8,
                    "probability": 0.9972802400588989
                },
                {
                    "word": " same",
                    "start": 6.8,
                    "end": 7.16,
                    "probability": 0.9996353387832642
                },
                {
                    "word": " financial",
                    "start": 7.16,
                    "end": 7.92,
                    "probability": 0.9956771731376648
                },
                {
                    "word": " planning",
                    "start": 7.92,
                    "end": 8.56,
                    "probability": 0.9987432360649109
                },
                {
                    "word": " inputs",
                    "start": 8.56,
                    "end": 9.12,
                    "probability": 0.9895756244659424
                },
                {
                    "word": " put",
                    "start": 9.12,
                    "end": 9.58,
                    "probability": 0.9926436543464661
                },
                {
                    "word": " into",
                    "start": 9.58,
                    "end": 9.88,
                    "probability": 0.9992551207542419
                },
                {
                    "word": " a",
                    "start": 9.88,
                    "end": 10.06,
                    "probability": 0.9995367527008057
                },
                {
                    "word": " traditional",
                    "start": 10.06,
                    "end": 10.46,
                    "probability": 0.9991284012794495
                },
                {
                    "word": " process",
                    "start": 10.46,
                    "end": 11.06,
                    "probability": 0.9989103078842163
                },
                {
                    "word": " could",
                    "start": 11.06,
                    "end": 11.52,
                    "probability": 0.994658887386322
                },
                {
                    "word": " lead",
                    "start": 11.52,
                    "end": 11.78,