{
    "text": " Wonderful. Well, thank you.",
    "segments": [
        {
            "id": 0,
            "seek": 0,
            "start": 0.0,
            "end": 0.9,
            "text": " Wonderful. Well, thank you.",
            "tokens": [
                50365,
                22768,
                13,
                1042,
                11,
                1309,
                291,
                13,
                50420
            ],
            "temperature": 0.0,
            "avg_logprob": -0.10114589929580689,
            "compression_ratio": 0.7714285714285715,
            "no_speech_prob": 0.0012443790910765529,
            "words": [
                {
                    "word": " Wonderful.",
                    "start": 0.0,
                    "end": 0.32,
                    "probability": 0.9748278260231018
                },
                {
                    "word": " Well,",
                    "start": 0.36,
                    "end": 0.54,
                    "probability": 0.9949055910110474
                },
                {
                    "word": " thank",
                    "start": 0.6,
                    "end": 0.74,
                    "probability": 0.9998214840888977
                },
                {
                    "word": " you.",
                    "start": 0.74,
                    "end": 0.9,
                    "probability": 0.9999414682388306
                }
            ]
        }
    ],
    "language": "en"
}