{
    "text": " Thank you.",
    "segments": [
        {
            "id": 0,
            "seek": 0,
            "start": 0.0,
            "end": 0.24,
            "text": " Thank you.",
            "tokens": [
                50365,
                1044,
                291,
                13,
                50472
            ],
            "temperature": 0.0,
            "avg_logprob": -0.7479290167490641,
            "compression_ratio": 0.5555555555555556,
            "no_speech_prob": 0.8124666213989258,
            "words": [
                {
                    "word": " Thank",
                    "start": 0.0,
                    "end": 0.24,
                    "probability": 0.09827547520399094
                },
                {
                    "word": " you.",
                    "start": 0.24,
                    "end": 0.24,
                    "probability": 0.997502863407135
                }
            ]
        }
    ],
    "language": "en"
}