{
    "text": " In the future.",
    "segments": [
        {
            "id": 0,
            "seek": 0,
            "start": 0.0,
            "end": 0.34,
            "text": " In the future.",
            "tokens": [
                50365,
                682,
                264,
                2027,
                13,
                50387
            ],
            "temperature": 0.0,
            "avg_logprob": -0.15696854250771658,
            "compression_ratio": 0.6363636363636364,
            "no_speech_prob": 0.000621017359662801,
            "words": [
                {
                    "word": " In",
                    "start": 0.0,
                    "end": 0.12,
                    "probability": 0.6558125615119934
                },
                {
                    "word": " the",
                    "start": 0.12,
                    "end": 0.2,
                    "probability": 0.9938534498214722
                },
                {
                    "word": " future.",
                    "start": 0.2,
                    "end": 0.34,
                    "probability": 0.9956627488136292
                }
            ]
        }
    ],
    "language": "en"
}