{
    "text": " is",
    "segments": [
        {
            "id": 0,
            "seek": 0,
            "start": 0.0,
            "end": 0.08,
            "text": " is",
            "tokens": [
                50365,
                307,
                50371
            ],
            "temperature": 0.0,
            "avg_logprob": -0.340459406375885,
            "compression_ratio": 0.2,
            "no_speech_prob": 0.21665456891059875,
            "words": [
                {
                    "word": " is",
                    "start": 0.0,
                    "end": 0.08,
                    "probability": 0.28187990188598633
                }
            ]
        }
    ],
    "language": "en"
}