{
    "text": " before the class.",
    "segments": [
        {
            "id": 0,
            "seek": 0,
            "start": 0.0,
            "end": 0.46,
            "text": " before the class.",
            "tokens": [
                50365,
                949,
                264,
                1508,
                13,
                50400
            ],
            "temperature": 0.0,
            "avg_logprob": -0.20034047535487584,
            "compression_ratio": 0.68,
            "no_speech_prob": 0.019139261916279793,
            "words": [
                {
                    "word": " before",
                    "start": 0.0,
                    "end": 0.2,
                    "probability": 0.7168834805488586
                },
                {
                    "word": " the",
                    "start": 0.2,
                    "end": 0.4,
                    "probability": 0.9934578537940979
                },
                {
                    "word": " class.",
                    "start": 0.4,
                    "end": 0.46,
                    "probability": 0.3719983398914337
                }
            ]
        }
    ],
    "language": "en"
}