{
    "text": " house.",
    "segments": [
        {
            "id": 0,
            "seek": 0,
            "start": 0.0,
            "end": 0.18,
            "text": " house.",
            "tokens": [
                50365,
                1782,
                13,
                50380
            ],
            "temperature": 0.0,
            "avg_logprob": -0.8970822334289551,
            "compression_ratio": 0.42857142857142855,
            "no_speech_prob": 0.7560616731643677,
            "words": [
                {
                    "word": " house.",
                    "start": 0.0,
                    "end": 0.18,
                    "probability": 0.02645651064813137
                }
            ]
        }
    ],
    "language": "en"
}