{
    "text": " Well, I think this is what you were alluding to in our pre-call when you said that you thought you could demonstrably show that it was theoretically impossible for the Fed to even control inflation at all.",
    "segments": [
        {
            "id": 0,
            "seek": 0,
            "start": 0.0,
            "end": 11.4,
            "text": " Well, I think this is what you were alluding to in our pre-call when you said that you thought you could demonstrably show that it was theoretically impossible for the Fed to even control inflation at all.",
            "tokens": [
                50365,
                1042,
                11,
                286,
                519,
                341,
                307,
                437,
                291,
                645,
                439,
                33703,
                281,
                294,
                527,
                659,
                12,
                45459,
                562,
                291,
                848,
                300,
                291,
                1194,
                291,
                727,
                5516,
                5305,
                356,
                855,
                300,
                309,
                390,
                29400,
                6243,
                337,
                264,
                7772,
                281,
                754,
                1969,
                15860,
                412,
                439,
                13,
                50946
            ],
            "temperature": 0.0,
            "avg_logprob": -0.08544443008747507,
            "compression_ratio": 1.404109589041096,
            "no_speech_prob": 0.0015010233037173748,
            "words": [
                {
                    "word": " Well,",
                    "start": 0.0,
                    "end": 0.08,
                    "probability": 0.5449447631835938
                },
                {
                    "word": " I",
                    "start": 0.1,
                    "end": 0.12,
                    "probability": 0.9997963309288025
                },
                {
                    "word": " think",
                    "start": 0.12,
                    "end": 0.26,
                    "probability": 0.9999872446060181
                },
                {
                    "word": " this",
                    "start": 0.26,
                    "end": 0.36,
                    "probability": 0.9999493360519409
                },
                {
                    "word": " is",
                    "start": 0.36,
                    "end": 0.5,
                    "probability": 0.9999864101409912
                },
                {
                    "word": " what",
                    "start": 0.5,
                    "end": 0.68,
                    "probability": 0.9999831914901733
                },
                {
                    "word": " you",
                    "start": 0.68,
                    "end": 1.04,
                    "probability": 0.9999854564666748
                },
                {
                    "word": " were",
                    "start": 1.04,
                    "end": 1.32,
                    "probability": 0.9999916553497314
                },
                {
                    "word": " alluding",
                    "start": 1.32,
                    "end": 2.06,
                    "probability": 0.9999501705169678
                },
                {
                    "word": " to",
                    "start": 2.06,
                    "end": 2.28,
                    "probability": 0.9999573230743408
                },
                {
                    "word": " in",
                    "start": 2.28,
                    "end": 2.84,
                    "probability": 0.9987642765045166
                },
                {
                    "word": " our",
                    "start": 2.84,
                    "end": 3.0,
                    "probability": 0.9999631643295288
                },
                {
                    "word": " pre",
                    "start": 3.0,
                    "end": 3.3,
                    "probability": 0.9813951849937439
                },
                {
                    "word": "-call",
                    "start": 3.3,
                    "end": 3.54,
                    "probability": 0.9813252985477448
                },
                {
                    "word": " when",
                    "start": 3.54,
                    "end": 3.82,
                    "probability": 0.9858992099761963
                },
                {
                    "word": " you",
                    "start": 3.82,
                    "end": 4.04,
                    "probability": 0.9999773502349854
                },
                {
                    "word": " said",
                    "start": 4.04,
                    "end": 4.38,
                    "probability": 0.9999115467071533
                },
                {
                    "word": " that",
                    "start": 4.38,
                    "end": 4.74,
                    "probability": 0.9994916915893555
                },
                {
                    "word": " you",
                    "start": 4.74,
                    "end": 5.16,
                    "probability": 0.9973950386047363
                },
                {
                    "word": " thought",
                    "start": 5.16,
                    "end": 5.36,
                    "probability": 0.998363196849823
                },
                {
                    "word": " you",
                    "start": 5.36,
                    "end": 5.54,
                    "probability": 0.9982946515083313
                },
                {
                    "word": " could",
                    "start": 5.54,
                    "end": 5.78,
                    "probability": 0.9998413324356079
                },
                {
                    "word": " demonstrably",
                    "start": 5.78,
                    "end": 6.72,
                    "probability": 0.9997570117314657
                },
                {
                    "word": " show",
                    "start": 6.72,
                    "end": 6.96,
                    "probability": 0.9999202489852905
                },
                {
                    "word": " that",
                    "start": 6.96,
                    "end": 7.2,
                    "probability": 0.999862551689148
                },
                {
                    "word": " it",
                    "start": 7.2,
                    "end": 7.3,
                    "probability": 0.9998608827590942
                },
                {
                    "word": " was",
                    "start": 7.3,
                    "end": 7.42,
                    "probability": 0.9998782873153687
                },
                {
                    "word": " theoretically",
                    "start": 7.42,
                    "end": 7.9,
                    "probability": 0.9997730851173401
                },
                {
                    "word": " impossible",
                    "start": 7.9,
                    "end": 8.28,
                    "probability": 0.9998507499694824
                },
                {
                    "word": " for",
                    "start": 8.28,
                    "end": 8.78,
                    "probability": 0.9998948574066162
                },
                {
                    "word": " the",
                    "start": 8.78,
                    "end": 8.88,
                    "probability": 0.9998422861099243
                },
                {
                    "word": " Fed",
                    "start": 8.88,
                    "end": 9.12,