{
    "text": " Oh, yeah.",
    "segments": [
        {
            "id": 0,
            "seek": 0,
            "start": 0.0,
            "end": 0.28,
            "text": " Oh, yeah.",
            "tokens": [
                50365,
                876,
                11,
                1338,
                13,
                50383
            ],
            "temperature": 0.0,
            "avg_logprob": -0.24298592976161412,
            "compression_ratio": 0.5294117647058824,
            "no_speech_prob": 0.026250595226883888,
            "words": [
                {
                    "word": " Oh,",
                    "start": 0.0,
                    "end": 0.12,
                    "probability": 0.9611825346946716
                },
                {
                    "word": " yeah.",
                    "start": 0.12,
                    "end": 0.28,
                    "probability": 0.9949278831481934
                }
            ]
        }
    ],
    "language": "en"
}