{
    "text": " Absolutely.",
    "segments": [
        {
            "id": 0,
            "seek": 0,
            "start": 0.0,
            "end": 0.1,
            "text": " Absolutely.",
            "tokens": [
                50365,
                7021,
                13,
                50372
            ],
            "temperature": 0.0,
            "avg_logprob": -0.5669466972351074,
            "compression_ratio": 0.5789473684210527,
            "no_speech_prob": 0.49559497833251953,
            "words": [
                {
                    "word": " Absolutely.",
                    "start": 0.0,
                    "end": 0.1,
                    "probability": 0.08324568718671799
                }
            ]
        }
    ],
    "language": "en"
}