{
    "text": " as it should be.",
    "segments": [
        {
            "id": 0,
            "seek": 0,
            "start": 0.0,
            "end": 0.3,
            "text": " as it should be.",
            "tokens": [
                50365,
                382,
                309,
                820,
                312,
                13,
                50387
            ],
            "temperature": 0.0,
            "avg_logprob": -0.10839103162288666,
            "compression_ratio": 0.6666666666666666,
            "no_speech_prob": 0.014493992552161217,
            "words": [
                {
                    "word": " as",
                    "start": 0.0,
                    "end": 0.14,
                    "probability": 0.5837387442588806
                },
                {
                    "word": " it",
                    "start": 0.14,
                    "end": 0.14,
                    "probability": 0.979490339756012
                },
                {
                    "word": " should",
                    "start": 0.14,
                    "end": 0.26,
                    "probability": 0.9849575757980347
                },
                {
                    "word": " be.",
                    "start": 0.26,
                    "end": 0.3,
                    "probability": 0.9230468273162842
                }
            ]
        }
    ],
    "language": "en"
}