{
    "text": " Okay.",
    "segments": [
        {
            "id": 0,
            "seek": 0,
            "start": 0.0,
            "end": 0.02,
            "text": " Okay.",
            "tokens": [
                50365,
                1033,
                13,
                50368
            ],
            "temperature": 0.0,
            "avg_logprob": -0.934604263305664,
            "compression_ratio": 0.38461538461538464,
            "no_speech_prob": 0.9377887845039368,
            "words": [
                {
                    "word": " Okay.",
                    "start": 0.0,
                    "end": 0.02,
                    "probability": 0.13574248552322388
                }
            ]
        }
    ],
    "language": "en"
}