{
    "text": " So I did.",
    "segments": [
        {
            "id": 0,
            "seek": 0,
            "start": 0.0,
            "end": 0.3,
            "text": " So I did.",
            "tokens": [
                50365,
                407,
                286,
                630,
                13,
                50397
            ],
            "temperature": 0.0,
            "avg_logprob": -0.031996765307017734,
            "compression_ratio": 0.5294117647058824,
            "no_speech_prob": 0.003558929543942213,
            "words": [
                {
                    "word": " So",
                    "start": 0.0,
                    "end": 0.08,
                    "probability": 0.9273022413253784
                },
                {
                    "word": " I",
                    "start": 0.08,
                    "end": 0.12,
                    "probability": 0.9722945094108582
                },
                {
                    "word": " did.",
                    "start": 0.12,
                    "end": 0.3,
                    "probability": 0.9996639490127563
                }
            ]
        }
    ],
    "language": "en"
}