{
    "text": " Keeping in mind that this is a long-term model and one that I think you would sort of seek to be coarsely correct directionally and probably not expecting exact numerical precision on, to your point, the exact return level. But are there any refinements that you've made over the last decade from lessons learned in putting this to work?",
    "segments": [
        {
            "id": 0,
            "seek": 0,
            "start": 0.0,
            "end": 13.44,
            "text": " Keeping in mind that this is a long-term model and one that I think you would sort of seek to be coarsely correct directionally and probably not expecting exact numerical precision on, to your point, the exact return level.",
            "tokens": [
                50365,
                30187,
                294,
                1575,
                300,
                341,
                307,
                257,
                938,
                12,
                7039,
                2316,
                293,
                472,
                300,
                286,
                519,
                291,
                576,
                1333,
                295,
                8075,
                281,
                312,
                598,
                685,
                736,
                3006,
                3513,
                379,
                293,
                1391,
                406,
                9650,
                1900,
                29054,
                18356,
                322,
                11,
                281,
                428,
                935,
                11,
                264,
                1900,
                2736,
                1496,
                13,
                51042
            ],
            "temperature": 0.0,
            "avg_logprob": -0.06800589243570963,
            "compression_ratio": 1.5458715596330275,
            "no_speech_prob": 0.00011958804680034518,
            "words": [
                {
                    "word": " Keeping",
                    "start": 0.0,
                    "end": 0.26,
                    "probability": 0.6184929609298706
                },
                {
                    "word": " in",
                    "start": 0.26,
                    "end": 0.36,
                    "probability": 0.9997838139533997
                },
                {
                    "word": " mind",
                    "start": 0.36,
                    "end": 0.58,
                    "probability": 0.9998538494110107
                },
                {
                    "word": " that",
                    "start": 0.58,
                    "end": 0.72,
                    "probability": 0.9983231425285339
                },
                {
                    "word": " this",
                    "start": 0.72,
                    "end": 0.92,
                    "probability": 0.9994508624076843
                },
                {
                    "word": " is",
                    "start": 0.92,
                    "end": 1.14,
                    "probability": 0.9995550513267517
                },
                {
                    "word": " a",
                    "start": 1.14,
                    "end": 1.44,
                    "probability": 0.9997493624687195
                },
                {
                    "word": " long",
                    "start": 1.44,
                    "end": 1.82,
                    "probability": 0.9994075298309326
                },
                {
                    "word": "-term",
                    "start": 1.82,
                    "end": 2.24,
                    "probability": 0.751943439245224
                },
                {
                    "word": " model",
                    "start": 2.24,
                    "end": 2.78,
                    "probability": 0.9995095729827881
                },
                {
                    "word": " and",
                    "start": 2.78,
                    "end": 3.24,
                    "probability": 0.7173774838447571
                },
                {
                    "word": " one",
                    "start": 3.24,
                    "end": 3.46,
                    "probability": 0.999062716960907
                },
                {
                    "word": " that",
                    "start": 3.46,
                    "end": 3.66,
                    "probability": 0.9987278580665588
                },
                {
                    "word": " I",
                    "start": 3.66,
                    "end": 3.8,
                    "probability": 0.9945691823959351
                },
                {
                    "word": " think",
                    "start": 3.8,
                    "end": 4.22,
                    "probability": 0.9144217371940613
                },
                {
                    "word": " you",
                    "start": 4.22,
                    "end": 4.44,
                    "probability": 0.9987497329711914
                },
                {
                    "word": " would",
                    "start": 4.44,
                    "end": 4.58,
                    "probability": 0.9991710186004639
                },
                {
                    "word": " sort",
                    "start": 4.58,
                    "end": 4.74,
                    "probability": 0.9372970461845398
                },
                {
                    "word": " of",
                    "start": 4.74,
                    "end": 4.9,
                    "probability": 0.9984557628631592
                },
                {
                    "word": " seek",
                    "start": 4.9,
                    "end": 5.38,
                    "probability": 0.9970207810401917
                },
                {
                    "word": " to",
                    "start": 5.38,
                    "end": 5.52,
                    "probability": 0.999659538269043
                },
                {
                    "word": " be",
                    "start": 5.52,
                    "end": 5.66,
                    "probability": 0.9994617104530334
                },
                {
                    "word": " coarsely",
                    "start": 5.66,
                    "end": 6.24,
                    "probability": 0.9923824667930603
                },
                {
                    "word": " correct",
                    "start": 6.24,
                    "end": 6.64,
                    "probability": 0.9764040112495422
                },
                {
                    "word": " directionally",
                    "start": 6.64,
                    "end": 7.68,
                    "probability": 0.985528290271759
                },
                {
                    "word": " and",
                    "start": 7.68,
                    "end": 7.8,
                    "probability": 0.829056978225708
                },
                {
                    "word": " probably",
                    "start": 7.8,
                    "end": 8.02,
                    "probability": 0.9997040629386902
                },
                {
                    "word": " not",
                    "start": 8.02,
                    "end": 8.32,
                    "probability": 0.999900221824646
                },
                {
                    "word": " expecting",
                    "start": 8.32,
                    "end": 8.78,
                    "probability": 0.9985212683677673
                },
                {
                    "word": " exact",
                    "start": 8.78,
                    "end": 9.5,
                    "probability": 0.995545506477356
                },
                {
                    "word": " numerical",
                    "start": 9.5,