{
    "text": " So how do you think about balancing those sort of long-term forecasts with short-term events and impacts like the corona crisis, for example, that I could imagine you could either view as sort of transient risks or they could have a permanent impact and create significant asset repricing that you need to suddenly incorporate into your views? Yeah.",
    "segments": [
        {
            "id": 0,
            "seek": 0,
            "start": 0.0,
            "end": 22.76,
            "text": " So how do you think about balancing those sort of long-term forecasts with short-term events and impacts like the corona crisis, for example, that I could imagine you could either view as sort of transient risks or they could have a permanent impact and create significant asset repricing that you need to suddenly incorporate into your views?",
            "tokens": [
                50365,
                407,
                577,
                360,
                291,
                519,
                466,
                22495,
                729,
                1333,
                295,
                938,
                12,
                7039,
                49421,
                365,
                2099,
                12,
                7039,
                3931,
                293,
                11606,
                411,
                264,
                27103,
                5869,
                11,
                337,
                1365,
                11,
                300,
                286,
                727,
                3811,
                291,
                727,
                2139,
                1910,
                382,
                1333,
                295,
                41998,
                10888,
                420,
                436,
                727,
                362,
                257,
                10996,
                2712,
                293,
                1884,
                4776,
                11999,
                1085,
                1341,
                278,
                300,
                291,
                643,
                281,
                5800,
                16091,
                666,
                428,
                6809,
                30,
                51514
            ],
            "temperature": 0.0,
            "avg_logprob": -0.11125535834325503,
            "compression_ratio": 1.5863636363636364,
            "no_speech_prob": 0.00028676536749117076,
            "words": [
                {
                    "word": " So",
                    "start": 0.0,
                    "end": 0.14,
                    "probability": 0.8736768960952759
                },
                {
                    "word": " how",
                    "start": 0.14,
                    "end": 0.28,
                    "probability": 0.8923129439353943
                },
                {
                    "word": " do",
                    "start": 0.28,
                    "end": 0.4,
                    "probability": 0.9996606111526489
                },
                {
                    "word": " you",
                    "start": 0.4,
                    "end": 0.58,
                    "probability": 0.9996046423912048
                },
                {
                    "word": " think",
                    "start": 0.58,
                    "end": 0.78,
                    "probability": 0.9997283816337585
                },
                {
                    "word": " about",
                    "start": 0.78,
                    "end": 1.02,
                    "probability": 0.9996083378791809
                },
                {
                    "word": " balancing",
                    "start": 1.02,
                    "end": 1.9,
                    "probability": 0.9987680315971375
                },
                {
                    "word": " those",
                    "start": 1.9,
                    "end": 2.38,
                    "probability": 0.9983274340629578
                },
                {
                    "word": " sort",
                    "start": 2.38,
                    "end": 2.56,
                    "probability": 0.9086453318595886
                },
                {
                    "word": " of",
                    "start": 2.56,
                    "end": 2.7,
                    "probability": 0.9994015693664551
                },
                {
                    "word": " long",
                    "start": 2.7,
                    "end": 3.16,
                    "probability": 0.9983394145965576
                },
                {
                    "word": "-term",
                    "start": 3.16,
                    "end": 3.72,
                    "probability": 0.7688116729259491
                },
                {
                    "word": " forecasts",
                    "start": 3.72,
                    "end": 4.92,
                    "probability": 0.9568312168121338
                },
                {
                    "word": " with",
                    "start": 4.92,
                    "end": 6.64,
                    "probability": 0.9904525279998779
                },
                {
                    "word": " short",
                    "start": 6.64,
                    "end": 7.92,
                    "probability": 0.9912881255149841
                },
                {
                    "word": "-term",
                    "start": 7.92,
                    "end": 8.32,
                    "probability": 0.9686920642852783
                },
                {
                    "word": " events",
                    "start": 8.32,
                    "end": 8.66,
                    "probability": 0.9993917942047119
                },
                {
                    "word": " and",
                    "start": 8.66,
                    "end": 9.06,
                    "probability": 0.9974688291549683
                },
                {
                    "word": " impacts",
                    "start": 9.06,
                    "end": 9.34,
                    "probability": 0.9994321465492249
                },
                {
                    "word": " like",
                    "start": 9.34,
                    "end": 9.96,
                    "probability": 0.8495069146156311
                },
                {
                    "word": " the",
                    "start": 9.96,
                    "end": 10.74,
                    "probability": 0.9960364699363708
                },
                {
                    "word": " corona",
                    "start": 10.74,
                    "end": 10.94,
                    "probability": 0.32478657364845276
                },
                {
                    "word": " crisis,",
                    "start": 10.94,
                    "end": 11.24,
                    "probability": 0.9982598423957825
                },
                {
                    "word": " for",
                    "start": 11.38,
                    "end": 11.68,
                    "probability": 0.9993195533752441
                },
                {
                    "word": " example,",
                    "start": 11.68,
                    "end": 12.02,
                    "probability": 0.999840497970581
                },
                {
                    "word": " that",
                    "start": 12.06,
                    "end": 12.14,
                    "probability": 0.9698809385299683
                },
                {
                    "word": " I",
                    "start": 12.14,
                    "end": 12.26,
                    "probability": 0.9929870963096619
                },
                {
                    "word": " could",
                    "start": 12.26,