{
    "text": " Or...",
    "segments": [
        {
            "id": 0,
            "seek": 0,
            "start": 0.0,
            "end": 0.08,
            "text": " Or...",
            "tokens": [
                50365,
                1610,
                485,
                50376
            ],
            "temperature": 0.0,
            "avg_logprob": -0.41155662536621096,
            "compression_ratio": 0.38461538461538464,
            "no_speech_prob": 0.015059640631079674,
            "words": [
                {
                    "word": " Or...",
                    "start": 0.0,
                    "end": 0.08,
                    "probability": 0.41028156876564026
                }
            ]
        }
    ],
    "language": "en"
}