{
    "text": " Thanks for having me.",
    "segments": [
        {
            "id": 0,
            "seek": 0,
            "start": 0.0,
            "end": 0.56,
            "text": " Thanks for having me.",
            "tokens": [
                50365,
                2561,
                337,
                1419,
                385,
                13,
                50397
            ],
            "temperature": 0.0,
            "avg_logprob": -0.1312219649553299,
            "compression_ratio": 0.7241379310344828,
            "no_speech_prob": 0.004229032900184393,
            "words": [
                {
                    "word": " Thanks",
                    "start": 0.0,
                    "end": 0.12,
                    "probability": 0.9736542701721191
                },
                {
                    "word": " for",
                    "start": 0.12,
                    "end": 0.18,
                    "probability": 0.9997143149375916
                },
                {
                    "word": " having",
                    "start": 0.18,
                    "end": 0.42,
                    "probability": 0.9999436140060425
                },
                {
                    "word": " me.",
                    "start": 0.42,
                    "end": 0.56,
                    "probability": 0.9999686479568481
                }
            ]
        }
    ],
    "language": "en"
}