{
    "text": " It always.",
    "segments": [
        {
            "id": 0,
            "seek": 0,
            "start": 0.0,
            "end": 0.12,
            "text": " It always.",
            "tokens": [
                50365,
                467,
                1009,
                13,
                50379
            ],
            "temperature": 0.0,
            "avg_logprob": -0.5406155586242676,
            "compression_ratio": 0.5555555555555556,
            "no_speech_prob": 0.053770482540130615,
            "words": [
                {
                    "word": " It",
                    "start": 0.0,
                    "end": 0.1,
                    "probability": 0.31646814942359924
                },
                {
                    "word": " always.",
                    "start": 0.1,
                    "end": 0.12,
                    "probability": 0.9620164036750793
                }
            ]
        }
    ],
    "language": "en"
}