{
    "text": " Yeah, that's perfect.",
    "segments": [
        {
            "id": 0,
            "seek": 0,
            "start": 0.0,
            "end": 0.6,
            "text": " Yeah, that's perfect.",
            "tokens": [
                50365,
                865,
                11,
                300,
                311,
                2176,
                13,
                50417
            ],
            "temperature": 0.0,
            "avg_logprob": -0.07219096687104967,
            "compression_ratio": 0.7241379310344828,
            "no_speech_prob": 0.001936019049026072,
            "words": [
                {
                    "word": " Yeah,",
                    "start": 0.0,
                    "end": 0.16,
                    "probability": 0.5506475567817688
                },
                {
                    "word": " that's",
                    "start": 0.16,
                    "end": 0.36,
                    "probability": 0.9991466403007507
                },
                {
                    "word": " perfect.",
                    "start": 0.36,
                    "end": 0.6,
                    "probability": 0.9995711445808411
                }
            ]
        }
    ],
    "language": "en"
}