{
    "text": " When we did a pre-call preparing for this interview, one of the things you said to me offhanded was that the hardest problem in high-frequency trading is, quote, conditioned on getting filled, do you still have an edge? That that question was sort of at the core of everything you look to do. What do you mean by that?",
    "segments": [
        {
            "id": 0,
            "seek": 0,
            "start": 0.0,
            "end": 14.4,
            "text": " When we did a pre-call preparing for this interview, one of the things you said to me offhanded was that the hardest problem in high-frequency trading is, quote, conditioned on getting filled, do you still have an edge?",
            "tokens": [
                50365,
                1133,
                321,
                630,
                257,
                659,
                12,
                45459,
                10075,
                337,
                341,
                4049,
                11,
                472,
                295,
                264,
                721,
                291,
                848,
                281,
                385,
                766,
                25407,
                390,
                300,
                264,
                13158,
                1154,
                294,
                1090,
                12,
                19325,
                48154,
                9529,
                307,
                11,
                6513,
                11,
                35833,
                322,
                1242,
                6412,
                11,
                360,
                291,
                920,
                362,
                364,
                4691,
                30,
                51093
            ],
            "temperature": 0.0,
            "avg_logprob": -0.12355325191835814,
            "compression_ratio": 1.5742574257425743,
            "no_speech_prob": 0.0002215859421994537,
            "words": [
                {
                    "word": " When",
                    "start": 0.0,
                    "end": 0.08,
                    "probability": 0.8303743600845337
                },
                {
                    "word": " we",
                    "start": 0.08,
                    "end": 0.22,
                    "probability": 0.9995611310005188
                },
                {
                    "word": " did",
                    "start": 0.22,
                    "end": 0.36,
                    "probability": 0.9997956156730652
                },
                {
                    "word": " a",
                    "start": 0.36,
                    "end": 0.46,
                    "probability": 0.9997839331626892
                },
                {
                    "word": " pre",
                    "start": 0.46,
                    "end": 0.78,
                    "probability": 0.9776169061660767
                },
                {
                    "word": "-call",
                    "start": 0.78,
                    "end": 1.14,
                    "probability": 0.98631352186203
                },
                {
                    "word": " preparing",
                    "start": 1.14,
                    "end": 1.84,
                    "probability": 0.9839133620262146
                },
                {
                    "word": " for",
                    "start": 1.84,
                    "end": 2.24,
                    "probability": 0.9998692274093628
                },
                {
                    "word": " this",
                    "start": 2.24,
                    "end": 2.44,
                    "probability": 0.9998921155929565
                },
                {
                    "word": " interview,",
                    "start": 2.44,
                    "end": 2.78,
                    "probability": 0.9999330043792725
                },
                {
                    "word": " one",
                    "start": 2.92,
                    "end": 3.02,
                    "probability": 0.9995337724685669
                },
                {
                    "word": " of",
                    "start": 3.02,
                    "end": 3.16,
                    "probability": 0.9999158382415771
                },
                {
                    "word": " the",
                    "start": 3.16,
                    "end": 3.24,
                    "probability": 0.9995286464691162
                },
                {
                    "word": " things",
                    "start": 3.24,
                    "end": 3.5,
                    "probability": 0.9998212456703186
                },
                {
                    "word": " you",
                    "start": 3.5,
                    "end": 3.74,
                    "probability": 0.9993459582328796
                },
                {
                    "word": " said",
                    "start": 3.74,
                    "end": 3.96,
                    "probability": 0.9998830556869507
                },
                {
                    "word": " to",
                    "start": 3.96,
                    "end": 4.12,
                    "probability": 0.9998050332069397
                },
                {
                    "word": " me",
                    "start": 4.12,
                    "end": 4.3,
                    "probability": 0.9991249442100525
                },
                {
                    "word": " offhanded",
                    "start": 4.3,
                    "end": 4.96,
                    "probability": 0.9269543290138245
                },
                {
                    "word": " was",
                    "start": 4.96,
                    "end": 5.42,
                    "probability": 0.9980636239051819
                },
                {
                    "word": " that",
                    "start": 5.42,
                    "end": 6.0,
                    "probability": 0.9990249872207642
                },
                {
                    "word": " the",
                    "start": 6.0,
                    "end": 6.76,
                    "probability": 0.9947803020477295
                },
                {
                    "word": " hardest",
                    "start": 6.76,
                    "end": 7.04,
                    "probability": 0.9996894598007202
                },
                {
                    "word": " problem",
                    "start": 7.04,
                    "end": 7.54,
                    "probability": 0.9997634291648865
                },
                {
                    "word": " in",
                    "start": 7.54,
                    "end": 7.8,
                    "probability": 0.999648928642273
                },
                {
                    "word": " high",
                    "start": 7.8,
                    "end": 8.0,
                    "probability": 0.9996103644371033
                },
                {
                    "word": "-frequency",
                    "start": 8.0,
                    "end": 8.42,
                    "probability": 0.8536641399065653
                },
                {
                    "word": " trading",
                    "start": 8.42,
                    "end": 8.86,
                    "probability": 0.9990696310997009
                },
                {
                    "word": " is,",
                    "start": 8.86,
                    "end": 9.44,
                    "probability": 0.9992893934249878
                },
                {
                    "word": " quote,",
                    "start": 9.74,
                    "end": 10.2,
                    "probability": 0.9339335560798645
                },
                {
                    "word": " conditioned",