{
    "text": " You mentioned you sort of, before you go into the three strategies, at a high level, it's sort of two components, long vol and short vol. You said about 70% long vol, 30% short vol. When you're breaking that down, is that sort of in vega notional terms is the way you think about it?",
    "segments": [
        {
            "id": 0,
            "seek": 0,
            "start": 0.0,
            "end": 12.9,
            "text": " You mentioned you sort of, before you go into the three strategies, at a high level, it's sort of two components, long vol and short vol. You said about 70% long vol, 30% short vol. When you're breaking that down, is that sort of in vega notional terms is the way you think about it?",
            "tokens": [
                50365,
                509,
                2835,
                291,
                1333,
                295,
                11,
                949,
                291,
                352,
                666,
                264,
                1045,
                9029,
                11,
                412,
                257,
                1090,
                1496,
                11,
                309,
                311,
                1333,
                295,
                732,
                6677,
                11,
                938,
                1996,
                293,
                2099,
                1996,
                13,
                509,
                848,
                466,
                5285,
                4,
                938,
                1996,
                11,
                2217,
                4,
                2099,
                1996,
                13,
                1133,
                291,
                434,
                7697,
                300,
                760,
                11,
                307,
                300,
                1333,
                295,
                294,
                1241,
                3680,
                406,
                1966,
                2115,
                307,
                264,
                636,
                291,
                519,
                466,
                309,
                30,
                51014
            ],
            "temperature": 0.0,
            "avg_logprob": -0.04795418700126752,
            "compression_ratio": 1.554945054945055,
            "no_speech_prob": 2.392281203356106e-05,
            "words": [
                {
                    "word": " You",
                    "start": 0.0,
                    "end": 0.1,
                    "probability": 0.9698136448860168
                },
                {
                    "word": " mentioned",
                    "start": 0.1,
                    "end": 0.44,
                    "probability": 0.9992383718490601
                },
                {
                    "word": " you",
                    "start": 0.44,
                    "end": 0.86,
                    "probability": 0.7604188919067383
                },
                {
                    "word": " sort",
                    "start": 0.86,
                    "end": 1.02,
                    "probability": 0.999137282371521
                },
                {
                    "word": " of,",
                    "start": 1.02,
                    "end": 1.26,
                    "probability": 0.9999873638153076
                },
                {
                    "word": " before",
                    "start": 1.26,
                    "end": 1.74,
                    "probability": 0.9998612403869629
                },
                {
                    "word": " you",
                    "start": 1.74,
                    "end": 1.88,
                    "probability": 0.9999839067459106
                },
                {
                    "word": " go",
                    "start": 1.88,
                    "end": 1.98,
                    "probability": 0.9999641180038452
                },
                {
                    "word": " into",
                    "start": 1.98,
                    "end": 2.08,
                    "probability": 0.9999868869781494
                },
                {
                    "word": " the",
                    "start": 2.08,
                    "end": 2.18,
                    "probability": 0.999975323677063
                },
                {
                    "word": " three",
                    "start": 2.18,
                    "end": 2.38,
                    "probability": 0.9983615279197693
                },
                {
                    "word": " strategies,",
                    "start": 2.38,
                    "end": 2.76,
                    "probability": 0.9999878406524658
                },
                {
                    "word": " at",
                    "start": 2.8,
                    "end": 3.04,
                    "probability": 0.9998167157173157
                },
                {
                    "word": " a",
                    "start": 3.04,
                    "end": 3.16,
                    "probability": 0.9999958276748657
                },
                {
                    "word": " high",
                    "start": 3.16,
                    "end": 3.3,
                    "probability": 0.9999634027481079
                },
                {
                    "word": " level,",
                    "start": 3.3,
                    "end": 3.6,
                    "probability": 0.9997702240943909
                },
                {
                    "word": " it's",
                    "start": 3.64,
                    "end": 3.74,
                    "probability": 0.9992122054100037
                },
                {
                    "word": " sort",
                    "start": 3.74,
                    "end": 3.82,
                    "probability": 0.9974742531776428
                },
                {
                    "word": " of",
                    "start": 3.82,
                    "end": 3.92,
                    "probability": 0.9999243021011353
                },
                {
                    "word": " two",
                    "start": 3.92,
                    "end": 4.16,
                    "probability": 0.9998464584350586
                },
                {
                    "word": " components,",
                    "start": 4.16,
                    "end": 4.62,
                    "probability": 0.9999819993972778
                },
                {
                    "word": " long",
                    "start": 4.76,
                    "end": 4.94,
                    "probability": 0.9994409680366516
                },
                {
                    "word": " vol",
                    "start": 4.94,
                    "end": 5.16,
                    "probability": 0.5211896300315857
                },
                {
                    "word": " and",
                    "start": 5.16,
                    "end": 5.3,
                    "probability": 0.9990019202232361
                },
                {
                    "word": " short",
                    "start": 5.3,
                    "end": 5.48,
                    "probability": 0.9999896287918091
                },
                {
                    "word": " vol.",
                    "start": 5.48,
                    "end": 5.76,
                    "probability": 0.9998964071273804
                },
                {
                    "word": " You",
                    "start": 5.78,
                    "end": 6.12,
                    "probability": 0.996960461139679
                },
                {
                    "word": " said",
                    "start": 6.12,
                    "end": 6.24,