{
    "text": " few.",
    "segments": [
        {
            "id": 0,
            "seek": 0,
            "start": 0.0,
            "end": 0.12,
            "text": " few.",
            "tokens": [
                50365,
                1326,
                13,
                50376
            ],
            "temperature": 0.0,
            "avg_logprob": -0.6041078090667724,
            "compression_ratio": 0.3333333333333333,
            "no_speech_prob": 0.3018384277820587,
            "words": [
                {
                    "word": " few.",
                    "start": 0.0,
                    "end": 0.12,
                    "probability": 0.3357313573360443
                }
            ]
        }
    ],
    "language": "en"
}