{
    "text": " ways that we actually",
    "segments": [
        {
            "id": 0,
            "seek": 0,
            "start": 0.0,
            "end": 0.6,
            "text": " ways that we actually",
            "tokens": [
                50365,
                2098,
                300,
                321,
                767,
                50404
            ],
            "temperature": 0.0,
            "avg_logprob": -0.44910172053745817,
            "compression_ratio": 0.7241379310344828,
            "no_speech_prob": 0.09688660502433777,
            "words": [
                {
                    "word": " ways",
                    "start": 0.0,
                    "end": 0.22,
                    "probability": 0.1789773404598236
                },
                {
                    "word": " that",
                    "start": 0.22,
                    "end": 0.26,
                    "probability": 0.9834107756614685
                },
                {
                    "word": " we",
                    "start": 0.26,
                    "end": 0.38,
                    "probability": 0.998573899269104
                },
                {
                    "word": " actually",
                    "start": 0.38,
                    "end": 0.6,
                    "probability": 0.9932968020439148
                }
            ]
        }
    ],
    "language": "en"
}