{
    "text": " Just to clarify, making sure I'm hearing you correctly, when you sell that straddle, you are actually taking some of the premium and holding it aside just as a pure carry yield. And then you're taking some of the premium and using that to buy the puts on sort of the underlying. Is that correct?",
    "segments": [
        {
            "id": 0,
            "seek": 0,
            "start": 0.0,
            "end": 16.8,
            "text": " Just to clarify, making sure I'm hearing you correctly, when you sell that straddle, you are actually taking some of the premium and holding it aside just as a pure carry yield. And then you're taking some of the premium and using that to buy the puts on sort of the underlying. Is that correct?",
            "tokens": [
                50365,
                1449,
                281,
                17594,
                11,
                1455,
                988,
                286,
                478,
                4763,
                291,
                8944,
                11,
                562,
                291,
                3607,
                300,
                1056,
                345,
                2285,
                11,
                291,
                366,
                767,
                1940,
                512,
                295,
                264,
                12049,
                293,
                5061,
                309,
                7359,
                445,
                382,
                257,
                6075,
                3985,
                11257,
                13,
                400,
                550,
                291,
                434,
                1940,
                512,
                295,
                264,
                12049,
                293,
                1228,
                300,
                281,
                2256,
                264,
                8137,
                322,
                1333,
                295,
                264,
                14217,
                13,
                1119,
                300,
                3006,
                30,
                51218
            ],
            "temperature": 0.0,
            "avg_logprob": -0.02673009388587054,
            "compression_ratio": 1.6761363636363635,
            "no_speech_prob": 0.0005112161743454635,
            "words": [
                {
                    "word": " Just",
                    "start": 0.0,
                    "end": 0.52,
                    "probability": 0.8384451866149902
                },
                {
                    "word": " to",
                    "start": 0.52,
                    "end": 0.68,
                    "probability": 0.9993768334388733
                },
                {
                    "word": " clarify,",
                    "start": 0.68,
                    "end": 1.44,
                    "probability": 0.9993005990982056
                },
                {
                    "word": " making",
                    "start": 1.78,
                    "end": 2.48,
                    "probability": 0.9719220995903015
                },
                {
                    "word": " sure",
                    "start": 2.48,
                    "end": 2.7,
                    "probability": 0.9999406337738037
                },
                {
                    "word": " I'm",
                    "start": 2.7,
                    "end": 2.86,
                    "probability": 0.9985979497432709
                },
                {
                    "word": " hearing",
                    "start": 2.86,
                    "end": 2.94,
                    "probability": 0.9993452429771423
                },
                {
                    "word": " you",
                    "start": 2.94,
                    "end": 3.08,
                    "probability": 0.9996660947799683
                },
                {
                    "word": " correctly,",
                    "start": 3.08,
                    "end": 3.34,
                    "probability": 0.9997925162315369
                },
                {
                    "word": " when",
                    "start": 3.5,
                    "end": 3.62,
                    "probability": 0.9995995163917542
                },
                {
                    "word": " you",
                    "start": 3.62,
                    "end": 3.76,
                    "probability": 0.9999793767929077
                },
                {
                    "word": " sell",
                    "start": 3.76,
                    "end": 3.92,
                    "probability": 0.9998884201049805
                },
                {
                    "word": " that",
                    "start": 3.92,
                    "end": 4.06,
                    "probability": 0.9997627139091492
                },
                {
                    "word": " straddle,",
                    "start": 4.06,
                    "end": 4.58,
                    "probability": 0.9977332750956217
                },
                {
                    "word": " you",
                    "start": 4.6,
                    "end": 4.76,
                    "probability": 0.9996969699859619
                },
                {
                    "word": " are",
                    "start": 4.76,
                    "end": 4.98,
                    "probability": 0.999603807926178
                },
                {
                    "word": " actually",
                    "start": 4.98,
                    "end": 5.28,
                    "probability": 0.9991735816001892
                },
                {
                    "word": " taking",
                    "start": 5.28,
                    "end": 5.66,
                    "probability": 0.99993896484375
                },
                {
                    "word": " some",
                    "start": 5.66,
                    "end": 6.1,
                    "probability": 0.9999052286148071
                },
                {
                    "word": " of",
                    "start": 6.1,
                    "end": 6.22,
                    "probability": 0.9999691247940063
                },
                {
                    "word": " the",
                    "start": 6.22,
                    "end": 6.28,
                    "probability": 0.999976396560669
                },
                {
                    "word": " premium",
                    "start": 6.28,
                    "end": 6.62,
                    "probability": 0.9997527003288269
                },
                {
                    "word": " and",
                    "start": 6.62,
                    "end": 6.8,
                    "probability": 0.9997519850730896
                },
                {
                    "word": " holding",
                    "start": 6.8,
                    "end": 7.02,
                    "probability": 0.9996778964996338
                },
                {
                    "word": " it",
                    "start": 7.02,
                    "end": 7.2,
                    "probability": 0.9998382329940796
                },
                {
                    "word": " aside",
                    "start": 7.2,
                    "end": 7.38,
                    "probability": 0.9999547004699707
                },
                {
                    "word": " just",
                    "start": 7.38,
                    "end": 7.78,
                    "probability": 0.9970206618309021
                },
                {
                    "word": " as",
                    "start": 7.78,
                    "end": 7.94,
                    "probability": 0.9999738931655884
                },
                {
                    "word": " a",