{
    "text": " illustrative",
    "segments": [
        {
            "id": 0,
            "seek": 0,
            "start": 0.0,
            "end": 0.46,
            "text": " illustrative",
            "tokens": [
                50365,
                8490,
                30457,
                50393
            ],
            "temperature": 0.0,
            "avg_logprob": -0.09078966975212097,
            "compression_ratio": 0.6,
            "no_speech_prob": 0.018028372898697853,
            "words": [
                {
                    "word": " illustrative",
                    "start": 0.0,
                    "end": 0.46,
                    "probability": 0.8353183567523956
                }
            ]
        }
    ],
    "language": "en"
}