{
    "text": " The price is all.",
    "segments": [
        {
            "id": 0,
            "seek": 0,
            "start": 0.0,
            "end": 0.5,
            "text": " The price is all.",
            "tokens": [
                50365,
                440,
                3218,
                307,
                439,
                13,
                50402
            ],
            "temperature": 0.0,
            "avg_logprob": -0.6902338862419128,
            "compression_ratio": 0.68,
            "no_speech_prob": 0.17200754582881927,
            "words": [
                {
                    "word": " The",
                    "start": 0.0,
                    "end": 0.16,
                    "probability": 0.08536949753761292
                },
                {
                    "word": " price",
                    "start": 0.16,
                    "end": 0.16,
                    "probability": 0.8807569742202759
                },
                {
                    "word": " is",
                    "start": 0.16,
                    "end": 0.4,
                    "probability": 0.9881126284599304
                },
                {
                    "word": " all.",
                    "start": 0.4,
                    "end": 0.5,
                    "probability": 0.2519027292728424
                }
            ]
        }
    ],
    "language": "en"
}