{
    "text": " So it's not necessarily that, again, to stick with Tesla as the example, it's not necessarily that you'll play the kurtosis trade in Tesla because you have a specific Tesla dispersion trade going. It's not that they offset necessarily one for one, but you have potentially other correlated trades. Is that the idea?",
    "segments": [
        {
            "id": 0,
            "seek": 0,
            "start": 0.0,
            "end": 11.42,
            "text": " So it's not necessarily that, again, to stick with Tesla as the example, it's not necessarily that you'll play the kurtosis trade in Tesla because you have a specific Tesla dispersion trade going.",
            "tokens": [
                50365,
                407,
                309,
                311,
                406,
                4725,
                300,
                11,
                797,
                11,
                281,
                2897,
                365,
                13666,
                382,
                264,
                1365,
                11,
                309,
                311,
                406,
                4725,
                300,
                291,
                603,
                862,
                264,
                34701,
                8211,
                4923,
                294,
                13666,
                570,
                291,
                362,
                257,
                2685,
                13666,
                24631,
                313,
                4923,
                516,
                13,
                50942
            ],
            "temperature": 0.0,
            "avg_logprob": -0.0835731264571069,
            "compression_ratio": 1.7119565217391304,
            "no_speech_prob": 0.00045823041000403464,
            "words": [
                {
                    "word": " So",
                    "start": 0.0,
                    "end": 0.14,
                    "probability": 0.8807381391525269
                },
                {
                    "word": " it's",
                    "start": 0.14,
                    "end": 0.26,
                    "probability": 0.9851601719856262
                },
                {
                    "word": " not",
                    "start": 0.26,
                    "end": 0.42,
                    "probability": 0.9997718930244446
                },
                {
                    "word": " necessarily",
                    "start": 0.42,
                    "end": 0.92,
                    "probability": 0.9992271661758423
                },
                {
                    "word": " that,",
                    "start": 0.92,
                    "end": 1.46,
                    "probability": 0.9991164803504944
                },
                {
                    "word": " again,",
                    "start": 1.52,
                    "end": 2.1,
                    "probability": 0.9984408020973206
                },
                {
                    "word": " to",
                    "start": 2.16,
                    "end": 2.24,
                    "probability": 0.7740995287895203
                },
                {
                    "word": " stick",
                    "start": 2.24,
                    "end": 2.4,
                    "probability": 0.9998194575309753
                },
                {
                    "word": " with",
                    "start": 2.4,
                    "end": 2.54,
                    "probability": 0.9999402761459351
                },
                {
                    "word": " Tesla",
                    "start": 2.54,
                    "end": 2.88,
                    "probability": 0.9996267557144165
                },
                {
                    "word": " as",
                    "start": 2.88,
                    "end": 3.02,
                    "probability": 0.9907838106155396
                },
                {
                    "word": " the",
                    "start": 3.02,
                    "end": 3.1,
                    "probability": 0.9998200535774231
                },
                {
                    "word": " example,",
                    "start": 3.1,
                    "end": 3.44,
                    "probability": 0.9999034404754639
                },
                {
                    "word": " it's",
                    "start": 3.46,
                    "end": 3.62,
                    "probability": 0.9995245337486267
                },
                {
                    "word": " not",
                    "start": 3.62,
                    "end": 3.68,
                    "probability": 0.9997848868370056
                },
                {
                    "word": " necessarily",
                    "start": 3.68,
                    "end": 4.0,
                    "probability": 0.9996793270111084
                },
                {
                    "word": " that",
                    "start": 4.0,
                    "end": 4.4,
                    "probability": 0.9998281002044678
                },
                {
                    "word": " you'll",
                    "start": 4.4,
                    "end": 4.6,
                    "probability": 0.9997315108776093
                },
                {
                    "word": " play",
                    "start": 4.6,
                    "end": 5.1,
                    "probability": 0.9996527433395386
                },
                {
                    "word": " the",
                    "start": 5.1,
                    "end": 5.84,
                    "probability": 0.9998074173927307
                },
                {
                    "word": " kurtosis",
                    "start": 5.84,
                    "end": 6.32,
                    "probability": 0.9442373514175415
                },
                {
                    "word": " trade",
                    "start": 6.32,
                    "end": 6.66,
                    "probability": 0.9992552399635315
                },
                {
                    "word": " in",
                    "start": 6.66,
                    "end": 6.88,
                    "probability": 0.9986101388931274
                },
                {
                    "word": " Tesla",
                    "start": 6.88,
                    "end": 7.3,
                    "probability": 0.9963034391403198
                },
                {
                    "word": " because",
                    "start": 7.3,
                    "end": 7.74,
                    "probability": 0.9632034301757812
                },
                {
                    "word": " you",
                    "start": 7.74,
                    "end": 8.2,
                    "probability": 0.9999488592147827
                },
                {
                    "word": " have",
                    "start": 8.2,
                    "end": 8.44,
                    "probability": 0.9999576807022095
                },
                {
                    "word": " a",
                    "start": 8.44,
                    "end": 8.64,
                    "probability": 0.9997773766517639
                },
                {
                    "word": " specific",
                    "start": 8.64,
                    "end": 9.08,
                    "probability": 0.9998181462287903
                },
                {
                    "word": " Tesla",
                    "start": 9.08,
                    "end": 9.68,
                    "probability": 0.997962474822998
                },
                {
                    "word": " dispersion",
                    "start": 9.68,
                    "end": 10.74,