{
    "text": " Perfect. Now that we've got that out of the way, Chris, I know you have a pretty non-traditional background for folks who end up at big Wall Street banks. Maybe we can start there. How'd you get into the game?",
    "segments": [
        {
            "id": 0,
            "seek": 0,
            "start": 0.0,
            "end": 10.9,
            "text": " Perfect. Now that we've got that out of the way, Chris, I know you have a pretty non-traditional background for folks who end up at big Wall Street banks. Maybe we can start there. How'd you get into the game?",
            "tokens": [
                50365,
                10246,
                13,
                823,
                300,
                321,
                600,
                658,
                300,
                484,
                295,
                264,
                636,
                11,
                6688,
                11,
                286,
                458,
                291,
                362,
                257,
                1238,
                2107,
                12,
                43831,
                2628,
                3678,
                337,
                4024,
                567,
                917,
                493,
                412,
                955,
                9551,
                7638,
                10237,
                13,
                2704,
                321,
                393,
                722,
                456,
                13,
                1012,
                1116,
                291,
                483,
                666,
                264,
                1216,
                30,
                50925
            ],
            "temperature": 0.0,
            "avg_logprob": -0.08770299840856481,
            "compression_ratio": 1.2981366459627328,
            "no_speech_prob": 0.014038784429430962,
            "words": [
                {
                    "word": " Perfect.",
                    "start": 0.0,
                    "end": 0.2,
                    "probability": 0.8488107919692993
                },
                {
                    "word": " Now",
                    "start": 0.32,
                    "end": 0.68,
                    "probability": 0.9985812902450562
                },
                {
                    "word": " that",
                    "start": 0.68,
                    "end": 0.84,
                    "probability": 0.9967892169952393
                },
                {
                    "word": " we've",
                    "start": 0.84,
                    "end": 1.0,
                    "probability": 0.9966225922107697
                },
                {
                    "word": " got",
                    "start": 1.0,
                    "end": 1.16,
                    "probability": 0.9997546076774597
                },
                {
                    "word": " that",
                    "start": 1.16,
                    "end": 1.4,
                    "probability": 0.9995624423027039
                },
                {
                    "word": " out",
                    "start": 1.4,
                    "end": 1.64,
                    "probability": 0.9993464350700378
                },
                {
                    "word": " of",
                    "start": 1.64,
                    "end": 1.74,
                    "probability": 0.9996953010559082
                },
                {
                    "word": " the",
                    "start": 1.74,
                    "end": 1.76,
                    "probability": 0.9999027252197266
                },
                {
                    "word": " way,",
                    "start": 1.76,
                    "end": 1.94,
                    "probability": 0.9999023675918579
                },
                {
                    "word": " Chris,",
                    "start": 1.98,
                    "end": 2.12,
                    "probability": 0.9931895732879639
                },
                {
                    "word": " I",
                    "start": 2.22,
                    "end": 2.34,
                    "probability": 0.9994006156921387
                },
                {
                    "word": " know",
                    "start": 2.34,
                    "end": 2.52,
                    "probability": 0.9999402761459351
                },
                {
                    "word": " you",
                    "start": 2.52,
                    "end": 2.64,
                    "probability": 0.9990260601043701
                },
                {
                    "word": " have",
                    "start": 2.64,
                    "end": 2.78,
                    "probability": 0.9998637437820435
                },
                {
                    "word": " a",
                    "start": 2.78,
                    "end": 2.9,
                    "probability": 0.9996951818466187
                },
                {
                    "word": " pretty",
                    "start": 2.9,
                    "end": 3.14,
                    "probability": 0.9993377327919006
                },
                {
                    "word": " non",
                    "start": 3.14,
                    "end": 3.96,
                    "probability": 0.7221940159797668
                },
                {
                    "word": "-traditional",
                    "start": 3.96,
                    "end": 4.4,
                    "probability": 0.97031569480896
                },
                {
                    "word": " background",
                    "start": 4.4,
                    "end": 4.8,
                    "probability": 0.9997724890708923
                },
                {
                    "word": " for",
                    "start": 4.8,
                    "end": 5.32,
                    "probability": 0.9992581009864807
                },
                {
                    "word": " folks",
                    "start": 5.32,
                    "end": 5.68,
                    "probability": 0.9998205304145813
                },
                {
                    "word": " who",
                    "start": 5.68,
                    "end": 5.96,
                    "probability": 0.9991518259048462
                },
                {
                    "word": " end",
                    "start": 5.96,
                    "end": 6.48,
                    "probability": 0.9982160925865173
                },
                {
                    "word": " up",
                    "start": 6.48,
                    "end": 6.78,
                    "probability": 0.9999703168869019
                },
                {
                    "word": " at",
                    "start": 6.78,
                    "end": 6.92,
                    "probability": 0.9983910918235779
                },
                {
                    "word": " big",
                    "start": 6.92,
                    "end": 7.38,
                    "probability": 0.9991549253463745
                },
                {
                    "word": " Wall",
                    "start": 7.38,
                    "end": 7.64,
                    "probability": 0.9540427923202515
                },
                {
                    "word": " Street",
                    "start": 7.64,
                    "end": 7.92,
                    "probability": 0.995811939239502
                },
                {
                    "word": " banks.",
                    "start": 7.92,
                    "end": 8.38,
                    "probability": 0.9987683892250061
                },
                {
                    "word": " Maybe",
                    "start": 8.68,
                    "end": 9.04,