{
    "text": " have",
    "segments": [
        {
            "id": 0,
            "seek": 0,
            "start": 0.0,
            "end": 0.1,
            "text": " have",
            "tokens": [
                50365,
                362,
                50372
            ],
            "temperature": 0.0,
            "avg_logprob": -0.9231529831886292,
            "compression_ratio": 0.3333333333333333,
            "no_speech_prob": 0.8022468090057373,
            "words": [
                {
                    "word": " have",
                    "start": 0.0,
                    "end": 0.1,
                    "probability": 0.06222909316420555
                }
            ]
        }
    ],
    "language": "en"
}