{
    "text": " How much more or less important do relationships become when you're trading Hooten Holler and via instant messenger? I mean, do you have to know the people on the other side to feel like you're going to get a good fill or accurate information?",
    "segments": [
        {
            "id": 0,
            "seek": 0,
            "start": 0.0,
            "end": 11.48,
            "text": " How much more or less important do relationships become when you're trading Hooten Holler and via instant messenger? I mean, do you have to know the people on the other side to feel like you're going to get a good fill or accurate information?",
            "tokens": [
                50365,
                1012,
                709,
                544,
                420,
                1570,
                1021,
                360,
                6159,
                1813,
                562,
                291,
                434,
                9529,
                3631,
                21990,
                17712,
                260,
                293,
                5766,
                9836,
                26599,
                30,
                286,
                914,
                11,
                360,
                291,
                362,
                281,
                458,
                264,
                561,
                322,
                264,
                661,
                1252,
                281,
                841,
                411,
                291,
                434,
                516,
                281,
                483,
                257,
                665,
                2836,
                420,
                8559,
                1589,
                30,
                50954
            ],
            "temperature": 0.0,
            "avg_logprob": -0.1183302225889983,
            "compression_ratio": 1.4550898203592815,
            "no_speech_prob": 0.023668501526117325,
            "words": [
                {
                    "word": " How",
                    "start": 0.0,
                    "end": 0.0,
                    "probability": 0.7269470691680908
                },
                {
                    "word": " much",
                    "start": 0.0,
                    "end": 0.12,
                    "probability": 0.9911822080612183
                },
                {
                    "word": " more",
                    "start": 0.12,
                    "end": 0.62,
                    "probability": 0.9991664886474609
                },
                {
                    "word": " or",
                    "start": 0.62,
                    "end": 1.02,
                    "probability": 0.9978316426277161
                },
                {
                    "word": " less",
                    "start": 1.02,
                    "end": 1.76,
                    "probability": 0.9990978240966797
                },
                {
                    "word": " important",
                    "start": 1.76,
                    "end": 2.28,
                    "probability": 0.9994454979896545
                },
                {
                    "word": " do",
                    "start": 2.28,
                    "end": 2.48,
                    "probability": 0.9473857283592224
                },
                {
                    "word": " relationships",
                    "start": 2.48,
                    "end": 2.88,
                    "probability": 0.9995031356811523
                },
                {
                    "word": " become",
                    "start": 2.88,
                    "end": 3.5,
                    "probability": 0.9995388984680176
                },
                {
                    "word": " when",
                    "start": 3.5,
                    "end": 4.34,
                    "probability": 0.995445966720581
                },
                {
                    "word": " you're",
                    "start": 4.34,
                    "end": 4.52,
                    "probability": 0.9961715936660767
                },
                {
                    "word": " trading",
                    "start": 4.52,
                    "end": 4.74,
                    "probability": 0.999081015586853
                },
                {
                    "word": " Hooten",
                    "start": 4.74,
                    "end": 5.1,
                    "probability": 0.7871674597263336
                },
                {
                    "word": " Holler",
                    "start": 5.1,
                    "end": 5.5,
                    "probability": 0.5981079339981079
                },
                {
                    "word": " and",
                    "start": 5.5,
                    "end": 5.6,
                    "probability": 0.9513111114501953
                },
                {
                    "word": " via",
                    "start": 5.6,
                    "end": 5.78,
                    "probability": 0.9189289212226868
                },
                {
                    "word": " instant",
                    "start": 5.78,
                    "end": 6.14,
                    "probability": 0.739290177822113
                },
                {
                    "word": " messenger?",
                    "start": 6.14,
                    "end": 6.78,
                    "probability": 0.9786873459815979
                },
                {
                    "word": " I",
                    "start": 6.92,
                    "end": 7.02,
                    "probability": 0.9053588509559631
                },
                {
                    "word": " mean,",
                    "start": 7.02,
                    "end": 7.12,
                    "probability": 0.9999374151229858
                },
                {
                    "word": " do",
                    "start": 7.12,
                    "end": 7.2,
                    "probability": 0.9993900060653687
                },
                {
                    "word": " you",
                    "start": 7.2,
                    "end": 7.26,
                    "probability": 0.999920129776001
                },
                {
                    "word": " have",
                    "start": 7.26,
                    "end": 7.42,
                    "probability": 0.9999094009399414
                },
                {
                    "word": " to",
                    "start": 7.42,
                    "end": 7.54,
                    "probability": 0.9999059438705444
                },
                {
                    "word": " know",
                    "start": 7.54,
                    "end": 7.74,
                    "probability": 0.999907374382019
                },
                {
                    "word": " the",
                    "start": 7.74,
                    "end": 7.88,
                    "probability": 0.9994749426841736
                },
                {
                    "word": " people",
                    "start": 7.88,
                    "end": 8.1,
                    "probability": 0.9998862743377686
                },
                {
                    "word": " on",
                    "start": 8.1,
                    "end": 8.32,
                    "probability": 0.9999046325683594
                },
                {
                    "word": " the",
                    "start": 8.32,
                    "end": 8.4,
                    "probability": 0.9999134540557861
                },
                {
                    "word": " other",
                    "start": 8.4,
                    "end": 8.56,
                    "probability": 0.9998761415481567
                },
                {
                    "word": " side",
                    "start": 8.56,