{
    "text": " Only during market hours.",
    "segments": [
        {
            "id": 0,
            "seek": 0,
            "start": 0.0,
            "end": 0.88,
            "text": " Only during market hours.",
            "tokens": [
                50365,
                5686,
                1830,
                2142,
                2496,
                13,
                50427
            ],
            "temperature": 0.0,
            "avg_logprob": -0.1476469486951828,
            "compression_ratio": 0.7575757575757576,
            "no_speech_prob": 0.00868160929530859,
            "words": [
                {
                    "word": " Only",
                    "start": 0.0,
                    "end": 0.18,
                    "probability": 0.7525739073753357
                },
                {
                    "word": " during",
                    "start": 0.18,
                    "end": 0.34,
                    "probability": 0.9987545013427734
                },
                {
                    "word": " market",
                    "start": 0.34,
                    "end": 0.6,
                    "probability": 0.9925228953361511
                },
                {
                    "word": " hours.",
                    "start": 0.6,
                    "end": 0.88,
                    "probability": 0.9990479350090027
                }
            ]
        }
    ],
    "language": "en"
}