{
    "text": " Only during market hours.",
    "segments": [
        {
            "id": 0,
            "seek": 0,
            "start": 0.0,
            "end": 1.04,
            "text": " Only during market hours.",
            "tokens": [
                50365,
                5686,
                1830,
                2142,
                2496,
                13,
                50432
            ],
            "temperature": 0.0,
            "avg_logprob": -0.24617457389831543,
            "compression_ratio": 0.7575757575757576,
            "no_speech_prob": 0.006230030674487352,
            "words": [
                {
                    "word": " Only",
                    "start": 0.0,
                    "end": 0.26,
                    "probability": 0.7352057099342346
                },
                {
                    "word": " during",
                    "start": 0.26,
                    "end": 0.46,
                    "probability": 0.9908287525177002
                },
                {
                    "word": " market",
                    "start": 0.46,
                    "end": 0.76,
                    "probability": 0.9799774289131165
                },
                {
                    "word": " hours.",
                    "start": 0.76,
                    "end": 1.04,
                    "probability": 0.9995929598808289
                }
            ]
        }
    ],
    "language": "en"
}