{
    "text": " So the world seems to be opening back up. People are getting vaccines. A lot of people I know at least are starting to plan travel in the summer or fall pretty hopefully. So keeping the fingers crossed that the world maybe gets back to some semblance of normalcy later this year, what are you most looking forward to?",
    "segments": [
        {
            "id": 0,
            "seek": 0,
            "start": 0.0,
            "end": 17.76,
            "text": " So the world seems to be opening back up. People are getting vaccines. A lot of people I know at least are starting to plan travel in the summer or fall pretty hopefully. So keeping the fingers crossed that the world maybe gets back to some semblance of normalcy later this year, what are you most looking forward to?",
            "tokens": [
                50365,
                407,
                264,
                1002,
                2544,
                281,
                312,
                5193,
                646,
                493,
                13,
                3432,
                366,
                1242,
                12164,
                13,
                316,
                688,
                295,
                561,
                286,
                458,
                412,
                1935,
                366,
                2891,
                281,
                1393,
                3147,
                294,
                264,
                4266,
                420,
                2100,
                1238,
                4696,
                13,
                407,
                5145,
                264,
                7350,
                14622,
                300,
                264,
                1002,
                1310,
                2170,
                646,
                281,
                512,
                20775,
                37271,
                295,
                2710,
                1344,
                1780,
                341,
                1064,
                11,
                437,
                366,
                291,
                881,
                1237,
                2128,
                281,
                30,
                51263
            ],
            "temperature": 0.0,
            "avg_logprob": -0.05928241342738055,
            "compression_ratio": 1.5314009661835748,
            "no_speech_prob": 5.8287845604354516e-05,
            "words": [
                {
                    "word": " So",
                    "start": 0.0,
                    "end": 0.3,
                    "probability": 0.9427751898765564
                },
                {
                    "word": " the",
                    "start": 0.3,
                    "end": 0.86,
                    "probability": 0.7824440598487854
                },
                {
                    "word": " world",
                    "start": 0.86,
                    "end": 1.4,
                    "probability": 0.9999806880950928
                },
                {
                    "word": " seems",
                    "start": 1.4,
                    "end": 1.72,
                    "probability": 0.9999603033065796
                },
                {
                    "word": " to",
                    "start": 1.72,
                    "end": 2.0,
                    "probability": 0.9999856948852539
                },
                {
                    "word": " be",
                    "start": 2.0,
                    "end": 2.06,
                    "probability": 0.9999977350234985
                },
                {
                    "word": " opening",
                    "start": 2.06,
                    "end": 2.32,
                    "probability": 0.9999629259109497
                },
                {
                    "word": " back",
                    "start": 2.32,
                    "end": 2.56,
                    "probability": 0.9999725818634033
                },
                {
                    "word": " up.",
                    "start": 2.56,
                    "end": 2.92,
                    "probability": 0.9999985694885254
                },
                {
                    "word": " People",
                    "start": 3.02,
                    "end": 3.5,
                    "probability": 0.9999014139175415
                },
                {
                    "word": " are",
                    "start": 3.5,
                    "end": 3.76,
                    "probability": 0.999997615814209
                },
                {
                    "word": " getting",
                    "start": 3.76,
                    "end": 3.96,
                    "probability": 0.9999949932098389
                },
                {
                    "word": " vaccines.",
                    "start": 3.96,
                    "end": 4.46,
                    "probability": 0.9999841451644897
                },
                {
                    "word": " A",
                    "start": 4.88,
                    "end": 5.16,
                    "probability": 0.9993016719818115
                },
                {
                    "word": " lot",
                    "start": 5.16,
                    "end": 5.4,
                    "probability": 0.9999892711639404
                },
                {
                    "word": " of",
                    "start": 5.4,
                    "end": 5.48,
                    "probability": 0.9999746084213257
                },
                {
                    "word": " people",
                    "start": 5.48,
                    "end": 5.68,
                    "probability": 0.9999697208404541
                },
                {
                    "word": " I",
                    "start": 5.68,
                    "end": 5.86,
                    "probability": 0.9786076545715332
                },
                {
                    "word": " know",
                    "start": 5.86,
                    "end": 6.08,
                    "probability": 0.9999969005584717
                },
                {
                    "word": " at",
                    "start": 6.08,
                    "end": 6.16,
                    "probability": 0.7821813821792603
                },
                {
                    "word": " least",
                    "start": 6.16,
                    "end": 6.34,
                    "probability": 0.9998502731323242
                },
                {
                    "word": " are",
                    "start": 6.34,
                    "end": 6.46,
                    "probability": 0.9997097849845886
                },
                {
                    "word": " starting",
                    "start": 6.46,
                    "end": 6.66,
                    "probability": 0.999947190284729
                },
                {
                    "word": " to",
                    "start": 6.66,
                    "end": 6.78,
                    "probability": 0.9999966621398926
                },
                {
                    "word": " plan",
                    "start": 6.78,
                    "end": 7.0,
                    "probability": 0.9997873902320862
                },
                {
                    "word": " travel",
                    "start": 7.0,
                    "end": 7.48,
                    "probability": 0.9997848868370056
                },
                {
                    "word": " in",
                    "start": 7.48,
                    "end": 7.72,
                    "probability": 0.9997138381004333
                },
                {
                    "word": " the",
                    "start": 7.72,
                    "end": 7.8,