{
    "text": " So I know you eventually ran SIG's high cap equity index group and their commodity volatility group, which naively from the outside sound like just very different types of products to me. I'm curious how you would sort of compare the equity index versus the commodity derivatives markets.",
    "segments": [
        {
            "id": 0,
            "seek": 0,
            "start": 0.0,
            "end": 13.38,
            "text": " So I know you eventually ran SIG's high cap equity index group and their commodity volatility group, which naively from the outside sound like just very different types of products to me.",
            "tokens": [
                50365,
                407,
                286,
                458,
                291,
                4728,
                5872,
                318,
                10489,
                311,
                1090,
                1410,
                10769,
                8186,
                1594,
                293,
                641,
                29125,
                25877,
                1594,
                11,
                597,
                1667,
                3413,
                490,
                264,
                2380,
                1626,
                411,
                445,
                588,
                819,
                3467,
                295,
                3383,
                281,
                385,
                13,
                51043
            ],
            "temperature": 0.0,
            "avg_logprob": -0.14906959533691405,
            "compression_ratio": 1.4922279792746114,
            "no_speech_prob": 0.0012925883056595922,
            "words": [
                {
                    "word": " So",
                    "start": 0.0,
                    "end": 0.22,
                    "probability": 0.7807817459106445
                },
                {
                    "word": " I",
                    "start": 0.22,
                    "end": 0.34,
                    "probability": 0.8786386251449585
                },
                {
                    "word": " know",
                    "start": 0.34,
                    "end": 0.56,
                    "probability": 0.9997616410255432
                },
                {
                    "word": " you",
                    "start": 0.56,
                    "end": 0.8,
                    "probability": 0.9962691068649292
                },
                {
                    "word": " eventually",
                    "start": 0.8,
                    "end": 1.16,
                    "probability": 0.9971181154251099
                },
                {
                    "word": " ran",
                    "start": 1.16,
                    "end": 1.88,
                    "probability": 0.9970749616622925
                },
                {
                    "word": " SIG's",
                    "start": 1.88,
                    "end": 2.74,
                    "probability": 0.7884597579638163
                },
                {
                    "word": " high",
                    "start": 2.74,
                    "end": 3.3,
                    "probability": 0.7637443542480469
                },
                {
                    "word": " cap",
                    "start": 3.3,
                    "end": 3.56,
                    "probability": 0.8287945985794067
                },
                {
                    "word": " equity",
                    "start": 3.56,
                    "end": 4.04,
                    "probability": 0.9574200510978699
                },
                {
                    "word": " index",
                    "start": 4.04,
                    "end": 4.38,
                    "probability": 0.9962185025215149
                },
                {
                    "word": " group",
                    "start": 4.38,
                    "end": 4.76,
                    "probability": 0.9967746138572693
                },
                {
                    "word": " and",
                    "start": 4.76,
                    "end": 5.28,
                    "probability": 0.9624669551849365
                },
                {
                    "word": " their",
                    "start": 5.28,
                    "end": 5.74,
                    "probability": 0.9989226460456848
                },
                {
                    "word": " commodity",
                    "start": 5.74,
                    "end": 6.24,
                    "probability": 0.9874650239944458
                },
                {
                    "word": " volatility",
                    "start": 6.24,
                    "end": 6.8,
                    "probability": 0.9966094493865967
                },
                {
                    "word": " group,",
                    "start": 6.8,
                    "end": 7.5,
                    "probability": 0.9972034692764282
                },
                {
                    "word": " which",
                    "start": 7.68,
                    "end": 8.26,
                    "probability": 0.9987162351608276
                },
                {
                    "word": " naively",
                    "start": 8.26,
                    "end": 8.86,
                    "probability": 0.9750387668609619
                },
                {
                    "word": " from",
                    "start": 8.86,
                    "end": 9.16,
                    "probability": 0.9690943956375122
                },
                {
                    "word": " the",
                    "start": 9.16,
                    "end": 9.34,
                    "probability": 0.9998568296432495
                },
                {
                    "word": " outside",
                    "start": 9.34,
                    "end": 9.7,
                    "probability": 0.9981018900871277
                },
                {
                    "word": " sound",
                    "start": 9.7,
                    "end": 10.22,
                    "probability": 0.7357136011123657
                },
                {
                    "word": " like",
                    "start": 10.22,
                    "end": 10.46,
                    "probability": 0.9864720106124878
                },
                {
                    "word": " just",
                    "start": 10.46,
                    "end": 10.74,
                    "probability": 0.9781430959701538
                },
                {
                    "word": " very",
                    "start": 10.74,
                    "end": 11.1,
                    "probability": 0.9988518953323364
                },
                {
                    "word": " different",
                    "start": 11.1,
                    "end": 11.72,
                    "probability": 0.9935920834541321
                },
                {
                    "word": " types",
                    "start": 11.72,
                    "end": 12.38,
                    "probability": 0.9770674705505371
                },
                {
                    "word": " of",
                    "start": 12.38,
                    "end": 12.6,
                    "probability": 0.9996986389160156
                },
                {
                    "word": " products",
                    "start": 12.6,
                    "end": 12.96,
                    "probability": 0.997853696346283
                },
                {
                    "word": " to",
                    "start": 12.96,
                    "end": 13.2,
                    "probability": 0.9727924466133118
                },
                {
                    "word": " me.",
                    "start": 13.2,
                    "end": 13.38,