{
    "text": " intentional for my next",
    "segments": [
        {
            "id": 0,
            "seek": 0,
            "start": 0.0,
            "end": 1.22,
            "text": " intentional for my next",
            "tokens": [
                50365,
                21935,
                337,
                452,
                958,
                50435
            ],
            "temperature": 0.0,
            "avg_logprob": -0.05498805642127991,
            "compression_ratio": 0.7419354838709677,
            "no_speech_prob": 4.674197953136172e-06,
            "words": [
                {
                    "word": " intentional",
                    "start": 0.0,
                    "end": 0.44,
                    "probability": 0.9723355174064636
                },
                {
                    "word": " for",
                    "start": 0.44,
                    "end": 0.66,
                    "probability": 0.9962742328643799
                },
                {
                    "word": " my",
                    "start": 0.66,
                    "end": 1.0,
                    "probability": 0.9620473980903625
                },
                {
                    "word": " next",
                    "start": 1.0,
                    "end": 1.22,
                    "probability": 0.999862790107727
                }
            ]
        }
    ],
    "language": "en"
}