{
    "text": " Some factors have fairly standard definitions among providers and others, like quality, for example, always seems to be the one that comes to mind for me, seem to have a really wide dispersion in their definition. How fungible are these factor definitions in practice?",
    "segments": [
        {
            "id": 0,
            "seek": 0,
            "start": 0.0,
            "end": 14.2,
            "text": " Some factors have fairly standard definitions among providers and others, like quality, for example, always seems to be the one that comes to mind for me, seem to have a really wide dispersion in their definition.",
            "tokens": [
                50365,
                2188,
                6771,
                362,
                6457,
                3832,
                21988,
                3654,
                11330,
                293,
                2357,
                11,
                411,
                3125,
                11,
                337,
                1365,
                11,
                1009,
                2544,
                281,
                312,
                264,
                472,
                300,
                1487,
                281,
                1575,
                337,
                385,
                11,
                1643,
                281,
                362,
                257,
                534,
                4874,
                24631,
                313,
                294,
                641,
                7123,
                13,
                51096
            ],
            "temperature": 0.0,
            "avg_logprob": -0.18339762194403286,
            "compression_ratio": 1.5402298850574712,
            "no_speech_prob": 0.0001821696787374094,
            "words": [
                {
                    "word": " Some",
                    "start": 0.0,
                    "end": 0.2,
                    "probability": 0.8411376476287842
                },
                {
                    "word": " factors",
                    "start": 0.2,
                    "end": 0.84,
                    "probability": 0.9867766499519348
                },
                {
                    "word": " have",
                    "start": 0.84,
                    "end": 1.58,
                    "probability": 0.9973026514053345
                },
                {
                    "word": " fairly",
                    "start": 1.58,
                    "end": 2.36,
                    "probability": 0.997314989566803
                },
                {
                    "word": " standard",
                    "start": 2.36,
                    "end": 2.86,
                    "probability": 0.9982010126113892
                },
                {
                    "word": " definitions",
                    "start": 2.86,
                    "end": 4.08,
                    "probability": 0.9944725632667542
                },
                {
                    "word": " among",
                    "start": 4.08,
                    "end": 4.84,
                    "probability": 0.9964964985847473
                },
                {
                    "word": " providers",
                    "start": 4.84,
                    "end": 5.9,
                    "probability": 0.9975534081459045
                },
                {
                    "word": " and",
                    "start": 5.9,
                    "end": 6.92,
                    "probability": 0.5706329941749573
                },
                {
                    "word": " others,",
                    "start": 6.92,
                    "end": 7.46,
                    "probability": 0.997776210308075
                },
                {
                    "word": " like",
                    "start": 7.62,
                    "end": 8.2,
                    "probability": 0.9597594141960144
                },
                {
                    "word": " quality,",
                    "start": 8.2,
                    "end": 8.8,
                    "probability": 0.9801827669143677
                },
                {
                    "word": " for",
                    "start": 8.94,
                    "end": 9.08,
                    "probability": 0.9989975094795227
                },
                {
                    "word": " example,",
                    "start": 9.08,
                    "end": 9.42,
                    "probability": 0.9998088479042053
                },
                {
                    "word": " always",
                    "start": 9.46,
                    "end": 9.66,
                    "probability": 0.9911702871322632
                },
                {
                    "word": " seems",
                    "start": 9.66,
                    "end": 9.86,
                    "probability": 0.9956367611885071
                },
                {
                    "word": " to",
                    "start": 9.86,
                    "end": 10.02,
                    "probability": 0.9994101524353027
                },
                {
                    "word": " be",
                    "start": 10.02,
                    "end": 10.1,
                    "probability": 0.9990935325622559
                },
                {
                    "word": " the",
                    "start": 10.1,
                    "end": 10.18,
                    "probability": 0.9969505071640015
                },
                {
                    "word": " one",
                    "start": 10.18,
                    "end": 10.26,
                    "probability": 0.997870922088623
                },
                {
                    "word": " that",
                    "start": 10.26,
                    "end": 10.34,
                    "probability": 0.9973312616348267
                },
                {
                    "word": " comes",
                    "start": 10.34,
                    "end": 10.5,
                    "probability": 0.9988382458686829
                },
                {
                    "word": " to",
                    "start": 10.5,
                    "end": 10.62,
                    "probability": 0.9995410442352295
                },
                {
                    "word": " mind",
                    "start": 10.62,
                    "end": 10.78,
                    "probability": 0.9984269142150879
                },
                {
                    "word": " for",
                    "start": 10.78,
                    "end": 10.96,
                    "probability": 0.4793429970741272
                },
                {
                    "word": " me,",
                    "start": 10.96,
                    "end": 11.16,
                    "probability": 0.9991474151611328
                },
                {
                    "word": " seem",
                    "start": 11.2,
                    "end": 11.4,
                    "probability": 0.6813589930534363
                },
                {
                    "word": " to",
                    "start": 11.4,
                    "end": 11.54,
                    "probability": 0.999103307723999
                },
                {
                    "word": " have",
                    "start": 11.54,
                    "end": 11.62,
                    "probability": 0.999637246131897
                },
                {
                    "word": " a",
                    "start": 11.62,
                    "end": 11.74,
                    "probability": 0.9985800981521606
                },
                {
                    "word": " really",
                    "start": 11.74,
                    "end": 12.04,