{
    "text": " From your work, you ended up co-authoring a paper with Michael Katz called To Trade or Not to Trade, Informed Trading with Short-Term Signals for Long-Term Investors. Can you talk about the problem you were trying to solve in this paper and the proposed solution? Sure.",
    "segments": [
        {
            "id": 0,
            "seek": 0,
            "start": 0.0,
            "end": 8.4,
            "text": " From your work, you ended up co-authoring a paper with Michael Katz called To Trade or Not to Trade, Informed Trading with Short-Term Signals for Long-Term Investors.",
            "tokens": [
                50365,
                3358,
                428,
                589,
                11,
                291,
                4590,
                493,
                598,
                12,
                34224,
                278,
                257,
                3035,
                365,
                5116,
                8365,
                89,
                1219,
                1407,
                23923,
                420,
                1726,
                281,
                23923,
                11,
                682,
                22892,
                49929,
                365,
                16881,
                12,
                51,
                966,
                13515,
                1124,
                337,
                8282,
                12,
                51,
                966,
                14008,
                830,
                13,
                50788
            ],
            "temperature": 0.0,
            "avg_logprob": -0.09302090926909111,
            "compression_ratio": 1.4308510638297873,
            "no_speech_prob": 0.0020816668402403593,
            "words": [
                {
                    "word": " From",
                    "start": 0.0,
                    "end": 0.2,
                    "probability": 0.7688438892364502
                },
                {
                    "word": " your",
                    "start": 0.2,
                    "end": 0.5,
                    "probability": 0.9977249503135681
                },
                {
                    "word": " work,",
                    "start": 0.5,
                    "end": 0.82,
                    "probability": 0.9984209537506104
                },
                {
                    "word": " you",
                    "start": 0.82,
                    "end": 0.94,
                    "probability": 0.9984703660011292
                },
                {
                    "word": " ended",
                    "start": 0.94,
                    "end": 1.1,
                    "probability": 0.9960821270942688
                },
                {
                    "word": " up",
                    "start": 1.1,
                    "end": 1.28,
                    "probability": 0.9995336532592773
                },
                {
                    "word": " co",
                    "start": 1.28,
                    "end": 1.44,
                    "probability": 0.9926515221595764
                },
                {
                    "word": "-authoring",
                    "start": 1.44,
                    "end": 1.86,
                    "probability": 0.9396621386210123
                },
                {
                    "word": " a",
                    "start": 1.86,
                    "end": 1.9,
                    "probability": 0.9972531199455261
                },
                {
                    "word": " paper",
                    "start": 1.9,
                    "end": 2.22,
                    "probability": 0.9994128942489624
                },
                {
                    "word": " with",
                    "start": 2.22,
                    "end": 2.4,
                    "probability": 0.9978957176208496
                },
                {
                    "word": " Michael",
                    "start": 2.4,
                    "end": 2.66,
                    "probability": 0.9860917925834656
                },
                {
                    "word": " Katz",
                    "start": 2.66,
                    "end": 3.2,
                    "probability": 0.9970978498458862
                },
                {
                    "word": " called",
                    "start": 3.2,
                    "end": 3.5,
                    "probability": 0.9726094007492065
                },
                {
                    "word": " To",
                    "start": 3.5,
                    "end": 3.88,
                    "probability": 0.32020679116249084
                },
                {
                    "word": " Trade",
                    "start": 3.88,
                    "end": 4.2,
                    "probability": 0.9600489139556885
                },
                {
                    "word": " or",
                    "start": 4.2,
                    "end": 4.34,
                    "probability": 0.9715686440467834
                },
                {
                    "word": " Not",
                    "start": 4.34,
                    "end": 4.54,
                    "probability": 0.9852487444877625
                },
                {
                    "word": " to",
                    "start": 4.54,
                    "end": 4.7,
                    "probability": 0.7745440006256104
                },
                {
                    "word": " Trade,",
                    "start": 4.7,
                    "end": 4.94,
                    "probability": 0.9963403940200806
                },
                {
                    "word": " Informed",
                    "start": 5.06,
                    "end": 5.44,
                    "probability": 0.8157283067703247
                },
                {
                    "word": " Trading",
                    "start": 5.44,
                    "end": 5.74,
                    "probability": 0.9944972395896912
                },
                {
                    "word": " with",
                    "start": 5.74,
                    "end": 6.02,
                    "probability": 0.997757613658905
                },
                {
                    "word": " Short",
                    "start": 6.02,
                    "end": 6.24,
                    "probability": 0.999255359172821
                },
                {
                    "word": "-Term",
                    "start": 6.24,
                    "end": 6.52,
                    "probability": 0.9584454496701559
                },
                {
                    "word": " Signals",
                    "start": 6.52,
                    "end": 7.02,
                    "probability": 0.9997060000896454
                },
                {
                    "word": " for",
                    "start": 7.02,
                    "end": 7.14,
                    "probability": 0.9996787309646606
                },
                {
                    "word": " Long",
                    "start": 7.14,
                    "end": 7.38,
                    "probability": 0.9999396800994873
                },
                {
                    "word": "-Term",
                    "start": 7.38,
                    "end": 7.7,
                    "probability": 0.9977070887883505
                },
                {
                    "word": " Investors.",
                    "start": 7.7,
                    "end": 8.4,
                    "probability": 0.99948850274086
                }
            ]
        },
        {
            "id": 1,
            "seek": 0,
            "start": 8.7,
            "end": 13.82,
            "text": " Can you talk about the problem you were trying to solve in this paper and the proposed solution?",