{
    "text": " It's a very hard thing to sell because I think the allocation structure of pensions is not really, you know, I mean, the way things are bucketed, it's not really designed to substitute volatility risk premium for a corporate bond.",
    "segments": [
        {
            "id": 0,
            "seek": 0,
            "start": 0.0,
            "end": 14.4,
            "text": " It's a very hard thing to sell because I think the allocation structure of pensions is not really, you know, I mean, the way things are bucketed, it's not really designed to substitute volatility risk premium for a corporate bond.",
            "tokens": [
                50365,
                467,
                311,
                257,
                588,
                1152,
                551,
                281,
                3607,
                570,
                286,
                519,
                264,
                27599,
                3877,
                295,
                6099,
                626,
                307,
                406,
                534,
                11,
                291,
                458,
                11,
                286,
                914,
                11,
                264,
                636,
                721,
                366,
                13058,
                292,
                11,
                309,
                311,
                406,
                534,
                4761,
                281,
                15802,
                25877,
                3148,
                12049,
                337,
                257,
                10896,
                6086,
                13,
                51094
            ],
            "temperature": 0.0,
            "avg_logprob": -0.05530719573681171,
            "compression_ratio": 1.4375,
            "no_speech_prob": 0.0026308507658541203,
            "words": [
                {
                    "word": " It's",
                    "start": 0.0,
                    "end": 0.16,
                    "probability": 0.9745924770832062
                },
                {
                    "word": " a",
                    "start": 0.16,
                    "end": 0.22,
                    "probability": 0.999573290348053
                },
                {
                    "word": " very",
                    "start": 0.22,
                    "end": 0.44,
                    "probability": 0.9998084902763367
                },
                {
                    "word": " hard",
                    "start": 0.44,
                    "end": 0.72,
                    "probability": 0.9999420642852783
                },
                {
                    "word": " thing",
                    "start": 0.72,
                    "end": 0.98,
                    "probability": 0.9999092817306519
                },
                {
                    "word": " to",
                    "start": 0.98,
                    "end": 1.2,
                    "probability": 0.9998520612716675
                },
                {
                    "word": " sell",
                    "start": 1.2,
                    "end": 1.54,
                    "probability": 0.9997738003730774
                },
                {
                    "word": " because",
                    "start": 1.54,
                    "end": 1.98,
                    "probability": 0.9005821943283081
                },
                {
                    "word": " I",
                    "start": 1.98,
                    "end": 2.4,
                    "probability": 0.9970932006835938
                },
                {
                    "word": " think",
                    "start": 2.4,
                    "end": 2.64,
                    "probability": 0.9999107122421265
                },
                {
                    "word": " the",
                    "start": 2.64,
                    "end": 2.88,
                    "probability": 0.9997573494911194
                },
                {
                    "word": " allocation",
                    "start": 2.88,
                    "end": 3.38,
                    "probability": 0.999665379524231
                },
                {
                    "word": " structure",
                    "start": 3.38,
                    "end": 3.98,
                    "probability": 0.9998327493667603
                },
                {
                    "word": " of",
                    "start": 3.98,
                    "end": 4.66,
                    "probability": 0.999701201915741
                },
                {
                    "word": " pensions",
                    "start": 4.66,
                    "end": 5.22,
                    "probability": 0.9997968971729279
                },
                {
                    "word": " is",
                    "start": 5.22,
                    "end": 5.34,
                    "probability": 0.9952131509780884
                },
                {
                    "word": " not",
                    "start": 5.34,
                    "end": 5.52,
                    "probability": 0.9992050528526306
                },
                {
                    "word": " really,",
                    "start": 5.52,
                    "end": 5.9,
                    "probability": 0.9979502558708191
                },
                {
                    "word": " you",
                    "start": 6.02,
                    "end": 6.2,
                    "probability": 0.8793625831604004
                },
                {
                    "word": " know,",
                    "start": 6.2,
                    "end": 6.42,
                    "probability": 0.9998823404312134
                },
                {
                    "word": " I",
                    "start": 6.42,
                    "end": 6.58,
                    "probability": 0.9949550032615662
                },
                {
                    "word": " mean,",
                    "start": 6.58,
                    "end": 6.7,
                    "probability": 0.9997023940086365
                },
                {
                    "word": " the",
                    "start": 6.74,
                    "end": 6.8,
                    "probability": 0.9996539354324341
                },
                {
                    "word": " way",
                    "start": 6.8,
                    "end": 7.0,
                    "probability": 0.9999091625213623
                },
                {
                    "word": " things",
                    "start": 7.0,
                    "end": 7.26,
                    "probability": 0.9997722506523132
                },
                {
                    "word": " are",
                    "start": 7.26,
                    "end": 7.52,
                    "probability": 0.9999676942825317
                },
                {
                    "word": " bucketed,",
                    "start": 7.52,
                    "end": 8.12,
                    "probability": 0.9953759908676147
                },
                {
                    "word": " it's",
                    "start": 8.12,
                    "end": 8.66,
                    "probability": 0.9998579323291779
                },
                {
                    "word": " not",
                    "start": 8.66,
                    "end": 8.8,
                    "probability": 0.999942421913147
                },
                {
                    "word": " really",
                    "start": 8.8,
                    "end": 9.08,
                    "probability": 0.9999364614486694
                },
                {
                    "word": " designed",
                    "start": 9.08,
                    "end": 9.54,