{
    "text": " Very well.",
    "segments": [
        {
            "id": 0,
            "seek": 0,
            "start": 0.0,
            "end": 0.24,
            "text": " Very well.",
            "tokens": [
                50365,
                4372,
                731,
                13,
                50385
            ],
            "temperature": 0.0,
            "avg_logprob": -0.21849296490351358,
            "compression_ratio": 0.5555555555555556,
            "no_speech_prob": 0.059427354484796524,
            "words": [
                {
                    "word": " Very",
                    "start": 0.0,
                    "end": 0.22,
                    "probability": 0.7448123097419739
                },
                {
                    "word": " well.",
                    "start": 0.22,
                    "end": 0.24,
                    "probability": 0.6109594106674194
                }
            ]
        }
    ],
    "language": "en"
}