{
    "text": " well.",
    "segments": [
        {
            "id": 0,
            "seek": 0,
            "start": 0.0,
            "end": 0.1,
            "text": " well.",
            "tokens": [
                50365,
                731,
                13,
                50376
            ],
            "temperature": 0.0,
            "avg_logprob": -0.7712452411651611,
            "compression_ratio": 0.38461538461538464,
            "no_speech_prob": 0.5885100960731506,
            "words": [
                {
                    "word": " well.",
                    "start": 0.0,
                    "end": 0.1,
                    "probability": 0.26705870032310486
                }
            ]
        }
    ],
    "language": "en"
}