{
    "text": " Yes.",
    "segments": [
        {
            "id": 0,
            "seek": 0,
            "start": 0.0,
            "end": 0.2,
            "text": " Yes.",
            "tokens": [
                50365,
                1079,
                13,
                50386
            ],
            "temperature": 0.0,
            "avg_logprob": -0.16418287754058838,
            "compression_ratio": 0.3333333333333333,
            "no_speech_prob": 0.016655173152685165,
            "words": [
                {
                    "word": " Yes.",
                    "start": 0.0,
                    "end": 0.2,
                    "probability": 0.9129716157913208
                }
            ]
        }
    ],
    "language": "en"
}