{
    "text": " I'm ready.",
    "segments": [
        {
            "id": 0,
            "seek": 0,
            "start": 0.0,
            "end": 0.3,
            "text": " I'm ready.",
            "tokens": [
                50365,
                286,
                478,
                1919,
                13,
                50389
            ],
            "temperature": 0.0,
            "avg_logprob": -0.030993546758379256,
            "compression_ratio": 0.5555555555555556,
            "no_speech_prob": 0.007084742654114962,
            "words": [
                {
                    "word": " I'm",
                    "start": 0.0,
                    "end": 0.14,
                    "probability": 0.9408192336559296
                },
                {
                    "word": " ready.",
                    "start": 0.14,
                    "end": 0.3,
                    "probability": 0.9957380294799805
                }
            ]
        }
    ],
    "language": "en"
}