{
    "text": " Oh my God.",
    "segments": [
        {
            "id": 0,
            "seek": 0,
            "start": 0.0,
            "end": 0.08,
            "text": " Oh my God.",
            "tokens": [
                50365,
                876,
                452,
                1265,
                13,
                50370
            ],
            "temperature": 0.0,
            "avg_logprob": -0.6190665108816964,
            "compression_ratio": 0.5555555555555556,
            "no_speech_prob": 0.8231711387634277,
            "words": [
                {
                    "word": " Oh",
                    "start": 0.0,
                    "end": 0.06,
                    "probability": 0.09471262246370316
                },
                {
                    "word": " my",
                    "start": 0.06,
                    "end": 0.06,
                    "probability": 0.5899916887283325
                },
                {
                    "word": " God.",
                    "start": 0.06,
                    "end": 0.08,
                    "probability": 0.47577279806137085
                }
            ]
        }
    ],
    "language": "en"
}