{
    "text": " Why the commodities space?",
    "segments": [
        {
            "id": 0,
            "seek": 0,
            "start": 0.0,
            "end": 1.54,
            "text": " Why the commodities space?",
            "tokens": [
                50365,
                1545,
                264,
                40777,
                1901,
                30,
                50466
            ],
            "temperature": 0.0,
            "avg_logprob": -0.06077641248703003,
            "compression_ratio": 0.7647058823529411,
            "no_speech_prob": 0.002369648078456521,
            "words": [
                {
                    "word": " Why",
                    "start": 0.0,
                    "end": 0.22,
                    "probability": 0.9443867802619934
                },
                {
                    "word": " the",
                    "start": 0.22,
                    "end": 0.56,
                    "probability": 0.9943133592605591
                },
                {
                    "word": " commodities",
                    "start": 0.56,
                    "end": 1.02,
                    "probability": 0.7661691904067993
                },
                {
                    "word": " space?",
                    "start": 1.02,
                    "end": 1.54,
                    "probability": 0.9937980771064758
                }
            ]
        }
    ],
    "language": "en"
}