{
    "text": " idea.",
    "segments": [
        {
            "id": 0,
            "seek": 0,
            "start": 0.0,
            "end": 0.2,
            "text": " idea.",
            "tokens": [
                50365,
                1558,
                13,
                50382
            ],
            "temperature": 0.0,
            "avg_logprob": -0.5099076747894287,
            "compression_ratio": 0.38461538461538464,
            "no_speech_prob": 0.2832063138484955,
            "words": [
                {
                    "word": " idea.",
                    "start": 0.0,
                    "end": 0.2,
                    "probability": 0.13371729850769043
                }
            ]
        }
    ],
    "language": "en"
}