{
    "text": " I want to emphasize that because I think if I'm following you correctly, that is a very different aspect of the commodity market than the equity market, which is if I'm following you again, you can actually have positive carry and have long convexity at the same time or positive expected carry from the roll down of the futures curve.",
    "segments": [
        {
            "id": 0,
            "seek": 0,
            "start": 0.0,
            "end": 16.46,
            "text": " I want to emphasize that because I think if I'm following you correctly, that is a very different aspect of the commodity market than the equity market, which is if I'm following you again, you can actually have positive carry and have long convexity at the same time or positive expected carry from the roll down of the futures curve.",
            "tokens": [
                50365,
                286,
                528,
                281,
                16078,
                300,
                570,
                286,
                519,
                498,
                286,
                478,
                3480,
                291,
                8944,
                11,
                300,
                307,
                257,
                588,
                819,
                4171,
                295,
                264,
                29125,
                2142,
                813,
                264,
                10769,
                2142,
                11,
                597,
                307,
                498,
                286,
                478,
                3480,
                291,
                797,
                11,
                291,
                393,
                767,
                362,
                3353,
                3985,
                293,
                362,
                938,
                42432,
                507,
                412,
                264,
                912,
                565,
                420,
                3353,
                5176,
                3985,
                490,
                264,
                3373,
                760,
                295,
                264,
                26071,
                7605,
                13,
                51204
            ],
            "temperature": 0.0,
            "avg_logprob": -0.04881417410714286,
            "compression_ratio": 1.6502463054187193,
            "no_speech_prob": 0.0003249912988394499,
            "words": [
                {
                    "word": " I",
                    "start": 0.0,
                    "end": 0.08,
                    "probability": 0.9769390225410461
                },
                {
                    "word": " want",
                    "start": 0.08,
                    "end": 0.14,
                    "probability": 0.9574446082115173
                },
                {
                    "word": " to",
                    "start": 0.14,
                    "end": 0.22,
                    "probability": 0.9998784065246582
                },
                {
                    "word": " emphasize",
                    "start": 0.22,
                    "end": 0.86,
                    "probability": 0.9951508045196533
                },
                {
                    "word": " that",
                    "start": 0.86,
                    "end": 1.2,
                    "probability": 0.9996335506439209
                },
                {
                    "word": " because",
                    "start": 1.2,
                    "end": 1.36,
                    "probability": 0.9007790684700012
                },
                {
                    "word": " I",
                    "start": 1.36,
                    "end": 1.46,
                    "probability": 0.9948345422744751
                },
                {
                    "word": " think",
                    "start": 1.46,
                    "end": 1.62,
                    "probability": 0.9996095299720764
                },
                {
                    "word": " if",
                    "start": 1.62,
                    "end": 1.94,
                    "probability": 0.9907179474830627
                },
                {
                    "word": " I'm",
                    "start": 1.94,
                    "end": 2.14,
                    "probability": 0.999238133430481
                },
                {
                    "word": " following",
                    "start": 2.14,
                    "end": 2.62,
                    "probability": 0.9999209642410278
                },
                {
                    "word": " you",
                    "start": 2.62,
                    "end": 2.8,
                    "probability": 0.9998559951782227
                },
                {
                    "word": " correctly,",
                    "start": 2.8,
                    "end": 3.08,
                    "probability": 0.9994397759437561
                },
                {
                    "word": " that",
                    "start": 3.26,
                    "end": 3.34,
                    "probability": 0.9995219707489014
                },
                {
                    "word": " is",
                    "start": 3.34,
                    "end": 3.48,
                    "probability": 0.9999294281005859
                },
                {
                    "word": " a",
                    "start": 3.48,
                    "end": 3.58,
                    "probability": 0.9998787641525269
                },
                {
                    "word": " very",
                    "start": 3.58,
                    "end": 4.0,
                    "probability": 0.9995736479759216
                },
                {
                    "word": " different",
                    "start": 4.0,
                    "end": 4.34,
                    "probability": 0.9998564720153809
                },
                {
                    "word": " aspect",
                    "start": 4.34,
                    "end": 4.82,
                    "probability": 0.9998883008956909
                },
                {
                    "word": " of",
                    "start": 4.82,
                    "end": 5.02,
                    "probability": 0.9949594736099243
                },
                {
                    "word": " the",
                    "start": 5.02,
                    "end": 5.08,
                    "probability": 0.9998517036437988
                },
                {
                    "word": " commodity",
                    "start": 5.08,
                    "end": 5.38,
                    "probability": 0.9996680021286011
                },
                {
                    "word": " market",
                    "start": 5.38,
                    "end": 5.72,
                    "probability": 0.9985889792442322
                },
                {
                    "word": " than",
                    "start": 5.72,
                    "end": 5.88,
                    "probability": 0.9982054233551025
                },
                {
                    "word": " the",
                    "start": 5.88,
                    "end": 5.96,
                    "probability": 0.9997732043266296
                },
                {
                    "word": " equity",
                    "start": 5.96,
                    "end": 6.18,
                    "probability": 0.9999004602432251
                },
                {
                    "word": " market,",
                    "start": 6.18,
                    "end": 6.48,
                    "probability": 0.9998233914375305
                },
                {
                    "word": " which",
                    "start": 6.58,
                    "end": 6.8,