{
    "text": " And.",
    "segments": [
        {
            "id": 0,
            "seek": 0,
            "start": 0.0,
            "end": 0.08,
            "text": " And.",
            "tokens": [
                50365,
                400,
                13,
                50370
            ],
            "temperature": 0.0,
            "avg_logprob": -0.8324826240539551,
            "compression_ratio": 0.3333333333333333,
            "no_speech_prob": 0.9015294313430786,
            "words": [
                {
                    "word": " And.",
                    "start": 0.0,
                    "end": 0.08,
                    "probability": 0.1477721631526947
                }
            ]
        }
    ],
    "language": "en"
}