{
    "text": " Anyway.",
    "segments": [
        {
            "id": 0,
            "seek": 0,
            "start": 0.0,
            "end": 0.2,
            "text": " Anyway.",
            "tokens": [
                50365,
                5684,
                13,
                50385
            ],
            "temperature": 0.0,
            "avg_logprob": -0.18028268814086915,
            "compression_ratio": 0.4666666666666667,
            "no_speech_prob": 0.0055399383418262005,
            "words": [
                {
                    "word": " Anyway.",
                    "start": 0.0,
                    "end": 0.2,
                    "probability": 0.6881346702575684
                }
            ]
        }
    ],
    "language": "en"
}