{
    "text": " Thank you.",
    "segments": [
        {
            "id": 0,
            "seek": 0,
            "start": 0.17999999999999997,
            "end": 0.24,
            "text": " Thank you.",
            "tokens": [
                50365,
                1044,
                291,
                13,
                50386
            ],
            "temperature": 0.0,
            "avg_logprob": -0.9428046544392904,
            "compression_ratio": 0.5555555555555556,
            "no_speech_prob": 0.3754189610481262,
            "words": [
                {
                    "word": " Thank",
                    "start": 0.17999999999999997,
                    "end": 0.22,
                    "probability": 0.04136979579925537
                },
                {
                    "word": " you.",
                    "start": 0.22,
                    "end": 0.24,
                    "probability": 0.9946017265319824
                }
            ]
        }
    ],
    "language": "en"
}