{
    "text": " you",
    "segments": [
        {
            "id": 0,
            "seek": 0,
            "start": -0.02,
            "end": 0.0,
            "text": " you",
            "tokens": [
                50365,
                291,
                50369
            ],
            "temperature": 0.0,
            "avg_logprob": -0.9293839335441589,
            "compression_ratio": 0.2727272727272727,
            "no_speech_prob": 0.9276482462882996,
            "words": [
                {
                    "word": " you",
                    "start": -0.02,
                    "end": 0.0,
                    "probability": 0.34161925315856934
                }
            ]
        }
    ],
    "language": "en"
}