{
    "text": " any",
    "segments": [
        {
            "id": 0,
            "seek": 0,
            "start": 0.0,
            "end": 0.08,
            "text": " any",
            "tokens": [
                50365,
                604,
                50373
            ],
            "temperature": 0.0,
            "avg_logprob": -0.7624319195747375,
            "compression_ratio": 0.2727272727272727,
            "no_speech_prob": 0.6498746275901794,
            "words": [
                {
                    "word": " any",
                    "start": 0.0,
                    "end": 0.08,
                    "probability": 0.12259052693843842
                }
            ]
        }
    ],
    "language": "en"
}