{
    "text": " Thanks, Corey.",
    "segments": [
        {
            "id": 0,
            "seek": 0,
            "start": 0.0,
            "end": 0.24,
            "text": " Thanks, Corey.",
            "tokens": [
                50365,
                2561,
                11,
                39136,
                13,
                50384
            ],
            "temperature": 0.0,
            "avg_logprob": -0.2098399911608015,
            "compression_ratio": 0.6363636363636364,
            "no_speech_prob": 0.0020481294486671686,
            "words": [
                {
                    "word": " Thanks,",
                    "start": 0.0,
                    "end": 0.1,
                    "probability": 0.9795339107513428
                },
                {
                    "word": " Corey.",
                    "start": 0.12,
                    "end": 0.24,
                    "probability": 0.9697749018669128
                }
            ]
        }
    ],
    "language": "en"
}