{
    "text": " Well, you led me really nicely into the next question I wanted to ask, which is what are some of the considerations, you know, maybe the boxes that need to be checked for when you're going to introduce a new alternative market and then conversely, when you're going to sunset a market from the program?",
    "segments": [
        {
            "id": 0,
            "seek": 0,
            "start": 0.0,
            "end": 16.84,
            "text": " Well, you led me really nicely into the next question I wanted to ask, which is what are some of the considerations, you know, maybe the boxes that need to be checked for when you're going to introduce a new alternative market and then conversely, when you're going to sunset a market from the program?",
            "tokens": [
                50365,
                1042,
                11,
                291,
                4684,
                385,
                534,
                9594,
                666,
                264,
                958,
                1168,
                286,
                1415,
                281,
                1029,
                11,
                597,
                307,
                437,
                366,
                512,
                295,
                264,
                24070,
                11,
                291,
                458,
                11,
                1310,
                264,
                9002,
                300,
                643,
                281,
                312,
                10033,
                337,
                562,
                291,
                434,
                516,
                281,
                5366,
                257,
                777,
                8535,
                2142,
                293,
                550,
                2615,
                736,
                11,
                562,
                291,
                434,
                516,
                281,
                20142,
                257,
                2142,
                490,
                264,
                1461,
                30,
                51221
            ],
            "temperature": 0.0,
            "avg_logprob": -0.07644360101045068,
            "compression_ratio": 1.6063829787234043,
            "no_speech_prob": 0.0011510240146890283,
            "words": [
                {
                    "word": " Well,",
                    "start": 0.0,
                    "end": 0.1,
                    "probability": 0.8481857776641846
                },
                {
                    "word": " you",
                    "start": 0.1,
                    "end": 0.14,
                    "probability": 0.9988141059875488
                },
                {
                    "word": " led",
                    "start": 0.14,
                    "end": 0.28,
                    "probability": 0.9676639437675476
                },
                {
                    "word": " me",
                    "start": 0.28,
                    "end": 0.4,
                    "probability": 0.9996469020843506
                },
                {
                    "word": " really",
                    "start": 0.4,
                    "end": 0.62,
                    "probability": 0.9974701404571533
                },
                {
                    "word": " nicely",
                    "start": 0.62,
                    "end": 1.0,
                    "probability": 0.9995970129966736
                },
                {
                    "word": " into",
                    "start": 1.0,
                    "end": 1.28,
                    "probability": 0.9595656394958496
                },
                {
                    "word": " the",
                    "start": 1.28,
                    "end": 1.84,
                    "probability": 0.9959169030189514
                },
                {
                    "word": " next",
                    "start": 1.84,
                    "end": 2.04,
                    "probability": 0.999638557434082
                },
                {
                    "word": " question",
                    "start": 2.04,
                    "end": 2.32,
                    "probability": 0.9995155334472656
                },
                {
                    "word": " I",
                    "start": 2.32,
                    "end": 2.52,
                    "probability": 0.9745967984199524
                },
                {
                    "word": " wanted",
                    "start": 2.52,
                    "end": 2.7,
                    "probability": 0.9973740577697754
                },
                {
                    "word": " to",
                    "start": 2.7,
                    "end": 2.84,
                    "probability": 0.9997919201850891
                },
                {
                    "word": " ask,",
                    "start": 2.84,
                    "end": 3.18,
                    "probability": 0.999661922454834
                },
                {
                    "word": " which",
                    "start": 3.3,
                    "end": 3.54,
                    "probability": 0.9984183311462402
                },
                {
                    "word": " is",
                    "start": 3.54,
                    "end": 3.76,
                    "probability": 0.9991040825843811
                },
                {
                    "word": " what",
                    "start": 3.76,
                    "end": 3.88,
                    "probability": 0.7534508109092712
                },
                {
                    "word": " are",
                    "start": 3.88,
                    "end": 3.96,
                    "probability": 0.9996774196624756
                },
                {
                    "word": " some",
                    "start": 3.96,
                    "end": 4.1,
                    "probability": 0.9990653395652771
                },
                {
                    "word": " of",
                    "start": 4.1,
                    "end": 4.2,
                    "probability": 0.997374415397644
                },
                {
                    "word": " the",
                    "start": 4.2,
                    "end": 4.2,
                    "probability": 0.9989233613014221
                },
                {
                    "word": " considerations,",
                    "start": 4.2,
                    "end": 4.76,
                    "probability": 0.9982325434684753
                },
                {
                    "word": " you",
                    "start": 5.08,
                    "end": 5.82,
                    "probability": 0.7351542115211487
                },
                {
                    "word": " know,",
                    "start": 5.82,
                    "end": 5.98,
                    "probability": 0.9997639060020447
                },
                {
                    "word": " maybe",
                    "start": 5.98,
                    "end": 6.12,
                    "probability": 0.997014045715332
                },
                {
                    "word": " the",
                    "start": 6.12,
                    "end": 6.28,
                    "probability": 0.6750433444976807
                },
                {
                    "word": " boxes",
                    "start": 6.28,
                    "end": 6.98,
                    "probability": 0.944512665271759
                },
                {
                    "word": " that",
                    "start": 6.98,
                    "end": 7.36,
                    "probability": 0.9998062252998352
                },
                {
                    "word": " need",
                    "start": 7.36,