{
    "text": " Now, Doug, you are a mathematician by training, and you have done quant finance in several places over the last 30 years. Can you tell us a bit about those experiences, maybe some of the different models you've used in your career and lessons learned over the years?",
    "segments": [
        {
            "id": 0,
            "seek": 0,
            "start": 0.0,
            "end": 14.86,
            "text": " Now, Doug, you are a mathematician by training, and you have done quant finance in several places over the last 30 years. Can you tell us a bit about those experiences, maybe some of the different models you've used in your career and lessons learned over the years?",
            "tokens": [
                50365,
                823,
                11,
                12742,
                11,
                291,
                366,
                257,
                48281,
                538,
                3097,
                11,
                293,
                291,
                362,
                1096,
                4426,
                10719,
                294,
                2940,
                3190,
                670,
                264,
                1036,
                2217,
                924,
                13,
                1664,
                291,
                980,
                505,
                257,
                857,
                466,
                729,
                5235,
                11,
                1310,
                512,
                295,
                264,
                819,
                5245,
                291,
                600,
                1143,
                294,
                428,
                3988,
                293,
                8820,
                3264,
                670,
                264,
                924,
                30,
                51127
            ],
            "temperature": 0.0,
            "avg_logprob": -0.07115346809913373,
            "compression_ratio": 1.4378378378378378,
            "no_speech_prob": 0.00116819073446095,
            "words": [
                {
                    "word": " Now,",
                    "start": 0.0,
                    "end": 0.12,
                    "probability": 0.5501505136489868
                },
                {
                    "word": " Doug,",
                    "start": 0.12,
                    "end": 0.46,
                    "probability": 0.9961400628089905
                },
                {
                    "word": " you",
                    "start": 0.52,
                    "end": 0.9,
                    "probability": 0.9969844222068787
                },
                {
                    "word": " are",
                    "start": 0.9,
                    "end": 1.18,
                    "probability": 0.9968159794807434
                },
                {
                    "word": " a",
                    "start": 1.18,
                    "end": 1.36,
                    "probability": 0.9995480179786682
                },
                {
                    "word": " mathematician",
                    "start": 1.36,
                    "end": 1.82,
                    "probability": 0.9812881946563721
                },
                {
                    "word": " by",
                    "start": 1.82,
                    "end": 2.18,
                    "probability": 0.9965433478355408
                },
                {
                    "word": " training,",
                    "start": 2.18,
                    "end": 2.68,
                    "probability": 0.9994736313819885
                },
                {
                    "word": " and",
                    "start": 2.72,
                    "end": 3.2,
                    "probability": 0.9990586638450623
                },
                {
                    "word": " you",
                    "start": 3.2,
                    "end": 3.34,
                    "probability": 0.9997511506080627
                },
                {
                    "word": " have",
                    "start": 3.34,
                    "end": 3.5,
                    "probability": 0.9994891881942749
                },
                {
                    "word": " done",
                    "start": 3.5,
                    "end": 3.88,
                    "probability": 0.9990906715393066
                },
                {
                    "word": " quant",
                    "start": 3.88,
                    "end": 4.24,
                    "probability": 0.8995335102081299
                },
                {
                    "word": " finance",
                    "start": 4.24,
                    "end": 4.76,
                    "probability": 0.9862972497940063
                },
                {
                    "word": " in",
                    "start": 4.76,
                    "end": 5.14,
                    "probability": 0.9990384578704834
                },
                {
                    "word": " several",
                    "start": 5.14,
                    "end": 5.64,
                    "probability": 0.9998101592063904
                },
                {
                    "word": " places",
                    "start": 5.64,
                    "end": 6.06,
                    "probability": 0.9996380805969238
                },
                {
                    "word": " over",
                    "start": 6.06,
                    "end": 6.38,
                    "probability": 0.9942451119422913
                },
                {
                    "word": " the",
                    "start": 6.38,
                    "end": 6.52,
                    "probability": 0.9999126195907593
                },
                {
                    "word": " last",
                    "start": 6.52,
                    "end": 6.76,
                    "probability": 0.999634861946106
                },
                {
                    "word": " 30",
                    "start": 6.76,
                    "end": 7.1,
                    "probability": 0.9975664615631104
                },
                {
                    "word": " years.",
                    "start": 7.1,
                    "end": 7.52,
                    "probability": 0.9992720484733582
                },
                {
                    "word": " Can",
                    "start": 7.58,
                    "end": 7.84,
                    "probability": 0.9978148937225342
                },
                {
                    "word": " you",
                    "start": 7.84,
                    "end": 7.96,
                    "probability": 0.9998770952224731
                },
                {
                    "word": " tell",
                    "start": 7.96,
                    "end": 8.14,
                    "probability": 0.9997705817222595
                },
                {
                    "word": " us",
                    "start": 8.14,
                    "end": 8.26,
                    "probability": 0.9998906850814819
                },
                {
                    "word": " a",
                    "start": 8.26,
                    "end": 8.34,
                    "probability": 0.9993908405303955
                },
                {
                    "word": " bit",
                    "start": 8.34,
                    "end": 8.48,
                    "probability": 0.9996296167373657
                },
                {
                    "word": " about",
                    "start": 8.48,
                    "end": 8.64,
                    "probability": 0.9997674822807312
                },
                {
                    "word": " those",
                    "start": 8.64,
                    "end": 8.86,