{
    "text": " Given the operational complexity required to access a number of these markets, which might preclude less sophisticated players, is it possible that there's actually more sharks swimming in the same pond and that it's actually harder to extract alpha in some of these markets because it's only sophisticated players that's operating within them?",
    "segments": [
        {
            "id": 0,
            "seek": 0,
            "start": 0.0,
            "end": 24.38,
            "text": " Given the operational complexity required to access a number of these markets, which might preclude less sophisticated players, is it possible that there's actually more sharks swimming in the same pond and that it's actually harder to extract alpha in some of these markets because it's only sophisticated players that's operating within them?",
            "tokens": [
                50365,
                18600,
                264,
                16607,
                14024,
                4739,
                281,
                2105,
                257,
                1230,
                295,
                613,
                8383,
                11,
                597,
                1062,
                4346,
                32334,
                1570,
                16950,
                4150,
                11,
                307,
                309,
                1944,
                300,
                456,
                311,
                767,
                544,
                26312,
                11989,
                294,
                264,
                912,
                17384,
                293,
                300,
                309,
                311,
                767,
                6081,
                281,
                8947,
                8961,
                294,
                512,
                295,
                613,
                8383,
                570,
                309,
                311,
                787,
                16950,
                4150,
                300,
                311,
                7447,
                1951,
                552,
                30,
                51592
            ],
            "temperature": 0.0,
            "avg_logprob": -0.0827956423163414,
            "compression_ratio": 1.6945812807881773,
            "no_speech_prob": 9.911974484566599e-05,
            "words": [
                {
                    "word": " Given",
                    "start": 0.0,
                    "end": 0.2,
                    "probability": 0.8419054746627808
                },
                {
                    "word": " the",
                    "start": 0.2,
                    "end": 0.44,
                    "probability": 0.9995003938674927
                },
                {
                    "word": " operational",
                    "start": 0.44,
                    "end": 1.26,
                    "probability": 0.9983513355255127
                },
                {
                    "word": " complexity",
                    "start": 1.26,
                    "end": 2.02,
                    "probability": 0.9994378685951233
                },
                {
                    "word": " required",
                    "start": 2.02,
                    "end": 2.96,
                    "probability": 0.9931475520133972
                },
                {
                    "word": " to",
                    "start": 2.96,
                    "end": 3.54,
                    "probability": 0.9990923404693604
                },
                {
                    "word": " access",
                    "start": 3.54,
                    "end": 4.06,
                    "probability": 0.9984602928161621
                },
                {
                    "word": " a",
                    "start": 4.06,
                    "end": 4.82,
                    "probability": 0.9911963939666748
                },
                {
                    "word": " number",
                    "start": 4.82,
                    "end": 5.1,
                    "probability": 0.9994239807128906
                },
                {
                    "word": " of",
                    "start": 5.1,
                    "end": 5.36,
                    "probability": 0.9997180104255676
                },
                {
                    "word": " these",
                    "start": 5.36,
                    "end": 5.56,
                    "probability": 0.9991219639778137
                },
                {
                    "word": " markets,",
                    "start": 5.56,
                    "end": 6.04,
                    "probability": 0.990094006061554
                },
                {
                    "word": " which",
                    "start": 6.3,
                    "end": 6.7,
                    "probability": 0.9913001656532288
                },
                {
                    "word": " might",
                    "start": 6.7,
                    "end": 6.96,
                    "probability": 0.9630009531974792
                },
                {
                    "word": " preclude",
                    "start": 6.96,
                    "end": 8.12,
                    "probability": 0.9921830594539642
                },
                {
                    "word": " less",
                    "start": 8.12,
                    "end": 8.52,
                    "probability": 0.9909362196922302
                },
                {
                    "word": " sophisticated",
                    "start": 8.52,
                    "end": 9.24,
                    "probability": 0.9982251524925232
                },
                {
                    "word": " players,",
                    "start": 9.24,
                    "end": 9.94,
                    "probability": 0.9927527904510498
                },
                {
                    "word": " is",
                    "start": 10.16,
                    "end": 10.88,
                    "probability": 0.9883710741996765
                },
                {
                    "word": " it",
                    "start": 10.88,
                    "end": 10.98,
                    "probability": 0.9992902278900146
                },
                {
                    "word": " possible",
                    "start": 10.98,
                    "end": 11.22,
                    "probability": 0.9991337656974792
                },
                {
                    "word": " that",
                    "start": 11.22,
                    "end": 11.62,
                    "probability": 0.9973897337913513
                },
                {
                    "word": " there's",
                    "start": 11.62,
                    "end": 12.1,
                    "probability": 0.9924700856208801
                },
                {
                    "word": " actually",
                    "start": 12.1,
                    "end": 12.32,
                    "probability": 0.9951916933059692
                },
                {
                    "word": " more",
                    "start": 12.32,
                    "end": 12.6,
                    "probability": 0.992527961730957
                },
                {
                    "word": " sharks",
                    "start": 12.6,
                    "end": 13.54,
                    "probability": 0.9778688549995422
                },
                {
                    "word": " swimming",
                    "start": 13.54,
                    "end": 14.7,
                    "probability": 0.9787822365760803
                },
                {
                    "word": " in",
                    "start": 14.7,
                    "end": 15.04,