{
    "text": " You've spent your career straddling sort of both quant and discretionary in your different roles. Given that perspective, maybe you could share some thoughts around what do quants typically get wrong? And what do you think non quants get wrong?",
    "segments": [
        {
            "id": 0,
            "seek": 0,
            "start": 0.0,
            "end": 15.6,
            "text": " You've spent your career straddling sort of both quant and discretionary in your different roles. Given that perspective, maybe you could share some thoughts around what do quants typically get wrong? And what do you think non quants get wrong?",
            "tokens": [
                50365,
                509,
                600,
                4418,
                428,
                3988,
                1056,
                25224,
                1688,
                1333,
                295,
                1293,
                4426,
                293,
                30140,
                822,
                294,
                428,
                819,
                9604,
                13,
                18600,
                300,
                4585,
                11,
                1310,
                291,
                727,
                2073,
                512,
                4598,
                926,
                437,
                360,
                421,
                1719,
                5850,
                483,
                2085,
                30,
                400,
                437,
                360,
                291,
                519,
                2107,
                421,
                1719,
                483,
                2085,
                30,
                51162
            ],
            "temperature": 0.0,
            "avg_logprob": -0.10779501357168522,
            "compression_ratio": 1.4969325153374233,
            "no_speech_prob": 0.00115065963473171,
            "words": [
                {
                    "word": " You've",
                    "start": 0.0,
                    "end": 0.1,
                    "probability": 0.8027400374412537
                },
                {
                    "word": " spent",
                    "start": 0.1,
                    "end": 0.32,
                    "probability": 0.9983662962913513
                },
                {
                    "word": " your",
                    "start": 0.32,
                    "end": 0.48,
                    "probability": 0.9987179040908813
                },
                {
                    "word": " career",
                    "start": 0.48,
                    "end": 0.88,
                    "probability": 0.9981794357299805
                },
                {
                    "word": " straddling",
                    "start": 0.88,
                    "end": 2.04,
                    "probability": 0.9487082362174988
                },
                {
                    "word": " sort",
                    "start": 2.04,
                    "end": 2.18,
                    "probability": 0.8262231349945068
                },
                {
                    "word": " of",
                    "start": 2.18,
                    "end": 2.3,
                    "probability": 0.9995046854019165
                },
                {
                    "word": " both",
                    "start": 2.3,
                    "end": 2.52,
                    "probability": 0.9936216473579407
                },
                {
                    "word": " quant",
                    "start": 2.52,
                    "end": 2.96,
                    "probability": 0.9296980500221252
                },
                {
                    "word": " and",
                    "start": 2.96,
                    "end": 3.4,
                    "probability": 0.9885174036026001
                },
                {
                    "word": " discretionary",
                    "start": 3.4,
                    "end": 4.7,
                    "probability": 0.9984883368015289
                },
                {
                    "word": " in",
                    "start": 4.7,
                    "end": 4.92,
                    "probability": 0.8920347094535828
                },
                {
                    "word": " your",
                    "start": 4.92,
                    "end": 5.12,
                    "probability": 0.9983935952186584
                },
                {
                    "word": " different",
                    "start": 5.12,
                    "end": 5.42,
                    "probability": 0.9991849064826965
                },
                {
                    "word": " roles.",
                    "start": 5.42,
                    "end": 5.8,
                    "probability": 0.9986722469329834
                },
                {
                    "word": " Given",
                    "start": 6.16,
                    "end": 6.7,
                    "probability": 0.98194420337677
                },
                {
                    "word": " that",
                    "start": 6.7,
                    "end": 6.88,
                    "probability": 0.9989105463027954
                },
                {
                    "word": " perspective,",
                    "start": 6.88,
                    "end": 7.32,
                    "probability": 0.9990653395652771
                },
                {
                    "word": " maybe",
                    "start": 7.68,
                    "end": 8.7,
                    "probability": 0.9790763854980469
                },
                {
                    "word": " you",
                    "start": 8.7,
                    "end": 8.84,
                    "probability": 0.9986231327056885
                },
                {
                    "word": " could",
                    "start": 8.84,
                    "end": 8.9,
                    "probability": 0.9763726592063904
                },
                {
                    "word": " share",
                    "start": 8.9,
                    "end": 9.06,
                    "probability": 0.9997233748435974
                },
                {
                    "word": " some",
                    "start": 9.06,
                    "end": 9.18,
                    "probability": 0.9988284707069397
                },
                {
                    "word": " thoughts",
                    "start": 9.18,
                    "end": 9.46,
                    "probability": 0.9996851682662964
                },
                {
                    "word": " around",
                    "start": 9.46,
                    "end": 9.72,
                    "probability": 0.9961005449295044
                },
                {
                    "word": " what",
                    "start": 9.72,
                    "end": 10.16,
                    "probability": 0.8872086405754089
                },
                {
                    "word": " do",
                    "start": 10.16,
                    "end": 10.54,
                    "probability": 0.9948050379753113
                },
                {
                    "word": " quants",
                    "start": 10.54,
                    "end": 11.28,
                    "probability": 0.9697949290275574
                },
                {
                    "word": " typically",
                    "start": 11.28,
                    "end": 12.0,
                    "probability": 0.984033465385437
                },
                {
                    "word": " get",
                    "start": 12.0,
                    "end": 12.58,
                    "probability": 0.9989774227142334
                },
                {
                    "word": " wrong?",