{
    "text": " maintain that strategy.",
    "segments": [
        {
            "id": 0,
            "seek": 0,
            "start": 0.0,
            "end": 0.86,
            "text": " maintain that strategy.",
            "tokens": [
                50365,
                6909,
                300,
                5206,
                13,
                50425
            ],
            "temperature": 0.0,
            "avg_logprob": -0.13621267250605992,
            "compression_ratio": 0.7931034482758621,
            "no_speech_prob": 0.010319284163415432,
            "words": [
                {
                    "word": " maintain",
                    "start": 0.0,
                    "end": 0.3,
                    "probability": 0.8990805149078369
                },
                {
                    "word": " that",
                    "start": 0.3,
                    "end": 0.62,
                    "probability": 0.9992152452468872
                },
                {
                    "word": " strategy.",
                    "start": 0.62,
                    "end": 0.86,
                    "probability": 0.9984858632087708
                }
            ]
        }
    ],
    "language": "en"
}