{
    "text": " So that's it.",
    "segments": [
        {
            "id": 0,
            "seek": 0,
            "start": 0.0,
            "end": 0.32,
            "text": " So that's it.",
            "tokens": [
                50365,
                407,
                300,
                311,
                309,
                13,
                50381
            ],
            "temperature": 0.0,
            "avg_logprob": -0.118971087038517,
            "compression_ratio": 0.6190476190476191,
            "no_speech_prob": 0.12231788039207458,
            "words": [
                {
                    "word": " So",
                    "start": 0.0,
                    "end": 0.1,
                    "probability": 0.9304018020629883
                },
                {
                    "word": " that's",
                    "start": 0.1,
                    "end": 0.32,
                    "probability": 0.9594612717628479
                },
                {
                    "word": " it.",
                    "start": 0.32,
                    "end": 0.32,
                    "probability": 0.591734766960144
                }
            ]
        }
    ],
    "language": "en"
}