{
    "text": " statement that",
    "segments": [
        {
            "id": 0,
            "seek": 0,
            "start": 0.0,
            "end": 0.52,
            "text": " statement that",
            "tokens": [
                50365,
                5629,
                300,
                50408
            ],
            "temperature": 0.0,
            "avg_logprob": -0.3291786193847656,
            "compression_ratio": 0.6363636363636364,
            "no_speech_prob": 0.016701174899935722,
            "words": [
                {
                    "word": " statement",
                    "start": 0.0,
                    "end": 0.5,
                    "probability": 0.8075730204582214
                },
                {
                    "word": " that",
                    "start": 0.5,
                    "end": 0.52,
                    "probability": 0.6774336695671082
                }
            ]
        }
    ],
    "language": "en"
}