{
    "text": " So is the current risk that trend followers have come now to outsize the producers and the consumers operating in this market and crowded out the trade and there's so much ample liquidity that it's not really a trade that can necessarily be profitable going forward?",
    "segments": [
        {
            "id": 0,
            "seek": 0,
            "start": 0.0,
            "end": 16.04,
            "text": " So is the current risk that trend followers have come now to outsize the producers and the consumers operating in this market and crowded out the trade and there's so much ample liquidity that it's not really a trade that can necessarily be profitable going forward?",
            "tokens": [
                50365,
                407,
                307,
                264,
                2190,
                3148,
                300,
                6028,
                13071,
                362,
                808,
                586,
                281,
                14758,
                1125,
                264,
                16080,
                293,
                264,
                11883,
                7447,
                294,
                341,
                2142,
                293,
                21634,
                484,
                264,
                4923,
                293,
                456,
                311,
                370,
                709,
                42857,
                33131,
                300,
                309,
                311,
                406,
                534,
                257,
                4923,
                300,
                393,
                4725,
                312,
                21608,
                516,
                2128,
                30,
                51179
            ],
            "temperature": 0.0,
            "avg_logprob": -0.08497866144720113,
            "compression_ratio": 1.5465116279069768,
            "no_speech_prob": 0.002321820706129074,
            "words": [
                {
                    "word": " So",
                    "start": 0.0,
                    "end": 0.12,
                    "probability": 0.943879246711731
                },
                {
                    "word": " is",
                    "start": 0.12,
                    "end": 0.2,
                    "probability": 0.9338036775588989
                },
                {
                    "word": " the",
                    "start": 0.2,
                    "end": 0.3,
                    "probability": 0.9987896084785461
                },
                {
                    "word": " current",
                    "start": 0.3,
                    "end": 0.58,
                    "probability": 0.9996699094772339
                },
                {
                    "word": " risk",
                    "start": 0.58,
                    "end": 0.9,
                    "probability": 0.9996612071990967
                },
                {
                    "word": " that",
                    "start": 0.9,
                    "end": 1.3,
                    "probability": 0.9989946484565735
                },
                {
                    "word": " trend",
                    "start": 1.3,
                    "end": 2.14,
                    "probability": 0.9971892237663269
                },
                {
                    "word": " followers",
                    "start": 2.14,
                    "end": 2.6,
                    "probability": 0.9994487166404724
                },
                {
                    "word": " have",
                    "start": 2.6,
                    "end": 2.96,
                    "probability": 0.9996140599250793
                },
                {
                    "word": " come",
                    "start": 2.96,
                    "end": 3.28,
                    "probability": 0.9995971322059631
                },
                {
                    "word": " now",
                    "start": 3.28,
                    "end": 3.58,
                    "probability": 0.9989458918571472
                },
                {
                    "word": " to",
                    "start": 3.58,
                    "end": 3.9,
                    "probability": 0.9992859959602356
                },
                {
                    "word": " outsize",
                    "start": 3.9,
                    "end": 4.94,
                    "probability": 0.996842086315155
                },
                {
                    "word": " the",
                    "start": 4.94,
                    "end": 5.6,
                    "probability": 0.9926982522010803
                },
                {
                    "word": " producers",
                    "start": 5.6,
                    "end": 6.18,
                    "probability": 0.9994181394577026
                },
                {
                    "word": " and",
                    "start": 6.18,
                    "end": 6.48,
                    "probability": 0.9981232285499573
                },
                {
                    "word": " the",
                    "start": 6.48,
                    "end": 6.52,
                    "probability": 0.9968457818031311
                },
                {
                    "word": " consumers",
                    "start": 6.52,
                    "end": 6.86,
                    "probability": 0.9972875118255615
                },
                {
                    "word": " operating",
                    "start": 6.86,
                    "end": 7.44,
                    "probability": 0.9996015429496765
                },
                {
                    "word": " in",
                    "start": 7.44,
                    "end": 7.72,
                    "probability": 0.9996963739395142
                },
                {
                    "word": " this",
                    "start": 7.72,
                    "end": 7.9,
                    "probability": 0.999854326248169
                },
                {
                    "word": " market",
                    "start": 7.9,
                    "end": 8.26,
                    "probability": 0.9998340606689453
                },
                {
                    "word": " and",
                    "start": 8.26,
                    "end": 8.82,
                    "probability": 0.9767650961875916
                },
                {
                    "word": " crowded",
                    "start": 8.82,
                    "end": 9.18,
                    "probability": 0.9848142266273499
                },
                {
                    "word": " out",
                    "start": 9.18,
                    "end": 9.36,
                    "probability": 0.9995311498641968
                },
                {
                    "word": " the",
                    "start": 9.36,
                    "end": 9.46,
                    "probability": 0.9995191097259521
                },
                {
                    "word": " trade",
                    "start": 9.46,
                    "end": 9.7,
                    "probability": 0.999683141708374
                },
                {
                    "word": " and",
                    "start": 9.7,
                    "end": 9.96,
                    "probability": 0.43329498171806335
                },
                {
                    "word": " there's",
                    "start": 9.96,
                    "end": 10.52,
                    "probability": 0.9799198806285858
                },
                {
                    "word": " so",
                    "start": 10.52,
                    "end": 10.96,
                    "probability": 0.999445378780365
                },
                {
                    "word": " much",