{
    "text": " That makes sense.",
    "segments": [
        {
            "id": 0,
            "seek": 0,
            "start": 0.0,
            "end": 0.22,
            "text": " That makes sense.",
            "tokens": [
                50365,
                663,
                1669,
                2020,
                13,
                50378
            ],
            "temperature": 0.0,
            "avg_logprob": -0.38883137702941895,
            "compression_ratio": 0.68,
            "no_speech_prob": 0.11082013696432114,
            "words": [
                {
                    "word": " That",
                    "start": 0.0,
                    "end": 0.14,
                    "probability": 0.1058446541428566
                },
                {
                    "word": " makes",
                    "start": 0.14,
                    "end": 0.16,
                    "probability": 0.8913315534591675
                },
                {
                    "word": " sense.",
                    "start": 0.16,
                    "end": 0.22,
                    "probability": 0.9698402285575867
                }
            ]
        }
    ],
    "language": "en"
}