{
    "text": " Thank you.",
    "segments": [
        {
            "id": 0,
            "seek": 0,
            "start": 0.0,
            "end": 0.04,
            "text": " Thank you.",
            "tokens": [
                50365,
                1044,
                291,
                13,
                50368
            ],
            "temperature": 0.0,
            "avg_logprob": -0.5970582167307535,
            "compression_ratio": 0.5555555555555556,
            "no_speech_prob": 0.9473739862442017,
            "words": [
                {
                    "word": " Thank",
                    "start": 0.0,
                    "end": 0.02,
                    "probability": 0.06428051739931107
                },
                {
                    "word": " you.",
                    "start": 0.02,
                    "end": 0.04,
                    "probability": 0.998540997505188
                }
            ]
        }
    ],
    "language": "en"
}