{
    "text": " to you.",
    "segments": [
        {
            "id": 0,
            "seek": 0,
            "start": 0.0,
            "end": 0.14,
            "text": " to you.",
            "tokens": [
                50365,
                281,
                291,
                13,
                50379
            ],
            "temperature": 0.0,
            "avg_logprob": -0.3414386510848999,
            "compression_ratio": 0.4666666666666667,
            "no_speech_prob": 0.17657089233398438,
            "words": [
                {
                    "word": " to",
                    "start": 0.0,
                    "end": 0.12,
                    "probability": 0.8174554705619812
                },
                {
                    "word": " you.",
                    "start": 0.12,
                    "end": 0.14,
                    "probability": 0.9950094223022461
                }
            ]
        }
    ],
    "language": "en"
}