{
    "text": " I have just a few, just a few. And by filters, you mean adding more bells and whistles. So it's not just buying when the signal turns off. It's a confluence of different indicators that all have to sort of be conditionally on at the same time.",
    "segments": [
        {
            "id": 0,
            "seek": 0,
            "start": 0.0,
            "end": 11.26,
            "text": " I have just a few, just a few. And by filters, you mean adding more bells and whistles. So it's not just buying when the signal turns off. It's a confluence of different indicators that all have to sort of be conditionally on at the same time.",
            "tokens": [
                50365,
                286,
                362,
                445,
                257,
                1326,
                11,
                445,
                257,
                1326,
                13,
                400,
                538,
                15995,
                11,
                291,
                914,
                5127,
                544,
                25474,
                293,
                49282,
                13,
                407,
                309,
                311,
                406,
                445,
                6382,
                562,
                264,
                6358,
                4523,
                766,
                13,
                467,
                311,
                257,
                1497,
                40432,
                295,
                819,
                22176,
                300,
                439,
                362,
                281,
                1333,
                295,
                312,
                4188,
                379,
                322,
                412,
                264,
                912,
                565,
                13,
                50940
            ],
            "temperature": 0.0,
            "avg_logprob": -0.0648011048634847,
            "compression_ratio": 1.463855421686747,
            "no_speech_prob": 0.0033753516618162394,
            "words": [
                {
                    "word": " I",
                    "start": 0.0,
                    "end": 0.22,
                    "probability": 0.9777408838272095
                },
                {
                    "word": " have",
                    "start": 0.22,
                    "end": 0.36,
                    "probability": 0.9996033310890198
                },
                {
                    "word": " just",
                    "start": 0.36,
                    "end": 0.64,
                    "probability": 0.9994557499885559
                },
                {
                    "word": " a",
                    "start": 0.64,
                    "end": 0.74,
                    "probability": 0.9980169534683228
                },
                {
                    "word": " few,",
                    "start": 0.74,
                    "end": 1.02,
                    "probability": 0.9999381303787231
                },
                {
                    "word": " just",
                    "start": 1.06,
                    "end": 1.38,
                    "probability": 0.9909420609474182
                },
                {
                    "word": " a",
                    "start": 1.38,
                    "end": 1.46,
                    "probability": 0.9853127598762512
                },
                {
                    "word": " few.",
                    "start": 1.46,
                    "end": 1.62,
                    "probability": 0.999962329864502
                },
                {
                    "word": " And",
                    "start": 1.66,
                    "end": 1.7,
                    "probability": 0.9882793426513672
                },
                {
                    "word": " by",
                    "start": 1.7,
                    "end": 1.76,
                    "probability": 0.999496340751648
                },
                {
                    "word": " filters,",
                    "start": 1.76,
                    "end": 2.08,
                    "probability": 0.9994211196899414
                },
                {
                    "word": " you",
                    "start": 2.16,
                    "end": 2.32,
                    "probability": 0.9999383687973022
                },
                {
                    "word": " mean",
                    "start": 2.32,
                    "end": 2.46,
                    "probability": 0.9999901056289673
                },
                {
                    "word": " adding",
                    "start": 2.46,
                    "end": 2.68,
                    "probability": 0.9991387128829956
                },
                {
                    "word": " more",
                    "start": 2.68,
                    "end": 3.04,
                    "probability": 0.9999589920043945
                },
                {
                    "word": " bells",
                    "start": 3.04,
                    "end": 3.7,
                    "probability": 0.9996871948242188
                },
                {
                    "word": " and",
                    "start": 3.7,
                    "end": 3.84,
                    "probability": 0.9999345541000366
                },
                {
                    "word": " whistles.",
                    "start": 3.84,
                    "end": 4.06,
                    "probability": 0.9999791383743286
                },
                {
                    "word": " So",
                    "start": 4.08,
                    "end": 4.26,
                    "probability": 0.9995447993278503
                },
                {
                    "word": " it's",
                    "start": 4.26,
                    "end": 4.38,
                    "probability": 0.9852981567382812
                },
                {
                    "word": " not",
                    "start": 4.38,
                    "end": 4.52,
                    "probability": 0.999954342842102
                },
                {
                    "word": " just",
                    "start": 4.52,
                    "end": 4.82,
                    "probability": 0.9999638795852661
                },
                {
                    "word": " buying",
                    "start": 4.82,
                    "end": 5.48,
                    "probability": 0.9978283047676086
                },
                {
                    "word": " when",
                    "start": 5.48,
                    "end": 5.76,
                    "probability": 0.999703586101532
                },
                {
                    "word": " the",
                    "start": 5.76,
                    "end": 5.88,
                    "probability": 0.9999829530715942
                },
                {
                    "word": " signal",
                    "start": 5.88,
                    "end": 6.16,
                    "probability": 0.9998237490653992
                },
                {
                    "word": " turns",
                    "start": 6.16,
                    "end": 6.38,
                    "probability": 0.9999750852584839
                },
                {
                    "word": " off.",
                    "start": 6.38,
                    "end": 6.7,
                    "probability": 0.9999799728393555
                },
                {
                    "word": " It's",
                    "start": 6.76,
                    "end": 6.92,
                    "probability": 0.9999725222587585
                },
                {
                    "word": " a",
                    "start": 6.92,
                    "end": 6.98,