{
    "text": " Absolutely. You could almost look at it, I guess, as if your system works in one currency, but you were to change the underlying currency, then it's more likely that your models fit to the currency and not the trends of the underlying markets you're trading.",
    "segments": [
        {
            "id": 0,
            "seek": 0,
            "start": 0.0,
            "end": 12.9,
            "text": " Absolutely. You could almost look at it, I guess, as if your system works in one currency, but you were to change the underlying currency, then it's more likely that your models fit to the currency and not the trends of the underlying markets you're trading.",
            "tokens": [
                50365,
                7021,
                13,
                509,
                727,
                1920,
                574,
                412,
                309,
                11,
                286,
                2041,
                11,
                382,
                498,
                428,
                1185,
                1985,
                294,
                472,
                13346,
                11,
                457,
                291,
                645,
                281,
                1319,
                264,
                14217,
                13346,
                11,
                550,
                309,
                311,
                544,
                3700,
                300,
                428,
                5245,
                3318,
                281,
                264,
                13346,
                293,
                406,
                264,
                13892,
                295,
                264,
                14217,
                8383,
                291,
                434,
                9529,
                13,
                51023
            ],
            "temperature": 0.0,
            "avg_logprob": -0.030527445307949132,
            "compression_ratio": 1.5449101796407185,
            "no_speech_prob": 0.00011681630712701008,
            "words": [
                {
                    "word": " Absolutely.",
                    "start": 0.0,
                    "end": 0.44,
                    "probability": 0.9869360327720642
                },
                {
                    "word": " You",
                    "start": 0.68,
                    "end": 1.12,
                    "probability": 0.9992499947547913
                },
                {
                    "word": " could",
                    "start": 1.12,
                    "end": 1.22,
                    "probability": 0.9989790916442871
                },
                {
                    "word": " almost",
                    "start": 1.22,
                    "end": 1.46,
                    "probability": 0.9999006986618042
                },
                {
                    "word": " look",
                    "start": 1.46,
                    "end": 1.66,
                    "probability": 0.9999434947967529
                },
                {
                    "word": " at",
                    "start": 1.66,
                    "end": 1.8,
                    "probability": 0.9999932050704956
                },
                {
                    "word": " it,",
                    "start": 1.8,
                    "end": 1.94,
                    "probability": 0.9998770952224731
                },
                {
                    "word": " I",
                    "start": 1.98,
                    "end": 2.02,
                    "probability": 0.9995598196983337
                },
                {
                    "word": " guess,",
                    "start": 2.02,
                    "end": 2.24,
                    "probability": 0.9999858140945435
                },
                {
                    "word": " as",
                    "start": 2.24,
                    "end": 2.48,
                    "probability": 0.9998811483383179
                },
                {
                    "word": " if",
                    "start": 2.48,
                    "end": 3.26,
                    "probability": 0.9992961883544922
                },
                {
                    "word": " your",
                    "start": 3.26,
                    "end": 3.42,
                    "probability": 0.9998992681503296
                },
                {
                    "word": " system",
                    "start": 3.42,
                    "end": 3.7,
                    "probability": 0.9999349117279053
                },
                {
                    "word": " works",
                    "start": 3.7,
                    "end": 3.94,
                    "probability": 0.9999712705612183
                },
                {
                    "word": " in",
                    "start": 3.94,
                    "end": 4.14,
                    "probability": 0.9999414682388306
                },
                {
                    "word": " one",
                    "start": 4.14,
                    "end": 4.3,
                    "probability": 0.9995527863502502
                },
                {
                    "word": " currency,",
                    "start": 4.3,
                    "end": 4.82,
                    "probability": 0.9998519420623779
                },
                {
                    "word": " but",
                    "start": 4.92,
                    "end": 5.62,
                    "probability": 0.9998794794082642
                },
                {
                    "word": " you",
                    "start": 5.62,
                    "end": 5.72,
                    "probability": 0.9998849630355835
                },
                {
                    "word": " were",
                    "start": 5.72,
                    "end": 5.82,
                    "probability": 0.9999662637710571
                },
                {
                    "word": " to",
                    "start": 5.82,
                    "end": 5.9,
                    "probability": 0.9999951124191284
                },
                {
                    "word": " change",
                    "start": 5.9,
                    "end": 6.2,
                    "probability": 0.9999896287918091
                },
                {
                    "word": " the",
                    "start": 6.2,
                    "end": 6.46,
                    "probability": 0.9999864101409912
                },
                {
                    "word": " underlying",
                    "start": 6.46,
                    "end": 6.78,
                    "probability": 0.9999940395355225
                },
                {
                    "word": " currency,",
                    "start": 6.78,
                    "end": 7.24,
                    "probability": 0.9999724626541138
                },
                {
                    "word": " then",
                    "start": 7.5,
                    "end": 7.68,
                    "probability": 0.9996353387832642
                },
                {
                    "word": " it's",
                    "start": 7.68,
                    "end": 8.14,
                    "probability": 0.9990114271640778
                },
                {
                    "word": " more",
                    "start": 8.14,
                    "end": 8.36,
                    "probability": 0.9999862909317017
                },
                {
                    "word": " likely",
                    "start": 8.36,
                    "end": 8.64,
                    "probability": 0.9999886751174927
                },
                {
                    "word": " that",
                    "start": 8.64,
                    "end": 8.8,