{
    "text": " So as you emerged from the lab, doing all your research, building a managed features product, as you came back from the field, doing all these studies with advisors and allocators, how does this come together? What's the final picture look like?",
    "segments": [
        {
            "id": 0,
            "seek": 0,
            "start": 0.0,
            "end": 14.38,
            "text": " So as you emerged from the lab, doing all your research, building a managed features product, as you came back from the field, doing all these studies with advisors and allocators, how does this come together? What's the final picture look like?",
            "tokens": [
                50365,
                407,
                382,
                291,
                20178,
                490,
                264,
                2715,
                11,
                884,
                439,
                428,
                2132,
                11,
                2390,
                257,
                6453,
                4122,
                1674,
                11,
                382,
                291,
                1361,
                646,
                490,
                264,
                2519,
                11,
                884,
                439,
                613,
                5313,
                365,
                29136,
                293,
                12660,
                3391,
                11,
                577,
                775,
                341,
                808,
                1214,
                30,
                708,
                311,
                264,
                2572,
                3036,
                574,
                411,
                30,
                51099
            ],
            "temperature": 0.0,
            "avg_logprob": -0.09369597611603914,
            "compression_ratio": 1.5123456790123457,
            "no_speech_prob": 0.0005567969055846334,
            "words": [
                {
                    "word": " So",
                    "start": 0.0,
                    "end": 0.08,
                    "probability": 0.6035868525505066
                },
                {
                    "word": " as",
                    "start": 0.08,
                    "end": 0.2,
                    "probability": 0.9194403886795044
                },
                {
                    "word": " you",
                    "start": 0.2,
                    "end": 0.4,
                    "probability": 0.9995551705360413
                },
                {
                    "word": " emerged",
                    "start": 0.4,
                    "end": 0.98,
                    "probability": 0.9962993264198303
                },
                {
                    "word": " from",
                    "start": 0.98,
                    "end": 1.3,
                    "probability": 0.9994633793830872
                },
                {
                    "word": " the",
                    "start": 1.3,
                    "end": 1.48,
                    "probability": 0.9994389414787292
                },
                {
                    "word": " lab,",
                    "start": 1.48,
                    "end": 1.82,
                    "probability": 0.9971246123313904
                },
                {
                    "word": " doing",
                    "start": 2.0,
                    "end": 2.52,
                    "probability": 0.9985435009002686
                },
                {
                    "word": " all",
                    "start": 2.52,
                    "end": 2.78,
                    "probability": 0.9996280670166016
                },
                {
                    "word": " your",
                    "start": 2.78,
                    "end": 2.96,
                    "probability": 0.9950826168060303
                },
                {
                    "word": " research,",
                    "start": 2.96,
                    "end": 3.44,
                    "probability": 0.9998641014099121
                },
                {
                    "word": " building",
                    "start": 3.66,
                    "end": 4.18,
                    "probability": 0.9992551207542419
                },
                {
                    "word": " a",
                    "start": 4.18,
                    "end": 4.34,
                    "probability": 0.9840128421783447
                },
                {
                    "word": " managed",
                    "start": 4.34,
                    "end": 4.52,
                    "probability": 0.8258256912231445
                },
                {
                    "word": " features",
                    "start": 4.52,
                    "end": 4.7,
                    "probability": 0.739352285861969
                },
                {
                    "word": " product,",
                    "start": 4.7,
                    "end": 5.16,
                    "probability": 0.9989045858383179
                },
                {
                    "word": " as",
                    "start": 5.26,
                    "end": 5.6,
                    "probability": 0.9990394711494446
                },
                {
                    "word": " you",
                    "start": 5.6,
                    "end": 5.88,
                    "probability": 0.9998975992202759
                },
                {
                    "word": " came",
                    "start": 5.88,
                    "end": 6.28,
                    "probability": 0.9995716214179993
                },
                {
                    "word": " back",
                    "start": 6.28,
                    "end": 6.54,
                    "probability": 0.9996967315673828
                },
                {
                    "word": " from",
                    "start": 6.54,
                    "end": 6.9,
                    "probability": 0.9997283816337585
                },
                {
                    "word": " the",
                    "start": 6.9,
                    "end": 7.5,
                    "probability": 0.9991117119789124
                },
                {
                    "word": " field,",
                    "start": 7.5,
                    "end": 7.82,
                    "probability": 0.9994789958000183
                },
                {
                    "word": " doing",
                    "start": 7.96,
                    "end": 8.76,
                    "probability": 0.9990296363830566
                },
                {
                    "word": " all",
                    "start": 8.76,
                    "end": 9.02,
                    "probability": 0.9997276663780212
                },
                {
                    "word": " these",
                    "start": 9.02,
                    "end": 9.24,
                    "probability": 0.9914025664329529
                },
                {
                    "word": " studies",
                    "start": 9.24,
                    "end": 9.96,
                    "probability": 0.9992252588272095
                },
                {
                    "word": " with",
                    "start": 9.96,
                    "end": 10.28,
                    "probability": 0.9987220168113708
                },
                {
                    "word": " advisors",
                    "start": 10.28,
                    "end": 10.62,
                    "probability": 0.9900326728820801
                },
                {
                    "word": " and",
                    "start": 10.62,
                    "end": 10.96,
                    "probability": 0.9976611137390137
                },
                {
                    "word": " allocators,",