{
    "text": " You've now over the years brought a number of managed futures products to market first in sort of hedge fund to funds, then a long board and a mutual fund structure, and then just recently launching another 40 act vehicle. How has the sort of operational structure of managing funds evolved over time? What's sort of the modern structure look like today?",
    "segments": [
        {
            "id": 0,
            "seek": 0,
            "start": 0.0,
            "end": 13.46,
            "text": " You've now over the years brought a number of managed futures products to market first in sort of hedge fund to funds, then a long board and a mutual fund structure, and then just recently launching another 40 act vehicle.",
            "tokens": [
                50365,
                509,
                600,
                586,
                670,
                264,
                924,
                3038,
                257,
                1230,
                295,
                6453,
                26071,
                3383,
                281,
                2142,
                700,
                294,
                1333,
                295,
                25304,
                2374,
                281,
                8271,
                11,
                550,
                257,
                938,
                3150,
                293,
                257,
                16917,
                2374,
                3877,
                11,
                293,
                550,
                445,
                3938,
                18354,
                1071,
                3356,
                605,
                5864,
                13,
                51061
            ],
            "temperature": 0.0,
            "avg_logprob": -0.13720640383268656,
            "compression_ratio": 1.6018099547511313,
            "no_speech_prob": 0.00017124808800872415,
            "words": [
                {
                    "word": " You've",
                    "start": 0.0,
                    "end": 0.18,
                    "probability": 0.9503247737884521
                },
                {
                    "word": " now",
                    "start": 0.18,
                    "end": 0.26,
                    "probability": 0.9959918856620789
                },
                {
                    "word": " over",
                    "start": 0.26,
                    "end": 0.52,
                    "probability": 0.7568070888519287
                },
                {
                    "word": " the",
                    "start": 0.52,
                    "end": 0.66,
                    "probability": 0.9993113279342651
                },
                {
                    "word": " years",
                    "start": 0.66,
                    "end": 1.0,
                    "probability": 0.9992626309394836
                },
                {
                    "word": " brought",
                    "start": 1.0,
                    "end": 1.64,
                    "probability": 0.8716038465499878
                },
                {
                    "word": " a",
                    "start": 1.64,
                    "end": 1.9,
                    "probability": 0.9979550838470459
                },
                {
                    "word": " number",
                    "start": 1.9,
                    "end": 2.28,
                    "probability": 0.9992959499359131
                },
                {
                    "word": " of",
                    "start": 2.28,
                    "end": 3.04,
                    "probability": 0.9982885718345642
                },
                {
                    "word": " managed",
                    "start": 3.04,
                    "end": 3.42,
                    "probability": 0.9131282567977905
                },
                {
                    "word": " futures",
                    "start": 3.42,
                    "end": 3.8,
                    "probability": 0.9621290564537048
                },
                {
                    "word": " products",
                    "start": 3.8,
                    "end": 4.3,
                    "probability": 0.984446108341217
                },
                {
                    "word": " to",
                    "start": 4.3,
                    "end": 4.58,
                    "probability": 0.9602587223052979
                },
                {
                    "word": " market",
                    "start": 4.58,
                    "end": 4.84,
                    "probability": 0.9967601895332336
                },
                {
                    "word": " first",
                    "start": 4.84,
                    "end": 5.18,
                    "probability": 0.8386779427528381
                },
                {
                    "word": " in",
                    "start": 5.18,
                    "end": 5.5,
                    "probability": 0.7732833027839661
                },
                {
                    "word": " sort",
                    "start": 5.5,
                    "end": 6.06,
                    "probability": 0.9552897810935974
                },
                {
                    "word": " of",
                    "start": 6.06,
                    "end": 6.18,
                    "probability": 0.9982436895370483
                },
                {
                    "word": " hedge",
                    "start": 6.18,
                    "end": 6.32,
                    "probability": 0.9833263754844666
                },
                {
                    "word": " fund",
                    "start": 6.32,
                    "end": 6.54,
                    "probability": 0.9861469864845276
                },
                {
                    "word": " to",
                    "start": 6.54,
                    "end": 6.66,
                    "probability": 0.7378804683685303
                },
                {
                    "word": " funds,",
                    "start": 6.66,
                    "end": 7.02,
                    "probability": 0.9898013472557068
                },
                {
                    "word": " then",
                    "start": 7.22,
                    "end": 7.9,
                    "probability": 0.9511471390724182
                },
                {
                    "word": " a",
                    "start": 7.9,
                    "end": 8.06,
                    "probability": 0.3998386561870575
                },
                {
                    "word": " long",
                    "start": 8.06,
                    "end": 8.58,
                    "probability": 0.9806327223777771
                },
                {
                    "word": " board",
                    "start": 8.58,
                    "end": 8.84,
                    "probability": 0.8419449925422668
                },
                {
                    "word": " and",
                    "start": 8.84,
                    "end": 8.94,
                    "probability": 0.5713842511177063
                },
                {
                    "word": " a",
                    "start": 8.94,
                    "end": 8.98,
                    "probability": 0.9444490671157837
                },
                {
                    "word": " mutual",
                    "start": 8.98,
                    "end": 9.18,
                    "probability": 0.9993860721588135
                },
                {
                    "word": " fund",
                    "start": 9.18,
                    "end": 9.42,
                    "probability": 0.9864282011985779
                },
                {
                    "word": " structure,",
                    "start": 9.42,
                    "end": 9.72,