{
    "text": " And,",
    "segments": [
        {
            "id": 0,
            "seek": 0,
            "start": 0.0,
            "end": 0.08,
            "text": " And,",
            "tokens": [
                50365,
                400,
                11,
                50376
            ],
            "temperature": 0.0,
            "avg_logprob": -0.2949207782745361,
            "compression_ratio": 0.3333333333333333,
            "no_speech_prob": 0.01571563072502613,
            "words": [
                {
                    "word": " And,",
                    "start": 0.0,
                    "end": 0.08,
                    "probability": 0.5145583152770996
                }
            ]
        }
    ],
    "language": "en"
}