{
    "text": " Bye.",
    "segments": [
        {
            "id": 0,
            "seek": 0,
            "start": 0.0,
            "end": 0.08,
            "text": " Bye.",
            "tokens": [
                50365,
                4621,
                13,
                50371
            ],
            "temperature": 0.0,
            "avg_logprob": -0.8185206413269043,
            "compression_ratio": 0.3333333333333333,
            "no_speech_prob": 0.9755111932754517,
            "words": [
                {
                    "word": " Bye.",
                    "start": 0.0,
                    "end": 0.08,
                    "probability": 0.1534656584262848
                }
            ]
        }
    ],
    "language": "en"
}