{
    "text": " about.",
    "segments": [
        {
            "id": 0,
            "seek": 0,
            "start": 0.0,
            "end": 0.08,
            "text": " about.",
            "tokens": [
                50365,
                466,
                13,
                50370
            ],
            "temperature": 0.0,
            "avg_logprob": -0.740563440322876,
            "compression_ratio": 0.42857142857142855,
            "no_speech_prob": 0.8914748430252075,
            "words": [
                {
                    "word": " about.",
                    "start": 0.0,
                    "end": 0.08,
                    "probability": 0.1542610079050064
                }
            ]
        }
    ],
    "language": "en"
}