{
    "text": " Bye.",
    "segments": [
        {
            "id": 0,
            "seek": 0,
            "start": 0.0,
            "end": 0.02,
            "text": " Bye.",
            "tokens": [
                50365,
                4621,
                13,
                50367
            ],
            "temperature": 0.0,
            "avg_logprob": -0.49624176025390626,
            "compression_ratio": 0.3333333333333333,
            "no_speech_prob": 0.8800858855247498,
            "words": [
                {
                    "word": " Bye.",
                    "start": 0.0,
                    "end": 0.02,
                    "probability": 0.31162962317466736
                }
            ]
        }
    ],
    "language": "en"
}