{
    "text": " you",
    "segments": [
        {
            "id": 0,
            "seek": 0,
            "start": 0.0,
            "end": 0.1,
            "text": " you",
            "tokens": [
                50365,
                291,
                50396
            ],
            "temperature": 0.0,
            "avg_logprob": -0.7097397446632385,
            "compression_ratio": 0.2727272727272727,
            "no_speech_prob": 0.799879252910614,
            "words": [
                {
                    "word": " you",
                    "start": 0.0,
                    "end": 0.1,
                    "probability": 0.3226533532142639
                }
            ]
        }
    ],
    "language": "en"
}