{
    "text": " strategy.",
    "segments": [
        {
            "id": 0,
            "seek": 0,
            "start": 0.0,
            "end": 0.3,
            "text": " strategy.",
            "tokens": [
                50365,
                5206,
                13,
                50390
            ],
            "temperature": 0.0,
            "avg_logprob": -0.510475492477417,
            "compression_ratio": 0.5294117647058824,
            "no_speech_prob": 0.15924608707427979,
            "words": [
                {
                    "word": " strategy.",
                    "start": 0.0,
                    "end": 0.3,
                    "probability": 0.9115477204322815
                }
            ]
        }
    ],
    "language": "en"
}