{
    "text": " Portfolio design always requires some heroic assumptions about correlations and volatilities, or maybe depending on how quantitative you want to get, risk factor sensitivities of the different components of the portfolio. What assumptions are you ultimately making in your design?",
    "segments": [
        {
            "id": 0,
            "seek": 0,
            "start": 0.0,
            "end": 13.34,
            "text": " Portfolio design always requires some heroic assumptions about correlations and volatilities, or maybe depending on how quantitative you want to get, risk factor sensitivities of the different components of the portfolio.",
            "tokens": [
                50365,
                6733,
                7082,
                1004,
                1715,
                1009,
                7029,
                512,
                32915,
                17695,
                466,
                13983,
                763,
                293,
                1996,
                267,
                3064,
                11,
                420,
                1310,
                5413,
                322,
                577,
                27778,
                291,
                528,
                281,
                483,
                11,
                3148,
                5952,
                17039,
                43539,
                295,
                264,
                819,
                6677,
                295,
                264,
                12583,
                13,
                51043
            ],
            "temperature": 0.0,
            "avg_logprob": -0.10231163718483664,
            "compression_ratio": 1.5384615384615385,
            "no_speech_prob": 0.030587278306484222,
            "words": [
                {
                    "word": " Portfolio",
                    "start": 0.0,
                    "end": 0.52,
                    "probability": 0.9771194060643514
                },
                {
                    "word": " design",
                    "start": 0.52,
                    "end": 0.9,
                    "probability": 0.9987691044807434
                },
                {
                    "word": " always",
                    "start": 0.9,
                    "end": 2.44,
                    "probability": 0.9978321194648743
                },
                {
                    "word": " requires",
                    "start": 2.44,
                    "end": 3.06,
                    "probability": 0.9998511075973511
                },
                {
                    "word": " some",
                    "start": 3.06,
                    "end": 3.7,
                    "probability": 0.9996517896652222
                },
                {
                    "word": " heroic",
                    "start": 3.7,
                    "end": 4.16,
                    "probability": 0.9999299049377441
                },
                {
                    "word": " assumptions",
                    "start": 4.16,
                    "end": 4.64,
                    "probability": 0.9999104738235474
                },
                {
                    "word": " about",
                    "start": 4.64,
                    "end": 5.16,
                    "probability": 0.9998936653137207
                },
                {
                    "word": " correlations",
                    "start": 5.16,
                    "end": 6.4,
                    "probability": 0.9999359250068665
                },
                {
                    "word": " and",
                    "start": 6.4,
                    "end": 6.54,
                    "probability": 0.9996856451034546
                },
                {
                    "word": " volatilities,",
                    "start": 6.54,
                    "end": 7.34,
                    "probability": 0.9978936910629272
                },
                {
                    "word": " or",
                    "start": 7.34,
                    "end": 7.56,
                    "probability": 0.9994354844093323
                },
                {
                    "word": " maybe",
                    "start": 7.56,
                    "end": 7.9,
                    "probability": 0.9996525049209595
                },
                {
                    "word": " depending",
                    "start": 7.9,
                    "end": 8.58,
                    "probability": 0.7719628810882568
                },
                {
                    "word": " on",
                    "start": 8.58,
                    "end": 8.68,
                    "probability": 0.9631286859512329
                },
                {
                    "word": " how",
                    "start": 8.68,
                    "end": 8.76,
                    "probability": 0.8945556282997131
                },
                {
                    "word": " quantitative",
                    "start": 8.76,
                    "end": 9.16,
                    "probability": 0.9996708631515503
                },
                {
                    "word": " you",
                    "start": 9.16,
                    "end": 9.44,
                    "probability": 0.9960987567901611
                },
                {
                    "word": " want",
                    "start": 9.44,
                    "end": 9.86,
                    "probability": 0.996198832988739
                },
                {
                    "word": " to",
                    "start": 9.86,
                    "end": 9.96,
                    "probability": 0.9999587535858154
                },
                {
                    "word": " get,",
                    "start": 9.96,
                    "end": 10.1,
                    "probability": 0.9997922778129578
                },
                {
                    "word": " risk",
                    "start": 10.16,
                    "end": 10.46,
                    "probability": 0.9960379600524902
                },
                {
                    "word": " factor",
                    "start": 10.46,
                    "end": 11.0,
                    "probability": 0.9685415625572205
                },
                {
                    "word": " sensitivities",
                    "start": 11.0,
                    "end": 11.9,
                    "probability": 0.9792487323284149
                },
                {
                    "word": " of",
                    "start": 11.9,
                    "end": 12.08,
                    "probability": 0.9998689889907837
                },
                {
                    "word": " the",
                    "start": 12.08,
                    "end": 12.18,
                    "probability": 0.9979903697967529
                },
                {
                    "word": " different",
                    "start": 12.18,
                    "end": 12.38,
                    "probability": 0.9998193383216858
                },
                {
                    "word": " components",
                    "start": 12.38,
                    "end": 12.78,
                    "probability": 0.9998811483383179
                },
                {
                    "word": " of",
                    "start": 12.78,
                    "end": 12.96,
                    "probability": 0.9998743534088135
                },
                {
                    "word": " the",
                    "start": 12.96,
                    "end": 13.02,
                    "probability": 0.9999531507492065
                },
                {
                    "word": " portfolio.",
                    "start": 13.02,
                    "end": 13.34,