{
    "text": " I don't know.",
    "segments": [
        {
            "id": 0,
            "seek": 0,
            "start": 0.0,
            "end": 0.04,
            "text": " I don't know.",
            "tokens": [
                50365,
                286,
                500,
                380,
                458,
                13,
                50369
            ],
            "temperature": 0.6,
            "avg_logprob": -0.9037861227989197,
            "compression_ratio": 0.6190476190476191,
            "no_speech_prob": 0.5251448750495911,
            "words": [
                {
                    "word": " I",
                    "start": 0.0,
                    "end": 0.0,
                    "probability": 0.108376644551754
                },
                {
                    "word": " don't",
                    "start": 0.0,
                    "end": 0.02,
                    "probability": 0.5316563956439495
                },
                {
                    "word": " know.",
                    "start": 0.02,
                    "end": 0.04,
                    "probability": 0.6647660136222839
                }
            ]
        }
    ],
    "language": "en"
}