{
    "text": " Well, buddy, I think my biggest takeaway from this episode is that somewhere in Texas, you buried some gold and I'm going to go find it. So this has been fantastic. Thank you so much for joining me.",
    "segments": [
        {
            "id": 0,
            "seek": 0,
            "start": 0.0,
            "end": 11.74,
            "text": " Well, buddy, I think my biggest takeaway from this episode is that somewhere in Texas, you buried some gold and I'm going to go find it. So this has been fantastic. Thank you so much for joining me.",
            "tokens": [
                50365,
                1042,
                11,
                10340,
                11,
                286,
                519,
                452,
                3880,
                30681,
                490,
                341,
                3500,
                307,
                300,
                4079,
                294,
                7885,
                11,
                291,
                14101,
                512,
                3821,
                293,
                286,
                478,
                516,
                281,
                352,
                915,
                309,
                13,
                407,
                341,
                575,
                668,
                5456,
                13,
                1044,
                291,
                370,
                709,
                337,
                5549,
                385,
                13,
                50956
            ],
            "temperature": 0.0,
            "avg_logprob": -0.05583354334036509,
            "compression_ratio": 1.337837837837838,
            "no_speech_prob": 0.004825768060982227,
            "words": [
                {
                    "word": " Well,",
                    "start": 0.0,
                    "end": 0.32,
                    "probability": 0.9833534955978394
                },
                {
                    "word": " buddy,",
                    "start": 0.34,
                    "end": 0.48,
                    "probability": 0.9930006265640259
                },
                {
                    "word": " I",
                    "start": 0.56,
                    "end": 0.62,
                    "probability": 0.9999144077301025
                },
                {
                    "word": " think",
                    "start": 0.62,
                    "end": 0.74,
                    "probability": 0.9999856948852539
                },
                {
                    "word": " my",
                    "start": 0.74,
                    "end": 0.92,
                    "probability": 0.9999717473983765
                },
                {
                    "word": " biggest",
                    "start": 0.92,
                    "end": 1.38,
                    "probability": 0.9999591112136841
                },
                {
                    "word": " takeaway",
                    "start": 1.38,
                    "end": 1.86,
                    "probability": 0.9996786117553711
                },
                {
                    "word": " from",
                    "start": 1.86,
                    "end": 2.58,
                    "probability": 0.9998857975006104
                },
                {
                    "word": " this",
                    "start": 2.58,
                    "end": 3.06,
                    "probability": 0.9999759197235107
                },
                {
                    "word": " episode",
                    "start": 3.06,
                    "end": 3.52,
                    "probability": 0.9999613761901855
                },
                {
                    "word": " is",
                    "start": 3.52,
                    "end": 3.86,
                    "probability": 0.9998252987861633
                },
                {
                    "word": " that",
                    "start": 3.86,
                    "end": 4.1,
                    "probability": 0.9999479055404663
                },
                {
                    "word": " somewhere",
                    "start": 4.1,
                    "end": 4.82,
                    "probability": 0.9990941286087036
                },
                {
                    "word": " in",
                    "start": 4.82,
                    "end": 5.1,
                    "probability": 0.9999687671661377
                },
                {
                    "word": " Texas,",
                    "start": 5.1,
                    "end": 5.5,
                    "probability": 0.9998824596405029
                },
                {
                    "word": " you",
                    "start": 5.56,
                    "end": 5.72,
                    "probability": 0.9967106580734253
                },
                {
                    "word": " buried",
                    "start": 5.72,
                    "end": 5.88,
                    "probability": 0.8608075976371765
                },
                {
                    "word": " some",
                    "start": 5.88,
                    "end": 6.2,
                    "probability": 0.9999591112136841
                },
                {
                    "word": " gold",
                    "start": 6.2,
                    "end": 6.48,
                    "probability": 0.9998617172241211
                },
                {
                    "word": " and",
                    "start": 6.48,
                    "end": 7.02,
                    "probability": 0.6500952839851379
                },
                {
                    "word": " I'm",
                    "start": 7.02,
                    "end": 8.16,
                    "probability": 0.9998666346073151
                },
                {
                    "word": " going",
                    "start": 8.16,
                    "end": 8.24,
                    "probability": 0.9811201691627502
                },
                {
                    "word": " to",
                    "start": 8.24,
                    "end": 8.36,
                    "probability": 0.9999915361404419
                },
                {
                    "word": " go",
                    "start": 8.36,
                    "end": 8.44,
                    "probability": 0.9999703168869019
                },
                {
                    "word": " find",
                    "start": 8.44,
                    "end": 8.72,
                    "probability": 0.9999823570251465
                },
                {
                    "word": " it.",
                    "start": 8.72,
                    "end": 8.96,
                    "probability": 0.9999804496765137
                },
                {
                    "word": " So",
                    "start": 9.02,
                    "end": 9.38,
                    "probability": 0.9974748492240906
                },
                {
                    "word": " this",
                    "start": 9.38,
                    "end": 9.64,
                    "probability": 0.991925060749054
                },
                {
                    "word": " has",
                    "start": 9.64,
                    "end": 9.74,
                    "probability": 0.999993085861206
                },
                {
                    "word": " been",
                    "start": 9.74,
                    "end": 9.88,
                    "probability": 0.9999854564666748
                },
                {
                    "word": " fantastic.",
                    "start": 9.88,
                    "end": 10.24,
                    "probability": 0.9999817609786987
                },
                {
                    "word": " Thank",
                    "start": 10.48,