{
    "text": " Thanks for having me.",
    "segments": [
        {
            "id": 0,
            "seek": 0,
            "start": 0.0,
            "end": 0.5,
            "text": " Thanks for having me.",
            "tokens": [
                50365,
                2561,
                337,
                1419,
                385,
                13,
                50405
            ],
            "temperature": 0.0,
            "avg_logprob": -0.05107539892196655,
            "compression_ratio": 0.7241379310344828,
            "no_speech_prob": 0.012223036028444767,
            "words": [
                {
                    "word": " Thanks",
                    "start": 0.0,
                    "end": 0.1,
                    "probability": 0.9514380693435669
                },
                {
                    "word": " for",
                    "start": 0.1,
                    "end": 0.2,
                    "probability": 0.9996968507766724
                },
                {
                    "word": " having",
                    "start": 0.2,
                    "end": 0.36,
                    "probability": 0.9999109506607056
                },
                {
                    "word": " me.",
                    "start": 0.36,
                    "end": 0.5,
                    "probability": 0.9999251365661621
                }
            ]
        }
    ],
    "language": "en"
}