{
    "text": " Thank you.",
    "segments": [
        {
            "id": 0,
            "seek": 0,
            "start": 0.0,
            "end": 0.34,
            "text": " Thank you.",
            "tokens": [
                50365,
                1044,
                291,
                13,
                50488
            ],
            "temperature": 0.0,
            "avg_logprob": -0.9640383720397949,
            "compression_ratio": 0.5555555555555556,
            "no_speech_prob": 0.8150596022605896,
            "words": [
                {
                    "word": " Thank",
                    "start": 0.0,
                    "end": 0.22,
                    "probability": 0.08289416134357452
                },
                {
                    "word": " you.",
                    "start": 0.22,
                    "end": 0.34,
                    "probability": 0.9968209266662598
                }
            ]
        }
    ],
    "language": "en"
}