{
    "text": " But I do keep reminding myself that in one very narrow sense, you know, a lot of people have died. I'm not saying this is a good thing, but in a very narrow personal sense, the one gift from this whole thing is like a last amount of serious family time with teenagers who are going to go to college soon.",
    "segments": [
        {
            "id": 0,
            "seek": 0,
            "start": 0.0,
            "end": 17.92,
            "text": " But I do keep reminding myself that in one very narrow sense, you know, a lot of people have died. I'm not saying this is a good thing, but in a very narrow personal sense, the one gift from this whole thing is like a last amount of serious family time with teenagers who are going to go to college soon.",
            "tokens": [
                50365,
                583,
                286,
                360,
                1066,
                27639,
                2059,
                300,
                294,
                472,
                588,
                9432,
                2020,
                11,
                291,
                458,
                11,
                257,
                688,
                295,
                561,
                362,
                4539,
                13,
                286,
                478,
                406,
                1566,
                341,
                307,
                257,
                665,
                551,
                11,
                457,
                294,
                257,
                588,
                9432,
                2973,
                2020,
                11,
                264,
                472,
                5306,
                490,
                341,
                1379,
                551,
                307,
                411,
                257,
                1036,
                2372,
                295,
                3156,
                1605,
                565,
                365,
                23618,
                567,
                366,
                516,
                281,
                352,
                281,
                3859,
                2321,
                13,
                51268
            ],
            "temperature": 0.0,
            "avg_logprob": -0.017473192282125984,
            "compression_ratio": 1.5670103092783505,
            "no_speech_prob": 4.157195689913351e-06,
            "words": [
                {
                    "word": " But",
                    "start": 0.0,
                    "end": 0.3,
                    "probability": 0.9858863353729248
                },
                {
                    "word": " I",
                    "start": 0.3,
                    "end": 0.7,
                    "probability": 0.9990289211273193
                },
                {
                    "word": " do",
                    "start": 0.7,
                    "end": 0.9,
                    "probability": 0.9999945163726807
                },
                {
                    "word": " keep",
                    "start": 0.9,
                    "end": 1.08,
                    "probability": 0.9999902248382568
                },
                {
                    "word": " reminding",
                    "start": 1.08,
                    "end": 1.38,
                    "probability": 0.9999856948852539
                },
                {
                    "word": " myself",
                    "start": 1.38,
                    "end": 1.8,
                    "probability": 0.9999984502792358
                },
                {
                    "word": " that",
                    "start": 1.8,
                    "end": 2.22,
                    "probability": 0.9994158744812012
                },
                {
                    "word": " in",
                    "start": 2.22,
                    "end": 2.34,
                    "probability": 0.9997150301933289
                },
                {
                    "word": " one",
                    "start": 2.34,
                    "end": 2.58,
                    "probability": 0.9999767541885376
                },
                {
                    "word": " very",
                    "start": 2.58,
                    "end": 3.46,
                    "probability": 0.9997619986534119
                },
                {
                    "word": " narrow",
                    "start": 3.46,
                    "end": 3.86,
                    "probability": 0.9999936819076538
                },
                {
                    "word": " sense,",
                    "start": 3.86,
                    "end": 4.16,
                    "probability": 0.9999785423278809
                },
                {
                    "word": " you",
                    "start": 4.4,
                    "end": 4.48,
                    "probability": 0.965310275554657
                },
                {
                    "word": " know,",
                    "start": 4.48,
                    "end": 4.6,
                    "probability": 0.9999984502792358
                },
                {
                    "word": " a",
                    "start": 4.6,
                    "end": 4.88,
                    "probability": 0.9999667406082153
                },
                {
                    "word": " lot",
                    "start": 4.88,
                    "end": 5.04,
                    "probability": 0.9999964237213135
                },
                {
                    "word": " of",
                    "start": 5.04,
                    "end": 5.12,
                    "probability": 0.9999996423721313
                },
                {
                    "word": " people",
                    "start": 5.12,
                    "end": 5.34,
                    "probability": 0.9999991655349731
                },
                {
                    "word": " have",
                    "start": 5.34,
                    "end": 5.5,
                    "probability": 0.9999942779541016
                },
                {
                    "word": " died.",
                    "start": 5.5,
                    "end": 5.76,
                    "probability": 0.9999852180480957
                },
                {
                    "word": " I'm",
                    "start": 5.84,
                    "end": 6.0,
                    "probability": 0.9998921751976013
                },
                {
                    "word": " not",
                    "start": 6.0,
                    "end": 6.08,
                    "probability": 0.9999722242355347
                },
                {
                    "word": " saying",
                    "start": 6.08,
                    "end": 6.3,
                    "probability": 0.9999974966049194
                },
                {
                    "word": " this",
                    "start": 6.3,
                    "end": 6.52,
                    "probability": 0.9999929666519165
                },
                {
                    "word": " is",
                    "start": 6.52,
                    "end": 6.66,
                    "probability": 0.9999986886978149
                },
                {
                    "word": " a",
                    "start": 6.66,
                    "end": 6.74,
                    "probability": 0.9999980926513672
                },
                {
                    "word": " good",
                    "start": 6.74,
                    "end": 6.94,
                    "probability": 0.9999980926513672
                },
                {
                    "word": " thing,",
                    "start": 6.94,
                    "end": 7.16,