{
    "text": " Bye.",
    "segments": [
        {
            "id": 0,
            "seek": 0,
            "start": 0.0,
            "end": 0.04,
            "text": " Bye.",
            "tokens": [
                50365,
                4621,
                13,
                50367
            ],
            "temperature": 0.0,
            "avg_logprob": -0.8635717391967773,
            "compression_ratio": 0.3333333333333333,
            "no_speech_prob": 0.9220372438430786,
            "words": [
                {
                    "word": " Bye.",
                    "start": 0.0,
                    "end": 0.04,
                    "probability": 0.056102901697158813
                }
            ]
        }
    ],
    "language": "en"
}