{
    "text": " uh,",
    "segments": [
        {
            "id": 0,
            "seek": 0,
            "start": 0.0,
            "end": 0.12,
            "text": " uh,",
            "tokens": [
                50365,
                2232,
                11,
                50381
            ],
            "temperature": 0.0,
            "avg_logprob": -0.27214465141296384,
            "compression_ratio": 0.2727272727272727,
            "no_speech_prob": 0.038458798080682755,
            "words": [
                {
                    "word": " uh,",
                    "start": 0.0,
                    "end": 0.12,
                    "probability": 0.7150073051452637
                }
            ]
        }
    ],
    "language": "en"
}