{
    "text": " I mean,",
    "segments": [
        {
            "id": 0,
            "seek": 0,
            "start": 0.0,
            "end": 0.5,
            "text": " I mean,",
            "tokens": [
                50365,
                286,
                914,
                11,
                50392
            ],
            "temperature": 0.0,
            "avg_logprob": -0.4727967580159505,
            "compression_ratio": 0.4666666666666667,
            "no_speech_prob": 0.015754155814647675,
            "words": [
                {
                    "word": " I",
                    "start": 0.0,
                    "end": 0.18,
                    "probability": 0.4895998537540436
                },
                {
                    "word": " mean,",
                    "start": 0.18,
                    "end": 0.5,
                    "probability": 0.7995003461837769
                }
            ]
        }
    ],
    "language": "en"
}