{
    "text": " Thanks very much.",
    "segments": [
        {
            "id": 0,
            "seek": 0,
            "start": 0.0,
            "end": 0.58,
            "text": " Thanks very much.",
            "tokens": [
                50365,
                2561,
                588,
                709,
                13,
                50401
            ],
            "temperature": 0.0,
            "avg_logprob": -0.17506469999040877,
            "compression_ratio": 0.68,
            "no_speech_prob": 0.003749001305550337,
            "words": [
                {
                    "word": " Thanks",
                    "start": 0.0,
                    "end": 0.24,
                    "probability": 0.957027018070221
                },
                {
                    "word": " very",
                    "start": 0.24,
                    "end": 0.38,
                    "probability": 0.9976660013198853
                },
                {
                    "word": " much.",
                    "start": 0.38,
                    "end": 0.58,
                    "probability": 0.9998716115951538
                }
            ]
        }
    ],
    "language": "en"
}