{
    "text": " then had a",
    "segments": [
        {
            "id": 0,
            "seek": 0,
            "start": 0.0,
            "end": 0.38,
            "text": " then had a",
            "tokens": [
                50365,
                550,
                632,
                257,
                50391
            ],
            "temperature": 0.0,
            "avg_logprob": -0.5764060020446777,
            "compression_ratio": 0.5555555555555556,
            "no_speech_prob": 0.049333199858665466,
            "words": [
                {
                    "word": " then",
                    "start": 0.0,
                    "end": 0.24,
                    "probability": 0.5346195101737976
                },
                {
                    "word": " had",
                    "start": 0.24,
                    "end": 0.34,
                    "probability": 0.31831827759742737
                },
                {
                    "word": " a",
                    "start": 0.34,
                    "end": 0.38,
                    "probability": 0.5828385949134827
                }
            ]
        }
    ],
    "language": "en"
}