{
    "text": " don't want",
    "segments": [
        {
            "id": 0,
            "seek": 0,
            "start": 0.0,
            "end": 0.14,
            "text": " don't want",
            "tokens": [
                50365,
                500,
                380,
                528,
                50377
            ],
            "temperature": 0.0,
            "avg_logprob": -0.33483604590098065,
            "compression_ratio": 0.5555555555555556,
            "no_speech_prob": 0.07222507148981094,
            "words": [
                {
                    "word": " don't",
                    "start": 0.0,
                    "end": 0.12,
                    "probability": 0.6082077324390411
                },
                {
                    "word": " want",
                    "start": 0.12,
                    "end": 0.14,
                    "probability": 0.9580466747283936
                }
            ]
        }
    ],
    "language": "en"
}