{
    "text": " But,",
    "segments": [
        {
            "id": 0,
            "seek": 0,
            "start": 0.0,
            "end": 0.08,
            "text": " But,",
            "tokens": [
                50365,
                583,
                11,
                50371
            ],
            "temperature": 0.0,
            "avg_logprob": -0.13688888549804687,
            "compression_ratio": 0.3333333333333333,
            "no_speech_prob": 0.001103959046304226,
            "words": [
                {
                    "word": " But,",
                    "start": 0.0,
                    "end": 0.08,
                    "probability": 0.5400266647338867
                }
            ]
        }
    ],
    "language": "en"
}