{
    "text": " So people might look at the credit space and look at some sort of high level concept, like maybe a default adjusted spread or maybe yield as a main driver of total return and credit. I'm curious as to what you think the main driver of cross-sectional excess return and credit is.",
    "segments": [
        {
            "id": 0,
            "seek": 0,
            "start": 0.0,
            "end": 13.02,
            "text": " So people might look at the credit space and look at some sort of high level concept, like maybe a default adjusted spread or maybe yield as a main driver of total return and credit.",
            "tokens": [
                50365,
                407,
                561,
                1062,
                574,
                412,
                264,
                5397,
                1901,
                293,
                574,
                412,
                512,
                1333,
                295,
                1090,
                1496,
                3410,
                11,
                411,
                1310,
                257,
                7576,
                19871,
                3974,
                420,
                1310,
                11257,
                382,
                257,
                2135,
                6787,
                295,
                3217,
                2736,
                293,
                5397,
                13,
                51023
            ],
            "temperature": 0.0,
            "avg_logprob": -0.1146930605173111,
            "compression_ratio": 1.5942857142857143,
            "no_speech_prob": 0.00037985306698828936,
            "words": [
                {
                    "word": " So",
                    "start": 0.0,
                    "end": 0.08,
                    "probability": 0.787165641784668
                },
                {
                    "word": " people",
                    "start": 0.08,
                    "end": 0.24,
                    "probability": 0.9475080370903015
                },
                {
                    "word": " might",
                    "start": 0.24,
                    "end": 0.48,
                    "probability": 0.9996265172958374
                },
                {
                    "word": " look",
                    "start": 0.48,
                    "end": 0.82,
                    "probability": 0.9996108412742615
                },
                {
                    "word": " at",
                    "start": 0.82,
                    "end": 1.04,
                    "probability": 0.9997993111610413
                },
                {
                    "word": " the",
                    "start": 1.04,
                    "end": 1.18,
                    "probability": 0.9991835951805115
                },
                {
                    "word": " credit",
                    "start": 1.18,
                    "end": 1.46,
                    "probability": 0.9903870224952698
                },
                {
                    "word": " space",
                    "start": 1.46,
                    "end": 1.72,
                    "probability": 0.99935382604599
                },
                {
                    "word": " and",
                    "start": 1.72,
                    "end": 2.32,
                    "probability": 0.9868021607398987
                },
                {
                    "word": " look",
                    "start": 2.32,
                    "end": 2.52,
                    "probability": 0.9989987015724182
                },
                {
                    "word": " at",
                    "start": 2.52,
                    "end": 2.72,
                    "probability": 0.9993100166320801
                },
                {
                    "word": " some",
                    "start": 2.72,
                    "end": 3.28,
                    "probability": 0.998547375202179
                },
                {
                    "word": " sort",
                    "start": 3.28,
                    "end": 3.44,
                    "probability": 0.9586783647537231
                },
                {
                    "word": " of",
                    "start": 3.44,
                    "end": 3.6,
                    "probability": 0.9994599223136902
                },
                {
                    "word": " high",
                    "start": 3.6,
                    "end": 3.82,
                    "probability": 0.9970596432685852
                },
                {
                    "word": " level",
                    "start": 3.82,
                    "end": 4.26,
                    "probability": 0.6821139454841614
                },
                {
                    "word": " concept,",
                    "start": 4.26,
                    "end": 5.22,
                    "probability": 0.9929908514022827
                },
                {
                    "word": " like",
                    "start": 5.36,
                    "end": 5.58,
                    "probability": 0.9659189581871033
                },
                {
                    "word": " maybe",
                    "start": 5.58,
                    "end": 5.84,
                    "probability": 0.9243640899658203
                },
                {
                    "word": " a",
                    "start": 5.84,
                    "end": 6.08,
                    "probability": 0.9982694387435913
                },
                {
                    "word": " default",
                    "start": 6.08,
                    "end": 6.54,
                    "probability": 0.9974607229232788
                },
                {
                    "word": " adjusted",
                    "start": 6.54,
                    "end": 6.86,
                    "probability": 0.9692248106002808
                },
                {
                    "word": " spread",
                    "start": 6.86,
                    "end": 7.68,
                    "probability": 0.9993830919265747
                },
                {
                    "word": " or",
                    "start": 7.68,
                    "end": 8.06,
                    "probability": 0.8248524069786072
                },
                {
                    "word": " maybe",
                    "start": 8.06,
                    "end": 8.38,
                    "probability": 0.9992450475692749
                },
                {
                    "word": " yield",
                    "start": 8.38,
                    "end": 9.18,
                    "probability": 0.9872883558273315
                },
                {
                    "word": " as",
                    "start": 9.18,
                    "end": 9.74,
                    "probability": 0.9885026216506958
                },
                {
                    "word": " a",
                    "start": 9.74,
                    "end": 9.98,
                    "probability": 0.99952232837677
                },
                {
                    "word": " main",
                    "start": 9.98,
                    "end": 10.76,
                    "probability": 0.999053418636322
                },
                {
                    "word": " driver",
                    "start": 10.76,
                    "end": 11.12,
                    "probability": 0.9995110034942627
                },
                {
                    "word": " of",
                    "start": 11.12,
                    "end": 11.62,
                    "probability": 0.9996472597122192
                },
                {
                    "word": " total",
                    "start": 11.62,
                    "end": 11.84,