{
    "text": " So if the important thing to get right in terms of finding excess returns is sort of figuring out where the upgrades and downgrades are going to be, what do you think the actual important characteristics are for sort of identifying those features?",
    "segments": [
        {
            "id": 0,
            "seek": 0,
            "start": 0.0,
            "end": 14.52,
            "text": " So if the important thing to get right in terms of finding excess returns is sort of figuring out where the upgrades and downgrades are going to be, what do you think the actual important characteristics are for sort of identifying those features?",
            "tokens": [
                50365,
                407,
                498,
                264,
                1021,
                551,
                281,
                483,
                558,
                294,
                2115,
                295,
                5006,
                9310,
                11247,
                307,
                1333,
                295,
                15213,
                484,
                689,
                264,
                24868,
                293,
                760,
                22626,
                366,
                516,
                281,
                312,
                11,
                437,
                360,
                291,
                519,
                264,
                3539,
                1021,
                10891,
                366,
                337,
                1333,
                295,
                16696,
                729,
                4122,
                30,
                51114
            ],
            "temperature": 0.0,
            "avg_logprob": -0.09188963442432638,
            "compression_ratio": 1.5935483870967742,
            "no_speech_prob": 0.00082228152314201,
            "words": [
                {
                    "word": " So",
                    "start": 0.0,
                    "end": 0.12,
                    "probability": 0.8144220113754272
                },
                {
                    "word": " if",
                    "start": 0.12,
                    "end": 0.2,
                    "probability": 0.8893210291862488
                },
                {
                    "word": " the",
                    "start": 0.2,
                    "end": 0.28,
                    "probability": 0.999409556388855
                },
                {
                    "word": " important",
                    "start": 0.28,
                    "end": 0.68,
                    "probability": 0.9989839196205139
                },
                {
                    "word": " thing",
                    "start": 0.68,
                    "end": 1.12,
                    "probability": 0.9988378882408142
                },
                {
                    "word": " to",
                    "start": 1.12,
                    "end": 1.62,
                    "probability": 0.9963580965995789
                },
                {
                    "word": " get",
                    "start": 1.62,
                    "end": 1.82,
                    "probability": 0.9994246959686279
                },
                {
                    "word": " right",
                    "start": 1.82,
                    "end": 2.18,
                    "probability": 0.9932934045791626
                },
                {
                    "word": " in",
                    "start": 2.18,
                    "end": 2.52,
                    "probability": 0.9174512028694153
                },
                {
                    "word": " terms",
                    "start": 2.52,
                    "end": 2.74,
                    "probability": 0.9997381567955017
                },
                {
                    "word": " of",
                    "start": 2.74,
                    "end": 3.02,
                    "probability": 0.9995415210723877
                },
                {
                    "word": " finding",
                    "start": 3.02,
                    "end": 3.42,
                    "probability": 0.9987531900405884
                },
                {
                    "word": " excess",
                    "start": 3.42,
                    "end": 3.82,
                    "probability": 0.9899598360061646
                },
                {
                    "word": " returns",
                    "start": 3.82,
                    "end": 4.34,
                    "probability": 0.9984997510910034
                },
                {
                    "word": " is",
                    "start": 4.34,
                    "end": 5.06,
                    "probability": 0.9563337564468384
                },
                {
                    "word": " sort",
                    "start": 5.06,
                    "end": 5.68,
                    "probability": 0.8708851337432861
                },
                {
                    "word": " of",
                    "start": 5.68,
                    "end": 5.84,
                    "probability": 0.9992741942405701
                },
                {
                    "word": " figuring",
                    "start": 5.84,
                    "end": 6.16,
                    "probability": 0.9982746839523315
                },
                {
                    "word": " out",
                    "start": 6.16,
                    "end": 6.42,
                    "probability": 0.9993147850036621
                },
                {
                    "word": " where",
                    "start": 6.42,
                    "end": 6.62,
                    "probability": 0.998960018157959
                },
                {
                    "word": " the",
                    "start": 6.62,
                    "end": 6.78,
                    "probability": 0.9970109462738037
                },
                {
                    "word": " upgrades",
                    "start": 6.78,
                    "end": 7.26,
                    "probability": 0.998741090297699
                },
                {
                    "word": " and",
                    "start": 7.26,
                    "end": 7.68,
                    "probability": 0.9991487264633179
                },
                {
                    "word": " downgrades",
                    "start": 7.68,
                    "end": 8.26,
                    "probability": 0.9941424429416656
                },
                {
                    "word": " are",
                    "start": 8.26,
                    "end": 8.44,
                    "probability": 0.9991002082824707
                },
                {
                    "word": " going",
                    "start": 8.44,
                    "end": 8.52,
                    "probability": 0.8026940822601318
                },
                {
                    "word": " to",
                    "start": 8.52,
                    "end": 8.62,
                    "probability": 0.9989540576934814
                },
                {
                    "word": " be,",
                    "start": 8.62,
                    "end": 8.8,
                    "probability": 0.999749481678009
                },
                {
                    "word": " what",
                    "start": 8.94,
                    "end": 9.7,
                    "probability": 0.990513801574707
                },
                {
                    "word": " do",
                    "start": 9.7,
                    "end": 9.88,
                    "probability": 0.9994290471076965
                },
                {
                    "word": " you",
                    "start": 9.88,
                    "end": 10.0,