{
    "text": " credit.",
    "segments": [
        {
            "id": 0,
            "seek": 0,
            "start": 0.0,
            "end": 0.14,
            "text": " credit.",
            "tokens": [
                50365,
                5397,
                13,
                50374
            ],
            "temperature": 0.0,
            "avg_logprob": -0.28893280029296875,
            "compression_ratio": 0.4666666666666667,
            "no_speech_prob": 0.09616615623235703,
            "words": [
                {
                    "word": " credit.",
                    "start": 0.0,
                    "end": 0.14,
                    "probability": 0.9284264445304871
                }
            ]
        }
    ],
    "language": "en"
}