{
    "text": "",
    "segments": [
        {
            "id": 0,
            "seek": 0,
            "start": -0.02,
            "end": -0.02,
            "text": "",
            "tokens": [],
            "temperature": 0.0,
            "avg_logprob": -0.9109222292900085,
            "compression_ratio": 0.2727272727272727,
            "no_speech_prob": 0.9373623132705688,
            "words": []
        }
    ],
    "language": "en"
}