{
    "text": " Great, thanks.",
    "segments": [
        {
            "id": 0,
            "seek": 0,
            "start": 0.0,
            "end": 0.4,
            "text": " Great, thanks.",
            "tokens": [
                50365,
                3769,
                11,
                3231,
                13,
                50398
            ],
            "temperature": 0.0,
            "avg_logprob": -0.2230269057410104,
            "compression_ratio": 0.6363636363636364,
            "no_speech_prob": 0.002069107023999095,
            "words": [
                {
                    "word": " Great,",
                    "start": 0.0,
                    "end": 0.14,
                    "probability": 0.8354449272155762
                },
                {
                    "word": " thanks.",
                    "start": 0.16,
                    "end": 0.4,
                    "probability": 0.9979410767555237
                }
            ]
        }
    ],
    "language": "en"
}