{
    "text": " Very cool. Let's go.",
    "segments": [
        {
            "id": 0,
            "seek": 0,
            "start": 0.0,
            "end": 0.32,
            "text": " Very cool.",
            "tokens": [
                50365,
                4372,
                1627,
                13,
                50388
            ],
            "temperature": 0.0,
            "avg_logprob": -0.37826327482859295,
            "compression_ratio": 0.7142857142857143,
            "no_speech_prob": 0.014014746062457561,
            "words": [
                {
                    "word": " Very",
                    "start": 0.0,
                    "end": 0.12,
                    "probability": 0.3617708683013916
                },
                {
                    "word": " cool.",
                    "start": 0.12,
                    "end": 0.32,
                    "probability": 0.9981119632720947
                }
            ]
        },
        {
            "id": 1,
            "seek": 0,
            "start": 0.68,
            "end": 1.0,
            "text": " Let's go.",
            "tokens": [
                50406,
                961,
                311,
                352,
                13,
                50426
            ],
            "temperature": 0.0,
            "avg_logprob": -0.37826327482859295,
            "compression_ratio": 0.7142857142857143,
            "no_speech_prob": 0.014014746062457561,
            "words": [
                {
                    "word": " Let's",
                    "start": 0.68,
                    "end": 0.94,
                    "probability": 0.9995012581348419
                },
                {
                    "word": " go.",
                    "start": 0.94,
                    "end": 1.0,
                    "probability": 0.9999285936355591
                }
            ]
        }
    ],
    "language": "en"
}