{
    "text": " you",
    "segments": [
        {
            "id": 0,
            "seek": 0,
            "start": 0.0,
            "end": 0.1,
            "text": " you",
            "tokens": [
                50365,
                291,
                50369
            ],
            "temperature": 0.0,
            "avg_logprob": -0.9368381500244141,
            "compression_ratio": 0.2727272727272727,
            "no_speech_prob": 0.8990711569786072,
            "words": [
                {
                    "word": " you",
                    "start": 0.0,
                    "end": 0.1,
                    "probability": 0.24521909654140472
                }
            ]
        }
    ],
    "language": "en"
}