{
    "text": " Well, so",
    "segments": [
        {
            "id": 0,
            "seek": 0,
            "start": 0.0,
            "end": 0.48,
            "text": " Well, so",
            "tokens": [
                50365,
                1042,
                11,
                370,
                50408
            ],
            "temperature": 0.0,
            "avg_logprob": -0.13211452960968018,
            "compression_ratio": 0.5,
            "no_speech_prob": 0.017288969829678535,
            "words": [
                {
                    "word": " Well,",
                    "start": 0.0,
                    "end": 0.22,
                    "probability": 0.7191594243049622
                },
                {
                    "word": " so",
                    "start": 0.22,
                    "end": 0.48,
                    "probability": 0.9951162338256836
                }
            ]
        }
    ],
    "language": "en"
}