{
    "text": " Hi, Kory. You're welcome.",
    "segments": [
        {
            "id": 0,
            "seek": 0,
            "start": 0.0,
            "end": 1.3,
            "text": " Hi, Kory. You're welcome.",
            "tokens": [
                50365,
                2421,
                11,
                591,
                827,
                13,
                509,
                434,
                2928,
                13,
                50449
            ],
            "temperature": 0.0,
            "avg_logprob": -0.4661061366399129,
            "compression_ratio": 0.7575757575757576,
            "no_speech_prob": 0.009811114519834518,
            "words": [
                {
                    "word": " Hi,",
                    "start": 0.0,
                    "end": 0.18,
                    "probability": 0.8293079137802124
                },
                {
                    "word": " Kory.",
                    "start": 0.18,
                    "end": 0.4,
                    "probability": 0.24314211308956146
                },
                {
                    "word": " You're",
                    "start": 0.74,
                    "end": 1.14,
                    "probability": 0.8707379400730133
                },
                {
                    "word": " welcome.",
                    "start": 1.14,
                    "end": 1.3,
                    "probability": 0.9866616129875183
                }
            ]
        }
    ],
    "language": "en"
}