{
    "text": " Ha ha ha.",
    "segments": [
        {
            "id": 0,
            "seek": 0,
            "start": 0.0,
            "end": 0.32,
            "text": " Ha ha ha.",
            "tokens": [
                50365,
                4064,
                324,
                324,
                13,
                50383
            ],
            "temperature": 0.0,
            "avg_logprob": -0.5266546181270054,
            "compression_ratio": 0.6428571428571429,
            "no_speech_prob": 0.8502158522605896,
            "words": [
                {
                    "word": " Ha",
                    "start": 0.0,
                    "end": 0.2,
                    "probability": 0.19133739173412323
                },
                {
                    "word": " ha",
                    "start": 0.2,
                    "end": 0.22,
                    "probability": 0.7738005518913269
                },
                {
                    "word": " ha.",
                    "start": 0.22,
                    "end": 0.32,
                    "probability": 0.8038902282714844
                }
            ]
        }
    ],
    "language": "en"
}