{
    "text": " Yeah.",
    "segments": [
        {
            "id": 0,
            "seek": 0,
            "start": 0.0,
            "end": 0.08,
            "text": " Yeah.",
            "tokens": [
                50365,
                865,
                13,
                50371
            ],
            "temperature": 0.0,
            "avg_logprob": -0.7100427627563477,
            "compression_ratio": 0.38461538461538464,
            "no_speech_prob": 0.8607641458511353,
            "words": [
                {
                    "word": " Yeah.",
                    "start": 0.0,
                    "end": 0.08,
                    "probability": 0.11143653094768524
                }
            ]
        }
    ],
    "language": "en"
}