{
    "text": " That's a,",
    "segments": [
        {
            "id": 0,
            "seek": 0,
            "start": 0.0,
            "end": 0.3,
            "text": " That's a,",
            "tokens": [
                50365,
                663,
                311,
                257,
                11,
                50387
            ],
            "temperature": 0.0,
            "avg_logprob": -0.2211214644568307,
            "compression_ratio": 0.5294117647058824,
            "no_speech_prob": 0.013814453035593033,
            "words": [
                {
                    "word": " That's",
                    "start": 0.0,
                    "end": 0.3,
                    "probability": 0.7215212881565094
                },
                {
                    "word": " a,",
                    "start": 0.3,
                    "end": 0.3,
                    "probability": 0.566637396812439
                }
            ]
        }
    ],
    "language": "en"
}