{
    "text": " self-insurance.",
    "segments": [
        {
            "id": 0,
            "seek": 0,
            "start": 0.0,
            "end": 0.56,
            "text": " self-insurance.",
            "tokens": [
                50365,
                2698,
                12,
                1292,
                5683,
                13,
                50407
            ],
            "temperature": 0.0,
            "avg_logprob": -0.433159738779068,
            "compression_ratio": 0.6521739130434783,
            "no_speech_prob": 0.4922482967376709,
            "words": [
                {
                    "word": " self",
                    "start": 0.0,
                    "end": 0.08,
                    "probability": 0.08614286780357361
                },
                {
                    "word": "-insurance.",
                    "start": 0.08,
                    "end": 0.56,
                    "probability": 0.8000611464182535
                }
            ]
        }
    ],
    "language": "en"
}