{
    "text": " Thanks. And this idea of whether it's data driven economic rationale, behavioral rationale, having the ability to stay with a factor long enough that you do have a certain amount of faith with it. I'm curious, what is something that you've actually changed your mind about recently?",
    "segments": [
        {
            "id": 0,
            "seek": 0,
            "start": 0.0,
            "end": 16.44,
            "text": " Thanks. And this idea of whether it's data driven economic rationale, behavioral rationale, having the ability to stay with a factor long enough that you do have a certain amount of faith with it. I'm curious, what is something that you've actually changed your mind about recently?",
            "tokens": [
                50365,
                2561,
                13,
                400,
                341,
                1558,
                295,
                1968,
                309,
                311,
                1412,
                9555,
                4836,
                41989,
                11,
                19124,
                41989,
                11,
                1419,
                264,
                3485,
                281,
                1754,
                365,
                257,
                5952,
                938,
                1547,
                300,
                291,
                360,
                362,
                257,
                1629,
                2372,
                295,
                4522,
                365,
                309,
                13,
                286,
                478,
                6369,
                11,
                437,
                307,
                746,
                300,
                291,
                600,
                767,
                3105,
                428,
                1575,
                466,
                3938,
                30,
                51206
            ],
            "temperature": 0.0,
            "avg_logprob": -0.06503836583282988,
            "compression_ratio": 1.492063492063492,
            "no_speech_prob": 0.010158943012356758,
            "words": [
                {
                    "word": " Thanks.",
                    "start": 0.0,
                    "end": 0.4,
                    "probability": 0.9458258748054504
                },
                {
                    "word": " And",
                    "start": 0.62,
                    "end": 1.18,
                    "probability": 0.9722899198532104
                },
                {
                    "word": " this",
                    "start": 1.18,
                    "end": 1.38,
                    "probability": 0.9998464584350586
                },
                {
                    "word": " idea",
                    "start": 1.38,
                    "end": 1.66,
                    "probability": 0.999984860420227
                },
                {
                    "word": " of",
                    "start": 1.66,
                    "end": 1.82,
                    "probability": 0.9999722242355347
                },
                {
                    "word": " whether",
                    "start": 1.82,
                    "end": 2.06,
                    "probability": 0.9997932314872742
                },
                {
                    "word": " it's",
                    "start": 2.06,
                    "end": 2.56,
                    "probability": 0.9996977150440216
                },
                {
                    "word": " data",
                    "start": 2.56,
                    "end": 3.04,
                    "probability": 0.9995080232620239
                },
                {
                    "word": " driven",
                    "start": 3.04,
                    "end": 3.4,
                    "probability": 0.5998764634132385
                },
                {
                    "word": " economic",
                    "start": 3.4,
                    "end": 4.16,
                    "probability": 0.6183319687843323
                },
                {
                    "word": " rationale,",
                    "start": 4.16,
                    "end": 4.76,
                    "probability": 0.9791406393051147
                },
                {
                    "word": " behavioral",
                    "start": 4.92,
                    "end": 5.22,
                    "probability": 0.9973068237304688
                },
                {
                    "word": " rationale,",
                    "start": 5.22,
                    "end": 5.72,
                    "probability": 0.9993895292282104
                },
                {
                    "word": " having",
                    "start": 5.98,
                    "end": 6.48,
                    "probability": 0.9999213218688965
                },
                {
                    "word": " the",
                    "start": 6.48,
                    "end": 6.98,
                    "probability": 0.9999775886535645
                },
                {
                    "word": " ability",
                    "start": 6.98,
                    "end": 7.32,
                    "probability": 0.9999858140945435
                },
                {
                    "word": " to",
                    "start": 7.32,
                    "end": 7.54,
                    "probability": 0.9999932050704956
                },
                {
                    "word": " stay",
                    "start": 7.54,
                    "end": 7.82,
                    "probability": 0.9999357461929321
                },
                {
                    "word": " with",
                    "start": 7.82,
                    "end": 8.04,
                    "probability": 0.9999762773513794
                },
                {
                    "word": " a",
                    "start": 8.04,
                    "end": 8.16,
                    "probability": 0.9999902248382568
                },
                {
                    "word": " factor",
                    "start": 8.16,
                    "end": 8.64,
                    "probability": 0.9997045397758484
                },
                {
                    "word": " long",
                    "start": 8.64,
                    "end": 8.92,
                    "probability": 0.9999642372131348
                },
                {
                    "word": " enough",
                    "start": 8.92,
                    "end": 9.26,
                    "probability": 0.9999939203262329
                },
                {
                    "word": " that",
                    "start": 9.26,
                    "end": 9.66,
                    "probability": 0.9980217218399048
                },
                {
                    "word": " you",
                    "start": 9.66,
                    "end": 9.88,
                    "probability": 0.9999942779541016
                },
                {
                    "word": " do",
                    "start": 9.88,
                    "end": 9.98,
                    "probability": 0.9999881982803345
                },
                {
                    "word": " have",
                    "start": 9.98,
                    "end": 10.2,
                    "probability": 0.9999934434890747
                },
                {
                    "word": " a",
                    "start": 10.2,
                    "end": 10.34,
                    "probability": 0.9999525547027588
                },
                {
                    "word": " certain",
                    "start": 10.34,
                    "end": 10.54,
                    "probability": 0.9999425411224365
                },
                {
                    "word": " amount",