{
    "text": " You might have it in you. You never know. The question, I guess, as you look forward, which strategy or factor do you have the least conviction in and which one do you have the most conviction in?",
    "segments": [
        {
            "id": 0,
            "seek": 0,
            "start": 0.0,
            "end": 12.38,
            "text": " You might have it in you. You never know. The question, I guess, as you look forward, which strategy or factor do you have the least conviction in and which one do you have the most conviction in?",
            "tokens": [
                50365,
                509,
                1062,
                362,
                309,
                294,
                291,
                13,
                509,
                1128,
                458,
                13,
                440,
                1168,
                11,
                286,
                2041,
                11,
                382,
                291,
                574,
                2128,
                11,
                597,
                5206,
                420,
                5952,
                360,
                291,
                362,
                264,
                1935,
                24837,
                294,
                293,
                597,
                472,
                360,
                291,
                362,
                264,
                881,
                24837,
                294,
                30,
                50990
            ],
            "temperature": 0.0,
            "avg_logprob": -0.0491386778811191,
            "compression_ratio": 1.4736842105263157,
            "no_speech_prob": 0.00011500631080707535,
            "words": [
                {
                    "word": " You",
                    "start": 0.0,
                    "end": 0.14,
                    "probability": 0.8784061074256897
                },
                {
                    "word": " might",
                    "start": 0.14,
                    "end": 0.28,
                    "probability": 0.9998595714569092
                },
                {
                    "word": " have",
                    "start": 0.28,
                    "end": 0.42,
                    "probability": 0.9999475479125977
                },
                {
                    "word": " it",
                    "start": 0.42,
                    "end": 0.56,
                    "probability": 0.9998476505279541
                },
                {
                    "word": " in",
                    "start": 0.56,
                    "end": 0.66,
                    "probability": 0.9997978806495667
                },
                {
                    "word": " you.",
                    "start": 0.66,
                    "end": 0.8,
                    "probability": 0.9980995059013367
                },
                {
                    "word": " You",
                    "start": 0.88,
                    "end": 1.32,
                    "probability": 0.9995102882385254
                },
                {
                    "word": " never",
                    "start": 1.32,
                    "end": 1.52,
                    "probability": 0.9999531507492065
                },
                {
                    "word": " know.",
                    "start": 1.52,
                    "end": 1.72,
                    "probability": 0.999954104423523
                },
                {
                    "word": " The",
                    "start": 2.04,
                    "end": 2.48,
                    "probability": 0.9973899722099304
                },
                {
                    "word": " question,",
                    "start": 2.48,
                    "end": 2.94,
                    "probability": 0.9999186992645264
                },
                {
                    "word": " I",
                    "start": 3.02,
                    "end": 3.24,
                    "probability": 0.9976580142974854
                },
                {
                    "word": " guess,",
                    "start": 3.24,
                    "end": 3.44,
                    "probability": 0.99997878074646
                },
                {
                    "word": " as",
                    "start": 3.52,
                    "end": 3.92,
                    "probability": 0.9991952776908875
                },
                {
                    "word": " you",
                    "start": 3.92,
                    "end": 4.06,
                    "probability": 0.9999868869781494
                },
                {
                    "word": " look",
                    "start": 4.06,
                    "end": 4.3,
                    "probability": 0.9999699592590332
                },
                {
                    "word": " forward,",
                    "start": 4.3,
                    "end": 4.8,
                    "probability": 0.9999334812164307
                },
                {
                    "word": " which",
                    "start": 5.04,
                    "end": 5.7,
                    "probability": 0.9994524121284485
                },
                {
                    "word": " strategy",
                    "start": 5.7,
                    "end": 6.28,
                    "probability": 0.9999344348907471
                },
                {
                    "word": " or",
                    "start": 6.28,
                    "end": 6.56,
                    "probability": 0.999906063079834
                },
                {
                    "word": " factor",
                    "start": 6.56,
                    "end": 7.04,
                    "probability": 0.9997982382774353
                },
                {
                    "word": " do",
                    "start": 7.04,
                    "end": 7.56,
                    "probability": 0.9997026324272156
                },
                {
                    "word": " you",
                    "start": 7.56,
                    "end": 7.72,
                    "probability": 0.9998453855514526
                },
                {
                    "word": " have",
                    "start": 7.72,
                    "end": 7.92,
                    "probability": 0.9999778270721436
                },
                {
                    "word": " the",
                    "start": 7.92,
                    "end": 8.14,
                    "probability": 0.9997735619544983
                },
                {
                    "word": " least",
                    "start": 8.14,
                    "end": 8.54,
                    "probability": 0.9999045133590698
                },
                {
                    "word": " conviction",
                    "start": 8.54,
                    "end": 8.98,
                    "probability": 0.9999538660049438
                },
                {
                    "word": " in",
                    "start": 8.98,
                    "end": 9.66,
                    "probability": 0.9999064207077026
                },
                {
                    "word": " and",
                    "start": 9.66,
                    "end": 10.24,
                    "probability": 0.40589725971221924
                },
                {
                    "word": " which",
                    "start": 10.24,
                    "end": 10.48,
                    "probability": 0.9999675750732422
                },
                {
                    "word": " one",
                    "start": 10.48,
                    "end": 10.7,
                    "probability": 0.9998979568481445
                },
                {
                    "word": " do",
                    "start": 10.7,
                    "end": 10.9,