{
    "text": " Nope, gotta be different.",
    "segments": [
        {
            "id": 0,
            "seek": 0,
            "start": 0.0,
            "end": 0.94,
            "text": " Nope, gotta be different.",
            "tokens": [
                50365,
                12172,
                11,
                3428,
                312,
                819,
                13,
                50417
            ],
            "temperature": 0.0,
            "avg_logprob": -0.38077836566501194,
            "compression_ratio": 0.7575757575757576,
            "no_speech_prob": 0.004281046334654093,
            "words": [
                {
                    "word": " Nope,",
                    "start": 0.0,
                    "end": 0.24,
                    "probability": 0.7332066297531128
                },
                {
                    "word": " gotta",
                    "start": 0.28,
                    "end": 0.6,
                    "probability": 0.5525317788124084
                },
                {
                    "word": " be",
                    "start": 0.6,
                    "end": 0.76,
                    "probability": 0.9982666969299316
                },
                {
                    "word": " different.",
                    "start": 0.76,
                    "end": 0.94,
                    "probability": 0.9993268251419067
                }
            ]
        }
    ],
    "language": "en"
}