{
    "text": " you",
    "segments": [
        {
            "id": 0,
            "seek": 0,
            "start": 0.0,
            "end": 0.14,
            "text": " you",
            "tokens": [
                50365,
                291,
                50377
            ],
            "temperature": 0.0,
            "avg_logprob": -0.9819155931472778,
            "compression_ratio": 0.2727272727272727,
            "no_speech_prob": 0.9335326552391052,
            "words": [
                {
                    "word": " you",
                    "start": 0.0,
                    "end": 0.14,
                    "probability": 0.24852080643177032
                }
            ]
        }
    ],
    "language": "en"
}