{
    "text": " Catherine, I want to start off with a little bit of background for the listeners that maybe haven't heard of you before, heard of Acadian before. Can you provide some background, lay some context for the rest of this conversation? Who are you? Where'd you come from? How'd you get into the field?",
    "segments": [
        {
            "id": 0,
            "seek": 0,
            "start": 0.0,
            "end": 13.44,
            "text": " Catherine, I want to start off with a little bit of background for the listeners that maybe haven't heard of you before, heard of Acadian before. Can you provide some background, lay some context for the rest of this conversation? Who are you? Where'd you come from? How'd you get into the field?",
            "tokens": [
                50365,
                23098,
                11,
                286,
                528,
                281,
                722,
                766,
                365,
                257,
                707,
                857,
                295,
                3678,
                337,
                264,
                23274,
                300,
                1310,
                2378,
                380,
                2198,
                295,
                291,
                949,
                11,
                2198,
                295,
                9740,
                952,
                949,
                13,
                1664,
                291,
                2893,
                512,
                3678,
                11,
                2360,
                512,
                4319,
                337,
                264,
                1472,
                295,
                341,
                3761,
                30,
                2102,
                366,
                291,
                30,
                2305,
                1116,
                291,
                808,
                490,
                30,
                1012,
                1116,
                291,
                483,
                666,
                264,
                2519,
                30,
                51056
            ],
            "temperature": 0.0,
            "avg_logprob": -0.04181489523719339,
            "compression_ratio": 1.549738219895288,
            "no_speech_prob": 0.009114486165344715,
            "words": [
                {
                    "word": " Catherine,",
                    "start": 0.0,
                    "end": 0.3,
                    "probability": 0.259064644575119
                },
                {
                    "word": " I",
                    "start": 0.3,
                    "end": 0.4,
                    "probability": 0.9993340373039246
                },
                {
                    "word": " want",
                    "start": 0.4,
                    "end": 0.5,
                    "probability": 0.912133514881134
                },
                {
                    "word": " to",
                    "start": 0.5,
                    "end": 0.6,
                    "probability": 0.9999090433120728
                },
                {
                    "word": " start",
                    "start": 0.6,
                    "end": 0.8,
                    "probability": 0.999954342842102
                },
                {
                    "word": " off",
                    "start": 0.8,
                    "end": 1.02,
                    "probability": 0.9994257688522339
                },
                {
                    "word": " with",
                    "start": 1.02,
                    "end": 1.22,
                    "probability": 0.9996364116668701
                },
                {
                    "word": " a",
                    "start": 1.22,
                    "end": 1.32,
                    "probability": 0.9998397827148438
                },
                {
                    "word": " little",
                    "start": 1.32,
                    "end": 1.58,
                    "probability": 0.9998562335968018
                },
                {
                    "word": " bit",
                    "start": 1.58,
                    "end": 1.88,
                    "probability": 0.9996587038040161
                },
                {
                    "word": " of",
                    "start": 1.88,
                    "end": 2.2,
                    "probability": 0.9996283054351807
                },
                {
                    "word": " background",
                    "start": 2.2,
                    "end": 2.94,
                    "probability": 0.9991077780723572
                },
                {
                    "word": " for",
                    "start": 2.94,
                    "end": 3.6,
                    "probability": 0.9948495030403137
                },
                {
                    "word": " the",
                    "start": 3.6,
                    "end": 3.82,
                    "probability": 0.9997984766960144
                },
                {
                    "word": " listeners",
                    "start": 3.82,
                    "end": 4.16,
                    "probability": 0.99982750415802
                },
                {
                    "word": " that",
                    "start": 4.16,
                    "end": 4.38,
                    "probability": 0.998623251914978
                },
                {
                    "word": " maybe",
                    "start": 4.38,
                    "end": 4.56,
                    "probability": 0.9974169731140137
                },
                {
                    "word": " haven't",
                    "start": 4.56,
                    "end": 5.12,
                    "probability": 0.999591737985611
                },
                {
                    "word": " heard",
                    "start": 5.12,
                    "end": 5.26,
                    "probability": 0.9998795986175537
                },
                {
                    "word": " of",
                    "start": 5.26,
                    "end": 5.42,
                    "probability": 0.999887228012085
                },
                {
                    "word": " you",
                    "start": 5.42,
                    "end": 5.56,
                    "probability": 0.9997410178184509
                },
                {
                    "word": " before,",
                    "start": 5.56,
                    "end": 5.9,
                    "probability": 0.9985018968582153
                },
                {
                    "word": " heard",
                    "start": 5.98,
                    "end": 6.24,
                    "probability": 0.9960774779319763
                },
                {
                    "word": " of",
                    "start": 6.24,
                    "end": 6.38,
                    "probability": 0.999872088432312
                },
                {
                    "word": " Acadian",
                    "start": 6.38,
                    "end": 6.88,
                    "probability": 0.8209301233291626
                },
                {
                    "word": " before.",
                    "start": 6.88,
                    "end": 7.14,
                    "probability": 0.9994140863418579
                },
                {
                    "word": " Can",
                    "start": 7.24,
                    "end": 7.52,
                    "probability": 0.9998044371604919
                },
                {
                    "word": " you",
                    "start": 7.52,
                    "end": 7.64,
                    "probability": 0.9999656677246094
                },
                {
                    "word": " provide",