{
    "text": " Let's do it.",
    "segments": [
        {
            "id": 0,
            "seek": 0,
            "start": 0.0,
            "end": 0.32,
            "text": " Let's do it.",
            "tokens": [
                50365,
                961,
                311,
                360,
                309,
                13,
                50390
            ],
            "temperature": 0.0,
            "avg_logprob": -0.14593210816383362,
            "compression_ratio": 0.6,
            "no_speech_prob": 0.0030728864949196577,
            "words": [
                {
                    "word": " Let's",
                    "start": 0.0,
                    "end": 0.2,
                    "probability": 0.7226913124322891
                },
                {
                    "word": " do",
                    "start": 0.2,
                    "end": 0.24,
                    "probability": 0.9994189739227295
                },
                {
                    "word": " it.",
                    "start": 0.24,
                    "end": 0.32,
                    "probability": 0.9994125366210938
                }
            ]
        }
    ],
    "language": "en"
}