{
    "text": " Absolutely.",
    "segments": [
        {
            "id": 0,
            "seek": 0,
            "start": 0.0,
            "end": 0.42,
            "text": " Absolutely.",
            "tokens": [
                50365,
                7021,
                13,
                50387
            ],
            "temperature": 0.0,
            "avg_logprob": -0.26061534881591797,
            "compression_ratio": 0.5789473684210527,
            "no_speech_prob": 0.005501800216734409,
            "words": [
                {
                    "word": " Absolutely.",
                    "start": 0.0,
                    "end": 0.42,
                    "probability": 0.9555362462997437
                }
            ]
        }
    ],
    "language": "en"
}