{
    "text": " Pleasure is mine.",
    "segments": [
        {
            "id": 0,
            "seek": 0,
            "start": 0.0,
            "end": 0.54,
            "text": " Pleasure is mine.",
            "tokens": [
                50365,
                25658,
                2508,
                307,
                3892,
                13,
                50400
            ],
            "temperature": 0.0,
            "avg_logprob": -0.13207408785820007,
            "compression_ratio": 0.68,
            "no_speech_prob": 0.008009153418242931,
            "words": [
                {
                    "word": " Pleasure",
                    "start": 0.0,
                    "end": 0.26,
                    "probability": 0.9435150027275085
                },
                {
                    "word": " is",
                    "start": 0.26,
                    "end": 0.36,
                    "probability": 0.9905389547348022
                },
                {
                    "word": " mine.",
                    "start": 0.36,
                    "end": 0.54,
                    "probability": 0.9904941916465759
                }
            ]
        }
    ],
    "language": "en"
}