{
    "text": " Thanks a lot, Corey.",
    "segments": [
        {
            "id": 0,
            "seek": 0,
            "start": 0.0,
            "end": 0.56,
            "text": " Thanks a lot, Corey.",
            "tokens": [
                50365,
                2561,
                257,
                688,
                11,
                39136,
                13,
                50399
            ],
            "temperature": 0.0,
            "avg_logprob": -0.11725962162017822,
            "compression_ratio": 0.7142857142857143,
            "no_speech_prob": 0.0017537472303956747,
            "words": [
                {
                    "word": " Thanks",
                    "start": 0.0,
                    "end": 0.2,
                    "probability": 0.9852523803710938
                },
                {
                    "word": " a",
                    "start": 0.2,
                    "end": 0.28,
                    "probability": 0.9993457198143005
                },
                {
                    "word": " lot,",
                    "start": 0.28,
                    "end": 0.4,
                    "probability": 0.9999507665634155
                },
                {
                    "word": " Corey.",
                    "start": 0.44,
                    "end": 0.56,
                    "probability": 0.8806920647621155
                }
            ]
        }
    ],
    "language": "en"
}