{
    "text": " Now you started Sparkline back in 2018 with the goal of applying machine learning techniques to unstructured data to help sort of quantify this concept of intangibles pretty specifically. Can you walk us through your thesis as to first what you mean by intangibles and then ultimately why you think this approach has an edge?",
    "segments": [
        {
            "id": 0,
            "seek": 0,
            "start": 0.0,
            "end": 10.88,
            "text": " Now you started Sparkline back in 2018 with the goal of applying machine learning techniques to unstructured data to help sort of quantify this concept of intangibles pretty specifically.",
            "tokens": [
                50365,
                823,
                291,
                1409,
                23424,
                1889,
                646,
                294,
                6096,
                365,
                264,
                3387,
                295,
                9275,
                3479,
                2539,
                7512,
                281,
                18799,
                46847,
                1412,
                281,
                854,
                1333,
                295,
                40421,
                341,
                3410,
                295,
                560,
                656,
                14428,
                1238,
                4682,
                13,
                50927
            ],
            "temperature": 0.0,
            "avg_logprob": -0.11028476322398466,
            "compression_ratio": 1.5186915887850467,
            "no_speech_prob": 0.0015440458664670587,
            "words": [
                {
                    "word": " Now",
                    "start": 0.0,
                    "end": 0.1,
                    "probability": 0.8717408776283264
                },
                {
                    "word": " you",
                    "start": 0.1,
                    "end": 0.18,
                    "probability": 0.5571709871292114
                },
                {
                    "word": " started",
                    "start": 0.18,
                    "end": 0.46,
                    "probability": 0.9986587762832642
                },
                {
                    "word": " Sparkline",
                    "start": 0.46,
                    "end": 1.06,
                    "probability": 0.9072689712047577
                },
                {
                    "word": " back",
                    "start": 1.06,
                    "end": 1.28,
                    "probability": 0.9969346523284912
                },
                {
                    "word": " in",
                    "start": 1.28,
                    "end": 1.54,
                    "probability": 0.9994435906410217
                },
                {
                    "word": " 2018",
                    "start": 1.54,
                    "end": 2.04,
                    "probability": 0.9693495035171509
                },
                {
                    "word": " with",
                    "start": 2.04,
                    "end": 3.06,
                    "probability": 0.8213928937911987
                },
                {
                    "word": " the",
                    "start": 3.06,
                    "end": 3.18,
                    "probability": 0.9996799230575562
                },
                {
                    "word": " goal",
                    "start": 3.18,
                    "end": 3.38,
                    "probability": 0.9996562004089355
                },
                {
                    "word": " of",
                    "start": 3.38,
                    "end": 3.62,
                    "probability": 0.999581515789032
                },
                {
                    "word": " applying",
                    "start": 3.62,
                    "end": 4.02,
                    "probability": 0.9974740147590637
                },
                {
                    "word": " machine",
                    "start": 4.02,
                    "end": 4.76,
                    "probability": 0.9813019633293152
                },
                {
                    "word": " learning",
                    "start": 4.76,
                    "end": 5.04,
                    "probability": 0.98450767993927
                },
                {
                    "word": " techniques",
                    "start": 5.04,
                    "end": 5.56,
                    "probability": 0.9990317821502686
                },
                {
                    "word": " to",
                    "start": 5.56,
                    "end": 5.88,
                    "probability": 0.9964478015899658
                },
                {
                    "word": " unstructured",
                    "start": 5.88,
                    "end": 6.42,
                    "probability": 0.9987295866012573
                },
                {
                    "word": " data",
                    "start": 6.42,
                    "end": 6.78,
                    "probability": 0.999434769153595
                },
                {
                    "word": " to",
                    "start": 6.78,
                    "end": 7.06,
                    "probability": 0.8510099053382874
                },
                {
                    "word": " help",
                    "start": 7.06,
                    "end": 7.2,
                    "probability": 0.9993682503700256
                },
                {
                    "word": " sort",
                    "start": 7.2,
                    "end": 7.36,
                    "probability": 0.6277945041656494
                },
                {
                    "word": " of",
                    "start": 7.36,
                    "end": 7.48,
                    "probability": 0.9990149736404419
                },
                {
                    "word": " quantify",
                    "start": 7.48,
                    "end": 7.98,
                    "probability": 0.9991080164909363
                },
                {
                    "word": " this",
                    "start": 7.98,
                    "end": 8.5,
                    "probability": 0.999305248260498
                },
                {
                    "word": " concept",
                    "start": 8.5,
                    "end": 8.96,
                    "probability": 0.9996495246887207
                },
                {
                    "word": " of",
                    "start": 8.96,
                    "end": 9.26,
                    "probability": 0.9993976354598999
                },
                {
                    "word": " intangibles",
                    "start": 9.26,
                    "end": 10.08,
                    "probability": 0.9942265748977661
                },
                {
                    "word": " pretty",
                    "start": 10.08,
                    "end": 10.4,
                    "probability": 0.7147717475891113
                },
                {
                    "word": " specifically.",
                    "start": 10.4,
                    "end": 10.88,
                    "probability": 0.9977272152900696
                }
            ]
        },
        {
            "id": 1,
            "seek": 0,
            "start": 11.76,
            "end": 19.7,
            "text": " Can you walk us through your thesis as to first what you mean by intangibles and then ultimately why you think this approach has an edge?",