{
    "text": " Okay, are you ready?",
    "segments": [
        {
            "id": 0,
            "seek": 0,
            "start": 0.0,
            "end": 1.24,
            "text": " Okay, are you ready?",
            "tokens": [
                50365,
                1033,
                11,
                366,
                291,
                1919,
                30,
                50466
            ],
            "temperature": 0.0,
            "avg_logprob": -0.3083800739712185,
            "compression_ratio": 0.7142857142857143,
            "no_speech_prob": 0.0162652600556612,
            "words": [
                {
                    "word": " Okay,",
                    "start": 0.0,
                    "end": 0.46,
                    "probability": 0.44795238971710205
                },
                {
                    "word": " are",
                    "start": 0.52,
                    "end": 0.7,
                    "probability": 0.9885362386703491
                },
                {
                    "word": " you",
                    "start": 0.7,
                    "end": 0.88,
                    "probability": 0.9993414282798767
                },
                {
                    "word": " ready?",
                    "start": 0.88,
                    "end": 1.24,
                    "probability": 0.9987857937812805
                }
            ]
        }
    ],
    "language": "en"
}