{
    "text": " I'm not kidding.",
    "segments": [
        {
            "id": 0,
            "seek": 0,
            "start": 0.0,
            "end": 0.06,
            "text": " I'm not kidding.",
            "tokens": [
                50365,
                286,
                478,
                406,
                9287,
                13,
                50377
            ],
            "temperature": 0.0,
            "avg_logprob": -0.6127225160598755,
            "compression_ratio": 0.6666666666666666,
            "no_speech_prob": 0.05548449978232384,
            "words": [
                {
                    "word": " I'm",
                    "start": 0.0,
                    "end": 0.02,
                    "probability": 0.41740767657756805
                },
                {
                    "word": " not",
                    "start": 0.02,
                    "end": 0.02,
                    "probability": 0.3239230811595917
                },
                {
                    "word": " kidding.",
                    "start": 0.02,
                    "end": 0.06,
                    "probability": 0.46601903438568115
                }
            ]
        }
    ],
    "language": "en"
}