{
    "text": " nation.",
    "segments": [
        {
            "id": 0,
            "seek": 0,
            "start": 0.0,
            "end": 0.08,
            "text": " nation.",
            "tokens": [
                50365,
                4790,
                13,
                50373
            ],
            "temperature": 0.0,
            "avg_logprob": -0.7272123336791992,
            "compression_ratio": 0.4666666666666667,
            "no_speech_prob": 0.9665146470069885,
            "words": [
                {
                    "word": " nation.",
                    "start": 0.0,
                    "end": 0.08,
                    "probability": 0.1348797082901001
                }
            ]
        }
    ],
    "language": "en"
}