{
    "text": " you know,",
    "segments": [
        {
            "id": 0,
            "seek": 0,
            "start": 0.0,
            "end": 0.14,
            "text": " you know,",
            "tokens": [
                50365,
                291,
                458,
                11,
                50378
            ],
            "temperature": 0.0,
            "avg_logprob": -0.0961455504099528,
            "compression_ratio": 0.5294117647058824,
            "no_speech_prob": 0.15996019542217255,
            "words": [
                {
                    "word": " you",
                    "start": 0.0,
                    "end": 0.1,
                    "probability": 0.7488961219787598
                },
                {
                    "word": " know,",
                    "start": 0.1,
                    "end": 0.14,
                    "probability": 0.9995589852333069
                }
            ]
        }
    ],
    "language": "en"
}