{
    "text": " you",
    "segments": [
        {
            "id": 0,
            "seek": 0,
            "start": 0.0,
            "end": 0.24,
            "text": " you",
            "tokens": [
                50365,
                291,
                50381
            ],
            "temperature": 0.0,
            "avg_logprob": -0.9975825548171997,
            "compression_ratio": 0.2727272727272727,
            "no_speech_prob": 0.9380757212638855,
            "words": [
                {
                    "word": " you",
                    "start": 0.0,
                    "end": 0.24,
                    "probability": 0.21103671193122864
                }
            ]
        }
    ],
    "language": "en"
}