{
    "text": " In looking at these net nets that you had invested in, the question that that invites for me was, had you seen the entire cohort and sort of qualitatively screened some out? Or was it that certain ones didn't even show up on your radar, that there were qualified investments out there that you weren't even aware of?",
    "segments": [
        {
            "id": 0,
            "seek": 0,
            "start": 0.0,
            "end": 11.94,
            "text": " In looking at these net nets that you had invested in, the question that that invites for me was, had you seen the entire cohort and sort of qualitatively screened some out?",
            "tokens": [
                50365,
                682,
                1237,
                412,
                613,
                2533,
                36170,
                300,
                291,
                632,
                13104,
                294,
                11,
                264,
                1168,
                300,
                300,
                35719,
                337,
                385,
                390,
                11,
                632,
                291,
                1612,
                264,
                2302,
                28902,
                293,
                1333,
                295,
                31312,
                356,
                2568,
                292,
                512,
                484,
                30,
                50982
            ],
            "temperature": 0.0,
            "avg_logprob": -0.12823830710517037,
            "compression_ratio": 1.6808510638297873,
            "no_speech_prob": 0.000583363464102149,
            "words": [
                {
                    "word": " In",
                    "start": 0.0,
                    "end": 0.08,
                    "probability": 0.6792821288108826
                },
                {
                    "word": " looking",
                    "start": 0.08,
                    "end": 0.28,
                    "probability": 0.9970260262489319
                },
                {
                    "word": " at",
                    "start": 0.28,
                    "end": 0.44,
                    "probability": 0.9982531666755676
                },
                {
                    "word": " these",
                    "start": 0.44,
                    "end": 0.56,
                    "probability": 0.9945534467697144
                },
                {
                    "word": " net",
                    "start": 0.56,
                    "end": 0.8,
                    "probability": 0.8432266116142273
                },
                {
                    "word": " nets",
                    "start": 0.8,
                    "end": 0.96,
                    "probability": 0.5753562450408936
                },
                {
                    "word": " that",
                    "start": 0.96,
                    "end": 1.14,
                    "probability": 0.9805928468704224
                },
                {
                    "word": " you",
                    "start": 1.14,
                    "end": 1.32,
                    "probability": 0.999653697013855
                },
                {
                    "word": " had",
                    "start": 1.32,
                    "end": 1.46,
                    "probability": 0.9893634915351868
                },
                {
                    "word": " invested",
                    "start": 1.46,
                    "end": 1.82,
                    "probability": 0.9975280165672302
                },
                {
                    "word": " in,",
                    "start": 1.82,
                    "end": 2.12,
                    "probability": 0.9966092109680176
                },
                {
                    "word": " the",
                    "start": 2.18,
                    "end": 2.76,
                    "probability": 0.9939603805541992
                },
                {
                    "word": " question",
                    "start": 2.76,
                    "end": 3.22,
                    "probability": 0.9985297918319702
                },
                {
                    "word": " that",
                    "start": 3.22,
                    "end": 3.88,
                    "probability": 0.9952220320701599
                },
                {
                    "word": " that",
                    "start": 3.88,
                    "end": 4.02,
                    "probability": 0.861220121383667
                },
                {
                    "word": " invites",
                    "start": 4.02,
                    "end": 4.36,
                    "probability": 0.9978501796722412
                },
                {
                    "word": " for",
                    "start": 4.36,
                    "end": 4.6,
                    "probability": 0.8347289562225342
                },
                {
                    "word": " me",
                    "start": 4.6,
                    "end": 4.78,
                    "probability": 0.9997400641441345
                },
                {
                    "word": " was,",
                    "start": 4.78,
                    "end": 5.2,
                    "probability": 0.9940339922904968
                },
                {
                    "word": " had",
                    "start": 5.2,
                    "end": 5.96,
                    "probability": 0.9017630815505981
                },
                {
                    "word": " you",
                    "start": 5.96,
                    "end": 6.34,
                    "probability": 0.9997650980949402
                },
                {
                    "word": " seen",
                    "start": 6.34,
                    "end": 7.28,
                    "probability": 0.9956662654876709
                },
                {
                    "word": " the",
                    "start": 7.28,
                    "end": 7.52,
                    "probability": 0.9995598196983337
                },
                {
                    "word": " entire",
                    "start": 7.52,
                    "end": 7.78,
                    "probability": 0.9998719692230225
                },
                {
                    "word": " cohort",
                    "start": 7.78,
                    "end": 8.36,
                    "probability": 0.9984424710273743
                },
                {
                    "word": " and",
                    "start": 8.36,
                    "end": 9.0,
                    "probability": 0.9616816639900208
                },
                {
                    "word": " sort",
                    "start": 9.0,
                    "end": 9.94,
                    "probability": 0.7643906474113464
                },
                {
                    "word": " of",
                    "start": 9.94,
                    "end": 10.06,
                    "probability": 0.9987918734550476
                },
                {
                    "word": " qualitatively",
                    "start": 10.06,
                    "end": 11.02,
                    "probability": 0.9972497820854187
                },
                {
                    "word": " screened",
                    "start": 11.02,
                    "end": 11.52,
                    "probability": 0.8812865018844604
                },
                {
                    "word": " some",
                    "start": 11.52,
                    "end": 11.6,
                    "probability": 0.9910376071929932
                },
                {
                    "word": " out?",
                    "start": 11.6,
                    "end": 11.94,