{
    "text": " It's.",
    "segments": [
        {
            "id": 0,
            "seek": 0,
            "start": 0.0,
            "end": 0.12,
            "text": " It's.",
            "tokens": [
                50365,
                467,
                311,
                13,
                50371
            ],
            "temperature": 0.0,
            "avg_logprob": -0.4946244955062866,
            "compression_ratio": 0.38461538461538464,
            "no_speech_prob": 0.8343058228492737,
            "words": [
                {
                    "word": " It's.",
                    "start": 0.0,
                    "end": 0.12,
                    "probability": 0.7631691992282867
                }
            ]
        }
    ],
    "language": "en"
}