{
    "text": " Thank you.",
    "segments": [
        {
            "id": 0,
            "seek": 0,
            "start": 0.0,
            "end": 0.04,
            "text": " Thank you.",
            "tokens": [
                50365,
                1044,
                291,
                13,
                50370
            ],
            "temperature": 0.0,
            "avg_logprob": -0.5086423953374227,
            "compression_ratio": 0.5555555555555556,
            "no_speech_prob": 0.9201578497886658,
            "words": [
                {
                    "word": " Thank",
                    "start": 0.0,
                    "end": 0.02,
                    "probability": 0.2448083460330963
                },
                {
                    "word": " you.",
                    "start": 0.02,
                    "end": 0.04,
                    "probability": 0.9992431402206421
                }
            ]
        }
    ],
    "language": "en"
}