{
    "text": " Thank you.",
    "segments": [
        {
            "id": 0,
            "seek": 0,
            "start": 0.0,
            "end": 0.24,
            "text": " Thank you.",
            "tokens": [
                50365,
                1044,
                291,
                13,
                50489
            ],
            "temperature": 0.0,
            "avg_logprob": -0.9811731974283854,
            "compression_ratio": 0.5555555555555556,
            "no_speech_prob": 0.42876026034355164,
            "words": [
                {
                    "word": " Thank",
                    "start": 0.0,
                    "end": 0.2,
                    "probability": 0.06365867704153061
                },
                {
                    "word": " you.",
                    "start": 0.2,
                    "end": 0.24,
                    "probability": 0.9988600015640259
                }
            ]
        }
    ],
    "language": "en"
}