{
    "text": " is",
    "segments": [
        {
            "id": 0,
            "seek": 0,
            "start": 0.0,
            "end": 0.1,
            "text": " is",
            "tokens": [
                50365,
                307,
                50372
            ],
            "temperature": 0.0,
            "avg_logprob": -0.5594151616096497,
            "compression_ratio": 0.2,
            "no_speech_prob": 0.9174467921257019,
            "words": [
                {
                    "word": " is",
                    "start": 0.0,
                    "end": 0.1,
                    "probability": 0.22540973126888275
                }
            ]
        }
    ],
    "language": "en"
}