{
    "text": " After a long and successful career on Wall Street, you ultimately stepped out to launch your own firm, Macro Risk Advisors, which you have described as a, quote, smart brokerage model. Maybe you can talk about a little bit about what made you want to step out and do your own thing and what it means to be a smart broker.",
    "segments": [
        {
            "id": 0,
            "seek": 0,
            "start": 0.0,
            "end": 11.78,
            "text": " After a long and successful career on Wall Street, you ultimately stepped out to launch your own firm, Macro Risk Advisors, which you have described as a, quote, smart brokerage model.",
            "tokens": [
                50365,
                2381,
                257,
                938,
                293,
                4406,
                3988,
                322,
                9551,
                7638,
                11,
                291,
                6284,
                15251,
                484,
                281,
                4025,
                428,
                1065,
                6174,
                11,
                5707,
                340,
                45892,
                31407,
                830,
                11,
                597,
                291,
                362,
                7619,
                382,
                257,
                11,
                6513,
                11,
                4069,
                26502,
                609,
                2316,
                13,
                50962
            ],
            "temperature": 0.0,
            "avg_logprob": -0.1305753557305587,
            "compression_ratio": 1.558252427184466,
            "no_speech_prob": 0.001609194092452526,
            "words": [
                {
                    "word": " After",
                    "start": 0.0,
                    "end": 0.22,
                    "probability": 0.16256435215473175
                },
                {
                    "word": " a",
                    "start": 0.22,
                    "end": 0.36,
                    "probability": 0.9982326030731201
                },
                {
                    "word": " long",
                    "start": 0.36,
                    "end": 0.74,
                    "probability": 0.998288094997406
                },
                {
                    "word": " and",
                    "start": 0.74,
                    "end": 0.96,
                    "probability": 0.99700528383255
                },
                {
                    "word": " successful",
                    "start": 0.96,
                    "end": 1.28,
                    "probability": 0.9997425675392151
                },
                {
                    "word": " career",
                    "start": 1.28,
                    "end": 1.82,
                    "probability": 0.9989513158798218
                },
                {
                    "word": " on",
                    "start": 1.82,
                    "end": 2.06,
                    "probability": 0.9985426664352417
                },
                {
                    "word": " Wall",
                    "start": 2.06,
                    "end": 2.24,
                    "probability": 0.9884434342384338
                },
                {
                    "word": " Street,",
                    "start": 2.24,
                    "end": 2.52,
                    "probability": 0.9963129162788391
                },
                {
                    "word": " you",
                    "start": 2.62,
                    "end": 2.72,
                    "probability": 0.9985678195953369
                },
                {
                    "word": " ultimately",
                    "start": 2.72,
                    "end": 3.06,
                    "probability": 0.9976904392242432
                },
                {
                    "word": " stepped",
                    "start": 3.06,
                    "end": 3.72,
                    "probability": 0.9985860586166382
                },
                {
                    "word": " out",
                    "start": 3.72,
                    "end": 4.32,
                    "probability": 0.9986370205879211
                },
                {
                    "word": " to",
                    "start": 4.32,
                    "end": 4.64,
                    "probability": 0.9975517392158508
                },
                {
                    "word": " launch",
                    "start": 4.64,
                    "end": 5.02,
                    "probability": 0.9983413219451904
                },
                {
                    "word": " your",
                    "start": 5.02,
                    "end": 5.24,
                    "probability": 0.9956203103065491
                },
                {
                    "word": " own",
                    "start": 5.24,
                    "end": 5.46,
                    "probability": 0.9994449019432068
                },
                {
                    "word": " firm,",
                    "start": 5.46,
                    "end": 5.82,
                    "probability": 0.9986735582351685
                },
                {
                    "word": " Macro",
                    "start": 6.0,
                    "end": 6.42,
                    "probability": 0.9691100418567657
                },
                {
                    "word": " Risk",
                    "start": 6.42,
                    "end": 6.7,
                    "probability": 0.8562214374542236
                },
                {
                    "word": " Advisors,",
                    "start": 6.7,
                    "end": 7.4,
                    "probability": 0.9755916893482208
                },
                {
                    "word": " which",
                    "start": 7.42,
                    "end": 7.7,
                    "probability": 0.9989245533943176
                },
                {
                    "word": " you",
                    "start": 7.7,
                    "end": 8.0,
                    "probability": 0.9997760653495789
                },
                {
                    "word": " have",
                    "start": 8.0,
                    "end": 8.28,
                    "probability": 0.9986591339111328
                },
                {
                    "word": " described",
                    "start": 8.28,
                    "end": 8.8,
                    "probability": 0.9996122717857361
                },
                {
                    "word": " as",
                    "start": 8.8,
                    "end": 9.42,
                    "probability": 0.998979389667511
                },
                {
                    "word": " a,",
                    "start": 9.42,
                    "end": 9.74,
                    "probability": 0.9283880591392517
                },
                {
                    "word": " quote,",
                    "start": 9.78,
                    "end": 10.04,
                    "probability": 0.8847635984420776
                },
                {
                    "word": " smart",
                    "start": 10.16,
                    "end": 10.54,
                    "probability": 0.7064512372016907
                },
                {
                    "word": " brokerage",
                    "start": 10.54,
                    "end": 11.5,
                    "probability": 0.9992208182811737
                },
                {
                    "word": " model.",
                    "start": 11.5,
                    "end": 11.78,
                    "probability": 0.9996529817581177
                }
            ]
        },
        {
            "id": 1,
            "seek": 0,