{
    "text": " In our pre-call, you mentioned to me that the one question you spend the majority of your time thinking about, and maybe the only single question that really matters when you think about the price of volatility is, to quote you, is volatility worth it? How do you think about quantifying whether volatility is a good deal or not?",
    "segments": [
        {
            "id": 0,
            "seek": 0,
            "start": 0.0,
            "end": 15.96,
            "text": " In our pre-call, you mentioned to me that the one question you spend the majority of your time thinking about, and maybe the only single question that really matters when you think about the price of volatility is, to quote you, is volatility worth it?",
            "tokens": [
                50365,
                682,
                527,
                659,
                12,
                45459,
                11,
                291,
                2835,
                281,
                385,
                300,
                264,
                472,
                1168,
                291,
                3496,
                264,
                6286,
                295,
                428,
                565,
                1953,
                466,
                11,
                293,
                1310,
                264,
                787,
                2167,
                1168,
                300,
                534,
                7001,
                562,
                291,
                519,
                466,
                264,
                3218,
                295,
                25877,
                307,
                11,
                281,
                6513,
                291,
                11,
                307,
                25877,
                3163,
                309,
                30,
                51169
            ],
            "temperature": 0.0,
            "avg_logprob": -0.07832663679776126,
            "compression_ratio": 1.731578947368421,
            "no_speech_prob": 1.7917618606588803e-05,
            "words": [
                {
                    "word": " In",
                    "start": 0.0,
                    "end": 0.08,
                    "probability": 0.9036915302276611
                },
                {
                    "word": " our",
                    "start": 0.08,
                    "end": 0.16,
                    "probability": 0.9990624785423279
                },
                {
                    "word": " pre",
                    "start": 0.16,
                    "end": 0.4,
                    "probability": 0.9842787384986877
                },
                {
                    "word": "-call,",
                    "start": 0.4,
                    "end": 0.64,
                    "probability": 0.958396315574646
                },
                {
                    "word": " you",
                    "start": 0.76,
                    "end": 1.0,
                    "probability": 0.999765932559967
                },
                {
                    "word": " mentioned",
                    "start": 1.0,
                    "end": 1.36,
                    "probability": 0.9999864101409912
                },
                {
                    "word": " to",
                    "start": 1.36,
                    "end": 1.6,
                    "probability": 0.9997784495353699
                },
                {
                    "word": " me",
                    "start": 1.6,
                    "end": 1.76,
                    "probability": 0.9999608993530273
                },
                {
                    "word": " that",
                    "start": 1.76,
                    "end": 1.94,
                    "probability": 0.9978798627853394
                },
                {
                    "word": " the",
                    "start": 1.94,
                    "end": 2.42,
                    "probability": 0.9992330074310303
                },
                {
                    "word": " one",
                    "start": 2.42,
                    "end": 2.84,
                    "probability": 0.9997321963310242
                },
                {
                    "word": " question",
                    "start": 2.84,
                    "end": 3.56,
                    "probability": 0.9999170303344727
                },
                {
                    "word": " you",
                    "start": 3.56,
                    "end": 4.02,
                    "probability": 0.9993394017219543
                },
                {
                    "word": " spend",
                    "start": 4.02,
                    "end": 4.34,
                    "probability": 0.9994791150093079
                },
                {
                    "word": " the",
                    "start": 4.34,
                    "end": 4.54,
                    "probability": 0.9993784427642822
                },
                {
                    "word": " majority",
                    "start": 4.54,
                    "end": 4.9,
                    "probability": 0.999796450138092
                },
                {
                    "word": " of",
                    "start": 4.9,
                    "end": 5.26,
                    "probability": 0.9999545812606812
                },
                {
                    "word": " your",
                    "start": 5.26,
                    "end": 5.44,
                    "probability": 0.9988889098167419
                },
                {
                    "word": " time",
                    "start": 5.44,
                    "end": 5.7,
                    "probability": 0.9998894929885864
                },
                {
                    "word": " thinking",
                    "start": 5.7,
                    "end": 6.18,
                    "probability": 0.9993836879730225
                },
                {
                    "word": " about,",
                    "start": 6.18,
                    "end": 6.54,
                    "probability": 0.9998008608818054
                },
                {
                    "word": " and",
                    "start": 6.62,
                    "end": 6.8,
                    "probability": 0.9989907145500183
                },
                {
                    "word": " maybe",
                    "start": 6.8,
                    "end": 7.06,
                    "probability": 0.9995942711830139
                },
                {
                    "word": " the",
                    "start": 7.06,
                    "end": 7.84,
                    "probability": 0.9993082284927368
                },
                {
                    "word": " only",
                    "start": 7.84,
                    "end": 8.18,
                    "probability": 0.9999183416366577
                },
                {
                    "word": " single",
                    "start": 8.18,
                    "end": 8.62,
                    "probability": 0.9999113082885742
                },
                {
                    "word": " question",
                    "start": 8.62,
                    "end": 9.1,
                    "probability": 0.9998962879180908
                },
                {
                    "word": " that",
                    "start": 9.1,
                    "end": 9.52,
                    "probability": 0.9998363256454468
                },
                {
                    "word": " really",
                    "start": 9.52,
                    "end": 9.84,
                    "probability": 0.9997555613517761
                },
                {
                    "word": " matters",
                    "start": 9.84,
                    "end": 10.4,