{
    "text": " Thank you.",
    "segments": [
        {
            "id": 0,
            "seek": 0,
            "start": 0.0,
            "end": 0.36,
            "text": " Thank you.",
            "tokens": [
                50365,
                1044,
                291,
                13,
                50482
            ],
            "temperature": 0.0,
            "avg_logprob": -0.6831641991933187,
            "compression_ratio": 0.5555555555555556,
            "no_speech_prob": 0.811353325843811,
            "words": [
                {
                    "word": " Thank",
                    "start": 0.0,
                    "end": 0.34,
                    "probability": 0.11035420745611191
                },
                {
                    "word": " you.",
                    "start": 0.34,
                    "end": 0.36,
                    "probability": 0.9980382323265076
                }
            ]
        }
    ],
    "language": "en"
}