{
    "text": " joy.",
    "segments": [
        {
            "id": 0,
            "seek": 0,
            "start": 0.0,
            "end": 0.16,
            "text": " joy.",
            "tokens": [
                50365,
                6258,
                13,
                50386
            ],
            "temperature": 0.0,
            "avg_logprob": -0.571155595779419,
            "compression_ratio": 0.3333333333333333,
            "no_speech_prob": 0.1920025646686554,
            "words": [
                {
                    "word": " joy.",
                    "start": 0.0,
                    "end": 0.16,
                    "probability": 0.23557913303375244
                }
            ]
        }
    ],
    "language": "en"
}