{
    "text": " Peace.",
    "segments": [
        {
            "id": 0,
            "seek": 0,
            "start": 0.0,
            "end": 0.16,
            "text": " Peace.",
            "tokens": [
                50365,
                13204,
                13,
                50375
            ],
            "temperature": 0.0,
            "avg_logprob": -0.4141361236572266,
            "compression_ratio": 0.42857142857142855,
            "no_speech_prob": 0.36275020241737366,
            "words": [
                {
                    "word": " Peace.",
                    "start": 0.0,
                    "end": 0.16,
                    "probability": 0.383096307516098
                }
            ]
        }
    ],
    "language": "en"
}