{
    "text": " So with how different a 60-40 portfolio is from something more tactical like a momentum or a value strategy, I can imagine that these variables would have to be pretty specific to those strategies or they would have to encapsulate the differences in them. What were the variables that you came up with to describe timing?",
    "segments": [
        {
            "id": 0,
            "seek": 0,
            "start": 0.0,
            "end": 15.18,
            "text": " So with how different a 60-40 portfolio is from something more tactical like a momentum or a value strategy, I can imagine that these variables would have to be pretty specific to those strategies or they would have to encapsulate the differences in them.",
            "tokens": [
                50365,
                407,
                365,
                577,
                819,
                257,
                4060,
                12,
                5254,
                12583,
                307,
                490,
                746,
                544,
                26323,
                411,
                257,
                11244,
                420,
                257,
                2158,
                5206,
                11,
                286,
                393,
                3811,
                300,
                613,
                9102,
                576,
                362,
                281,
                312,
                1238,
                2685,
                281,
                729,
                9029,
                420,
                436,
                576,
                362,
                281,
                38745,
                5256,
                264,
                7300,
                294,
                552,
                13,
                51129
            ],
            "temperature": 0.0,
            "avg_logprob": -0.08253800691063724,
            "compression_ratio": 1.5507246376811594,
            "no_speech_prob": 0.0005111435311846435,
            "words": [
                {
                    "word": " So",
                    "start": 0.0,
                    "end": 0.1,
                    "probability": 0.8806663155555725
                },
                {
                    "word": " with",
                    "start": 0.1,
                    "end": 0.18,
                    "probability": 0.9163629412651062
                },
                {
                    "word": " how",
                    "start": 0.18,
                    "end": 0.32,
                    "probability": 0.9994843006134033
                },
                {
                    "word": " different",
                    "start": 0.32,
                    "end": 0.66,
                    "probability": 0.9994677901268005
                },
                {
                    "word": " a",
                    "start": 0.66,
                    "end": 0.84,
                    "probability": 0.9897347688674927
                },
                {
                    "word": " 60",
                    "start": 0.84,
                    "end": 1.2,
                    "probability": 0.9988172650337219
                },
                {
                    "word": "-40",
                    "start": 1.2,
                    "end": 1.62,
                    "probability": 0.9156781435012817
                },
                {
                    "word": " portfolio",
                    "start": 1.62,
                    "end": 2.1,
                    "probability": 0.9993170499801636
                },
                {
                    "word": " is",
                    "start": 2.1,
                    "end": 2.7,
                    "probability": 0.9995749592781067
                },
                {
                    "word": " from",
                    "start": 2.7,
                    "end": 3.38,
                    "probability": 0.9975236058235168
                },
                {
                    "word": " something",
                    "start": 3.38,
                    "end": 4.08,
                    "probability": 0.9997707009315491
                },
                {
                    "word": " more",
                    "start": 4.08,
                    "end": 4.36,
                    "probability": 0.9998811483383179
                },
                {
                    "word": " tactical",
                    "start": 4.36,
                    "end": 4.86,
                    "probability": 0.999539852142334
                },
                {
                    "word": " like",
                    "start": 4.86,
                    "end": 5.18,
                    "probability": 0.6545483469963074
                },
                {
                    "word": " a",
                    "start": 5.18,
                    "end": 5.28,
                    "probability": 0.9987962245941162
                },
                {
                    "word": " momentum",
                    "start": 5.28,
                    "end": 5.62,
                    "probability": 0.9976754784584045
                },
                {
                    "word": " or",
                    "start": 5.62,
                    "end": 6.0,
                    "probability": 0.9992314577102661
                },
                {
                    "word": " a",
                    "start": 6.0,
                    "end": 6.14,
                    "probability": 0.9976451992988586
                },
                {
                    "word": " value",
                    "start": 6.14,
                    "end": 6.54,
                    "probability": 0.9994606375694275
                },
                {
                    "word": " strategy,",
                    "start": 6.54,
                    "end": 6.92,
                    "probability": 0.9998595714569092
                },
                {
                    "word": " I",
                    "start": 7.26,
                    "end": 7.46,
                    "probability": 0.9997360110282898
                },
                {
                    "word": " can",
                    "start": 7.46,
                    "end": 7.54,
                    "probability": 0.9998968839645386
                },
                {
                    "word": " imagine",
                    "start": 7.54,
                    "end": 7.98,
                    "probability": 0.9998688697814941
                },
                {
                    "word": " that",
                    "start": 7.98,
                    "end": 8.3,
                    "probability": 0.9997628331184387
                },
                {
                    "word": " these",
                    "start": 8.3,
                    "end": 8.62,
                    "probability": 0.9998589754104614
                },
                {
                    "word": " variables",
                    "start": 8.62,
                    "end": 9.18,
                    "probability": 0.9999194145202637
                },
                {
                    "word": " would",
                    "start": 9.18,
                    "end": 9.56,
                    "probability": 0.999861478805542
                },
                {
                    "word": " have",
                    "start": 9.56,
                    "end": 9.72,
                    "probability": 0.9999440908432007
                },
                {
                    "word": " to",
                    "start": 9.72,
                    "end": 9.92,
                    "probability": 0.9999535083770752
                },
                {
                    "word": " be",
                    "start": 9.92,
                    "end": 10.1,