{
    "text": " So for portfolio managers, how can we specifically reduce timing luck? You mentioned having constraints on a portfolio, but are there some general rules of thumb that portfolio managers can look at for minimizing timing luck?",
    "segments": [
        {
            "id": 0,
            "seek": 0,
            "start": 0.0,
            "end": 12.76,
            "text": " So for portfolio managers, how can we specifically reduce timing luck? You mentioned having constraints on a portfolio, but are there some general rules of thumb that portfolio managers can look at for minimizing timing luck?",
            "tokens": [
                50365,
                407,
                337,
                12583,
                14084,
                11,
                577,
                393,
                321,
                4682,
                5407,
                10822,
                3668,
                30,
                509,
                2835,
                1419,
                18491,
                322,
                257,
                12583,
                11,
                457,
                366,
                456,
                512,
                2674,
                4474,
                295,
                9298,
                300,
                12583,
                14084,
                393,
                574,
                412,
                337,
                46608,
                10822,
                3668,
                30,
                51013
            ],
            "temperature": 0.0,
            "avg_logprob": -0.03271579465200735,
            "compression_ratio": 1.5202702702702702,
            "no_speech_prob": 5.093661002320005e-06,
            "words": [
                {
                    "word": " So",
                    "start": 0.0,
                    "end": 0.3,
                    "probability": 0.8201684355735779
                },
                {
                    "word": " for",
                    "start": 0.3,
                    "end": 0.44,
                    "probability": 0.9710728526115417
                },
                {
                    "word": " portfolio",
                    "start": 0.44,
                    "end": 0.94,
                    "probability": 0.9950952529907227
                },
                {
                    "word": " managers,",
                    "start": 0.94,
                    "end": 1.36,
                    "probability": 0.9999619722366333
                },
                {
                    "word": " how",
                    "start": 1.58,
                    "end": 1.76,
                    "probability": 0.9999595880508423
                },
                {
                    "word": " can",
                    "start": 1.76,
                    "end": 1.94,
                    "probability": 0.9999983310699463
                },
                {
                    "word": " we",
                    "start": 1.94,
                    "end": 2.2,
                    "probability": 0.9999910593032837
                },
                {
                    "word": " specifically",
                    "start": 2.2,
                    "end": 2.7,
                    "probability": 0.9999736547470093
                },
                {
                    "word": " reduce",
                    "start": 2.7,
                    "end": 3.2,
                    "probability": 0.999923586845398
                },
                {
                    "word": " timing",
                    "start": 3.2,
                    "end": 3.7,
                    "probability": 0.9998880624771118
                },
                {
                    "word": " luck?",
                    "start": 3.7,
                    "end": 4.0,
                    "probability": 0.9152736067771912
                },
                {
                    "word": " You",
                    "start": 4.12,
                    "end": 4.3,
                    "probability": 0.9999279975891113
                },
                {
                    "word": " mentioned",
                    "start": 4.3,
                    "end": 4.72,
                    "probability": 0.9999927282333374
                },
                {
                    "word": " having",
                    "start": 4.72,
                    "end": 5.36,
                    "probability": 0.999904990196228
                },
                {
                    "word": " constraints",
                    "start": 5.36,
                    "end": 5.9,
                    "probability": 0.999657154083252
                },
                {
                    "word": " on",
                    "start": 5.9,
                    "end": 6.2,
                    "probability": 0.9999988079071045
                },
                {
                    "word": " a",
                    "start": 6.2,
                    "end": 6.3,
                    "probability": 0.9397854804992676
                },
                {
                    "word": " portfolio,",
                    "start": 6.3,
                    "end": 6.64,
                    "probability": 0.9999656677246094
                },
                {
                    "word": " but",
                    "start": 6.86,
                    "end": 7.02,
                    "probability": 0.9997794032096863
                },
                {
                    "word": " are",
                    "start": 7.02,
                    "end": 7.16,
                    "probability": 0.9999668598175049
                },
                {
                    "word": " there",
                    "start": 7.16,
                    "end": 7.36,
                    "probability": 0.9999966621398926
                },
                {
                    "word": " some",
                    "start": 7.36,
                    "end": 7.48,
                    "probability": 0.9999780654907227
                },
                {
                    "word": " general",
                    "start": 7.48,
                    "end": 7.86,
                    "probability": 0.9998425245285034
                },
                {
                    "word": " rules",
                    "start": 7.86,
                    "end": 8.28,
                    "probability": 0.999934196472168
                },
                {
                    "word": " of",
                    "start": 8.28,
                    "end": 8.48,
                    "probability": 0.999897837638855
                },
                {
                    "word": " thumb",
                    "start": 8.48,
                    "end": 8.78,
                    "probability": 0.999909520149231
                },
                {
                    "word": " that",
                    "start": 8.78,
                    "end": 9.06,
                    "probability": 0.9999575614929199
                },
                {
                    "word": " portfolio",
                    "start": 9.06,
                    "end": 9.46,
                    "probability": 0.999932050704956
                },
                {
                    "word": " managers",
                    "start": 9.46,
                    "end": 10.02,
                    "probability": 0.9999877214431763
                },
                {
                    "word": " can",
                    "start": 10.02,
                    "end": 10.36,
                    "probability": 0.999993085861206
                },
                {
                    "word": " look",
                    "start": 10.36,
                    "end": 10.6,
                    "probability": 0.9999895095825195
                },
                {
                    "word": " at",
                    "start": 10.6,
                    "end": 10.84,