{
    "text": " there.",
    "segments": [
        {
            "id": 0,
            "seek": 0,
            "start": 0.0,
            "end": 0.16,
            "text": " there.",
            "tokens": [
                50365,
                456,
                13,
                50377
            ],
            "temperature": 0.0,
            "avg_logprob": -0.5053835868835449,
            "compression_ratio": 0.42857142857142855,
            "no_speech_prob": 0.0401294082403183,
            "words": [
                {
                    "word": " there.",
                    "start": 0.0,
                    "end": 0.16,
                    "probability": 0.8093208074569702
                }
            ]
        }
    ],
    "language": "en"
}