{
    "text": " Thank you.",
    "segments": [
        {
            "id": 0,
            "seek": 0,
            "start": 0.0,
            "end": 0.48,
            "text": " Thank you.",
            "tokens": [
                50365,
                1044,
                291,
                13,
                50400
            ],
            "temperature": 0.0,
            "avg_logprob": -0.5916009346644083,
            "compression_ratio": 0.5555555555555556,
            "no_speech_prob": 0.8240827918052673,
            "words": [
                {
                    "word": " Thank",
                    "start": 0.0,
                    "end": 0.38,
                    "probability": 0.2926202714443207
                },
                {
                    "word": " you.",
                    "start": 0.38,
                    "end": 0.48,
                    "probability": 0.9994884729385376
                }
            ]
        }
    ],
    "language": "en"
}