{
    "text": " you're",
    "segments": [
        {
            "id": 0,
            "seek": 0,
            "start": 0.0,
            "end": 0.14,
            "text": " you're",
            "tokens": [
                50365,
                291,
                434,
                50373
            ],
            "temperature": 0.0,
            "avg_logprob": -0.6109501838684082,
            "compression_ratio": 0.42857142857142855,
            "no_speech_prob": 0.2505140006542206,
            "words": [
                {
                    "word": " you're",
                    "start": 0.0,
                    "end": 0.14,
                    "probability": 0.48861026018857956
                }
            ]
        }
    ],
    "language": "en"
}