{
    "text": " strategies.",
    "segments": [
        {
            "id": 0,
            "seek": 0,
            "start": 0.0,
            "end": 0.28,
            "text": " strategies.",
            "tokens": [
                50365,
                9029,
                13,
                50392
            ],
            "temperature": 0.0,
            "avg_logprob": -0.6368059635162353,
            "compression_ratio": 0.5789473684210527,
            "no_speech_prob": 0.1481810361146927,
            "words": [
                {
                    "word": " strategies.",
                    "start": 0.0,
                    "end": 0.28,
                    "probability": 0.06127572059631348
                }
            ]
        }
    ],
    "language": "en"
}