{
    "text": " Okay. Well, yes. Thankful that my first time on the podcast is running the podcast. So let's start with a simple question. As we get into timing luck, what is rebalance timing luck?",
    "segments": [
        {
            "id": 0,
            "seek": 0,
            "start": 0.0,
            "end": 10.84,
            "text": " Okay. Well, yes. Thankful that my first time on the podcast is running the podcast. So let's start with a simple question. As we get into timing luck, what is rebalance timing luck?",
            "tokens": [
                50365,
                1033,
                13,
                1042,
                11,
                2086,
                13,
                1044,
                906,
                300,
                452,
                700,
                565,
                322,
                264,
                7367,
                307,
                2614,
                264,
                7367,
                13,
                407,
                718,
                311,
                722,
                365,
                257,
                2199,
                1168,
                13,
                1018,
                321,
                483,
                666,
                10822,
                3668,
                11,
                437,
                307,
                319,
                29215,
                10822,
                3668,
                30,
                50914
            ],
            "temperature": 0.0,
            "avg_logprob": -0.14630503239838974,
            "compression_ratio": 1.371212121212121,
            "no_speech_prob": 0.03356815129518509,
            "words": [
                {
                    "word": " Okay.",
                    "start": 0.0,
                    "end": 0.34,
                    "probability": 0.7466297745704651
                },
                {
                    "word": " Well,",
                    "start": 0.34,
                    "end": 0.72,
                    "probability": 0.996579110622406
                },
                {
                    "word": " yes.",
                    "start": 0.78,
                    "end": 1.02,
                    "probability": 0.9994505047798157
                },
                {
                    "word": " Thankful",
                    "start": 1.14,
                    "end": 1.62,
                    "probability": 0.9649248421192169
                },
                {
                    "word": " that",
                    "start": 1.62,
                    "end": 1.74,
                    "probability": 0.9994951486587524
                },
                {
                    "word": " my",
                    "start": 1.74,
                    "end": 1.88,
                    "probability": 0.9999021291732788
                },
                {
                    "word": " first",
                    "start": 1.88,
                    "end": 2.12,
                    "probability": 0.9999486207962036
                },
                {
                    "word": " time",
                    "start": 2.12,
                    "end": 2.28,
                    "probability": 0.99983811378479
                },
                {
                    "word": " on",
                    "start": 2.28,
                    "end": 2.46,
                    "probability": 0.999909520149231
                },
                {
                    "word": " the",
                    "start": 2.46,
                    "end": 2.54,
                    "probability": 0.999908447265625
                },
                {
                    "word": " podcast",
                    "start": 2.54,
                    "end": 2.94,
                    "probability": 0.9997400641441345
                },
                {
                    "word": " is",
                    "start": 2.94,
                    "end": 3.32,
                    "probability": 0.9996867179870605
                },
                {
                    "word": " running",
                    "start": 3.32,
                    "end": 3.72,
                    "probability": 0.9997537732124329
                },
                {
                    "word": " the",
                    "start": 3.72,
                    "end": 3.9,
                    "probability": 0.9978194236755371
                },
                {
                    "word": " podcast.",
                    "start": 3.9,
                    "end": 4.22,
                    "probability": 0.9998111128807068
                },
                {
                    "word": " So",
                    "start": 4.46,
                    "end": 4.68,
                    "probability": 0.9753527641296387
                },
                {
                    "word": " let's",
                    "start": 4.68,
                    "end": 5.44,
                    "probability": 0.9463412165641785
                },
                {
                    "word": " start",
                    "start": 5.44,
                    "end": 5.58,
                    "probability": 0.9993792772293091
                },
                {
                    "word": " with",
                    "start": 5.58,
                    "end": 5.8,
                    "probability": 0.9989670515060425
                },
                {
                    "word": " a",
                    "start": 5.8,
                    "end": 5.92,
                    "probability": 0.9998457431793213
                },
                {
                    "word": " simple",
                    "start": 5.92,
                    "end": 6.34,
                    "probability": 0.999866247177124
                },
                {
                    "word": " question.",
                    "start": 6.34,
                    "end": 6.8,
                    "probability": 0.999945878982544
                },
                {
                    "word": " As",
                    "start": 6.88,
                    "end": 7.36,
                    "probability": 0.9998992681503296
                },
                {
                    "word": " we",
                    "start": 7.36,
                    "end": 7.54,
                    "probability": 0.9999803304672241
                },
                {
                    "word": " get",
                    "start": 7.54,
                    "end": 7.72,
                    "probability": 0.9997828602790833
                },
                {
                    "word": " into",
                    "start": 7.72,
                    "end": 7.92,
                    "probability": 0.999975323677063
                },
                {
                    "word": " timing",
                    "start": 7.92,
                    "end": 8.4,
                    "probability": 0.9728848338127136
                },
                {
                    "word": " luck,",
                    "start": 8.4,
                    "end": 8.72,
                    "probability": 0.890673041343689
                },
                {
                    "word": " what",
                    "start": 8.82,
                    "end": 9.06,
                    "probability": 0.9998351335525513
                },
                {
                    "word": " is",
                    "start": 9.06,
                    "end": 9.42,
                    "probability": 0.999974250793457
                },
                {
                    "word": " rebalance",
                    "start": 9.42,
                    "end": 10.16,
                    "probability": 0.9420262575149536
                },
                {
                    "word": " timing",
                    "start": 10.16,
                    "end": 10.54,