{
    "text": " Sweet.",
    "segments": [
        {
            "id": 0,
            "seek": 0,
            "start": 0.0,
            "end": 0.1,
            "text": " Sweet.",
            "tokens": [
                50365,
                14653,
                13,
                50397
            ],
            "temperature": 1.0,
            "avg_logprob": -1.3992185592651367,
            "compression_ratio": 0.42857142857142855,
            "no_speech_prob": 0.526302695274353,
            "words": [
                {
                    "word": " Sweet.",
                    "start": 0.0,
                    "end": 0.1,
                    "probability": 0.002439421135932207
                }
            ]
        }
    ],
    "language": "en"
}