{
    "text": " Yep.",
    "segments": [
        {
            "id": 0,
            "seek": 0,
            "start": 0.0,
            "end": 0.1,
            "text": " Yep.",
            "tokens": [
                50365,
                7010,
                13,
                50375
            ],
            "temperature": 0.0,
            "avg_logprob": -0.41081881523132324,
            "compression_ratio": 0.3333333333333333,
            "no_speech_prob": 0.020052408799529076,
            "words": [
                {
                    "word": " Yep.",
                    "start": 0.0,
                    "end": 0.1,
                    "probability": 0.8424046039581299
                }
            ]
        }
    ],
    "language": "en"
}