{
    "text": " There's your upside.",
    "segments": [
        {
            "id": 0,
            "seek": 0,
            "start": 0.0,
            "end": 0.54,
            "text": " There's your upside.",
            "tokens": [
                50365,
                821,
                311,
                428,
                14119,
                13,
                50422
            ],
            "temperature": 0.0,
            "avg_logprob": -0.06794358789920807,
            "compression_ratio": 0.7142857142857143,
            "no_speech_prob": 0.004421035293489695,
            "words": [
                {
                    "word": " There's",
                    "start": 0.0,
                    "end": 0.26,
                    "probability": 0.8058798313140869
                },
                {
                    "word": " your",
                    "start": 0.26,
                    "end": 0.3,
                    "probability": 0.9926338791847229
                },
                {
                    "word": " upside.",
                    "start": 0.3,
                    "end": 0.54,
                    "probability": 0.9887495040893555
                }
            ]
        }
    ],
    "language": "en"
}