{
    "text": " Yeah, exactly.",
    "segments": [
        {
            "id": 0,
            "seek": 0,
            "start": 0.0,
            "end": 0.84,
            "text": " Yeah, exactly.",
            "tokens": [
                50365,
                865,
                11,
                2293,
                13,
                50438
            ],
            "temperature": 0.0,
            "avg_logprob": -0.32030950273786274,
            "compression_ratio": 0.6363636363636364,
            "no_speech_prob": 0.030129866674542427,
            "words": [
                {
                    "word": " Yeah,",
                    "start": 0.0,
                    "end": 0.36,
                    "probability": 0.8311552405357361
                },
                {
                    "word": " exactly.",
                    "start": 0.44,
                    "end": 0.84,
                    "probability": 0.6531292796134949
                }
            ]
        }
    ],
    "language": "en"
}