{
    "text": " Indulge is a good word for it. In a prior conversation we had, we were talking about this topic. You mentioned the phrase to me that the circularity of connecting volatility to credit is a really useful framework for thinking about risk. What do you mean by that?",
    "segments": [
        {
            "id": 0,
            "seek": 0,
            "start": 0.0,
            "end": 17.38,
            "text": " Indulge is a good word for it. In a prior conversation we had, we were talking about this topic. You mentioned the phrase to me that the circularity of connecting volatility to credit is a really useful framework for thinking about risk. What do you mean by that?",
            "tokens": [
                50365,
                2333,
                425,
                432,
                307,
                257,
                665,
                1349,
                337,
                309,
                13,
                682,
                257,
                4059,
                3761,
                321,
                632,
                11,
                321,
                645,
                1417,
                466,
                341,
                4829,
                13,
                509,
                2835,
                264,
                9535,
                281,
                385,
                300,
                264,
                16476,
                507,
                295,
                11015,
                25877,
                281,
                5397,
                307,
                257,
                534,
                4420,
                8388,
                337,
                1953,
                466,
                3148,
                13,
                708,
                360,
                291,
                914,
                538,
                300,
                30,
                51246
            ],
            "temperature": 0.0,
            "avg_logprob": -0.031206444158392438,
            "compression_ratio": 1.4775280898876404,
            "no_speech_prob": 0.000348568893969059,
            "words": [
                {
                    "word": " Indulge",
                    "start": 0.0,
                    "end": 0.46,
                    "probability": 0.9866564273834229
                },
                {
                    "word": " is",
                    "start": 0.46,
                    "end": 0.5,
                    "probability": 0.9994632601737976
                },
                {
                    "word": " a",
                    "start": 0.5,
                    "end": 0.64,
                    "probability": 0.9999662637710571
                },
                {
                    "word": " good",
                    "start": 0.64,
                    "end": 0.74,
                    "probability": 0.9999654293060303
                },
                {
                    "word": " word",
                    "start": 0.74,
                    "end": 0.96,
                    "probability": 0.9999799728393555
                },
                {
                    "word": " for",
                    "start": 0.96,
                    "end": 1.14,
                    "probability": 0.9999189376831055
                },
                {
                    "word": " it.",
                    "start": 1.14,
                    "end": 1.34,
                    "probability": 0.9999262094497681
                },
                {
                    "word": " In",
                    "start": 2.3,
                    "end": 2.78,
                    "probability": 0.9992285966873169
                },
                {
                    "word": " a",
                    "start": 2.78,
                    "end": 2.9,
                    "probability": 0.9999386072158813
                },
                {
                    "word": " prior",
                    "start": 2.9,
                    "end": 3.14,
                    "probability": 0.999916672706604
                },
                {
                    "word": " conversation",
                    "start": 3.14,
                    "end": 3.66,
                    "probability": 0.9999417066574097
                },
                {
                    "word": " we",
                    "start": 3.66,
                    "end": 4.08,
                    "probability": 0.983151912689209
                },
                {
                    "word": " had,",
                    "start": 4.08,
                    "end": 4.42,
                    "probability": 0.9988987445831299
                },
                {
                    "word": " we",
                    "start": 4.58,
                    "end": 5.06,
                    "probability": 0.9993115663528442
                },
                {
                    "word": " were",
                    "start": 5.06,
                    "end": 5.14,
                    "probability": 0.7387217283248901
                },
                {
                    "word": " talking",
                    "start": 5.14,
                    "end": 5.32,
                    "probability": 0.9999555349349976
                },
                {
                    "word": " about",
                    "start": 5.32,
                    "end": 5.5,
                    "probability": 0.9999663829803467
                },
                {
                    "word": " this",
                    "start": 5.5,
                    "end": 5.66,
                    "probability": 0.9998788833618164
                },
                {
                    "word": " topic.",
                    "start": 5.66,
                    "end": 5.98,
                    "probability": 0.9998506307601929
                },
                {
                    "word": " You",
                    "start": 6.02,
                    "end": 6.22,
                    "probability": 0.9999178647994995
                },
                {
                    "word": " mentioned",
                    "start": 6.22,
                    "end": 6.58,
                    "probability": 0.99998939037323
                },
                {
                    "word": " the",
                    "start": 6.58,
                    "end": 6.76,
                    "probability": 0.999902606010437
                },
                {
                    "word": " phrase",
                    "start": 6.76,
                    "end": 7.1,
                    "probability": 0.9999520778656006
                },
                {
                    "word": " to",
                    "start": 7.1,
                    "end": 7.36,
                    "probability": 0.9998643398284912
                },
                {
                    "word": " me",
                    "start": 7.36,
                    "end": 7.56,
                    "probability": 0.999980092048645
                },
                {
                    "word": " that",
                    "start": 7.56,
                    "end": 7.9,
                    "probability": 0.9988788962364197
                },
                {
                    "word": " the",
                    "start": 7.9,
                    "end": 8.56,
                    "probability": 0.9988172054290771
                },
                {
                    "word": " circularity",
                    "start": 8.56,
                    "end": 9.74,
                    "probability": 0.9996026754379272
                },
                {
                    "word": " of",
                    "start": 9.74,
                    "end": 9.9,
                    "probability": 0.9999808073043823
                },
                {
                    "word": " connecting",
                    "start": 9.9,
                    "end": 10.28,