{
    "text": " it.",
    "segments": [
        {
            "id": 0,
            "seek": 0,
            "start": 0.0,
            "end": 0.08,
            "text": " it.",
            "tokens": [
                50365,
                309,
                13,
                50371
            ],
            "temperature": 0.0,
            "avg_logprob": -0.9247599601745605,
            "compression_ratio": 0.2727272727272727,
            "no_speech_prob": 0.8691250085830688,
            "words": [
                {
                    "word": " it.",
                    "start": 0.0,
                    "end": 0.08,
                    "probability": 0.13437461853027344
                }
            ]
        }
    ],
    "language": "en"
}