{
    "text": " You've got zero exposure.",
    "segments": [
        {
            "id": 0,
            "seek": 0,
            "start": 0.0,
            "end": 0.86,
            "text": " You've got zero exposure.",
            "tokens": [
                50365,
                509,
                600,
                658,
                4018,
                10420,
                13,
                50433
            ],
            "temperature": 0.0,
            "avg_logprob": -0.15600266721513537,
            "compression_ratio": 0.7575757575757576,
            "no_speech_prob": 0.0007431312697008252,
            "words": [
                {
                    "word": " You've",
                    "start": 0.0,
                    "end": 0.08,
                    "probability": 0.8058801293373108
                },
                {
                    "word": " got",
                    "start": 0.08,
                    "end": 0.2,
                    "probability": 0.999204695224762
                },
                {
                    "word": " zero",
                    "start": 0.2,
                    "end": 0.48,
                    "probability": 0.984686017036438
                },
                {
                    "word": " exposure.",
                    "start": 0.48,
                    "end": 0.86,
                    "probability": 0.9988685846328735
                }
            ]
        }
    ],
    "language": "en"
}