{
    "text": " How many, Corey?",
    "segments": [
        {
            "id": 0,
            "seek": 0,
            "start": 0.0,
            "end": 0.5,
            "text": " How many, Corey?",
            "tokens": [
                50365,
                1012,
                867,
                11,
                39136,
                30,
                50396
            ],
            "temperature": 0.0,
            "avg_logprob": -0.2233819216489792,
            "compression_ratio": 0.6666666666666666,
            "no_speech_prob": 0.2267938107252121,
            "words": [
                {
                    "word": " How",
                    "start": 0.0,
                    "end": 0.18,
                    "probability": 0.5104588270187378
                },
                {
                    "word": " many,",
                    "start": 0.18,
                    "end": 0.28,
                    "probability": 0.9904965162277222
                },
                {
                    "word": " Corey?",
                    "start": 0.32,
                    "end": 0.5,
                    "probability": 0.8855673670768738
                }
            ]
        }
    ],
    "language": "en"
}