{
    "text": " that.",
    "segments": [
        {
            "id": 0,
            "seek": 0,
            "start": 0.0,
            "end": 0.14,
            "text": " that.",
            "tokens": [
                50365,
                300,
                13,
                50375
            ],
            "temperature": 0.0,
            "avg_logprob": -0.5213438987731933,
            "compression_ratio": 0.38461538461538464,
            "no_speech_prob": 0.8035940527915955,
            "words": [
                {
                    "word": " that.",
                    "start": 0.0,
                    "end": 0.14,
                    "probability": 0.33394598960876465
                }
            ]
        }
    ],
    "language": "en"
}