{
    "text": " Excited to be here.",
    "segments": [
        {
            "id": 0,
            "seek": 0,
            "start": 0.0,
            "end": 0.48,
            "text": " Excited to be here.",
            "tokens": [
                50365,
                9368,
                1226,
                281,
                312,
                510,
                13,
                50398
            ],
            "temperature": 0.0,
            "avg_logprob": -0.03262396984630161,
            "compression_ratio": 0.7037037037037037,
            "no_speech_prob": 0.002682918217033148,
            "words": [
                {
                    "word": " Excited",
                    "start": 0.0,
                    "end": 0.18,
                    "probability": 0.8766984641551971
                },
                {
                    "word": " to",
                    "start": 0.18,
                    "end": 0.28,
                    "probability": 0.9999464750289917
                },
                {
                    "word": " be",
                    "start": 0.28,
                    "end": 0.38,
                    "probability": 0.9999920129776001
                },
                {
                    "word": " here.",
                    "start": 0.38,
                    "end": 0.48,
                    "probability": 0.9999823570251465
                }
            ]
        }
    ],
    "language": "en"
}