{
    "text": " Thank you.",
    "segments": [
        {
            "id": 0,
            "seek": 0,
            "start": 0.0,
            "end": 0.1,
            "text": " Thank you.",
            "tokens": [
                50365,
                1044,
                291,
                13,
                50376
            ],
            "temperature": 0.0,
            "avg_logprob": -0.4996356964111328,
            "compression_ratio": 0.5555555555555556,
            "no_speech_prob": 0.9362517595291138,
            "words": [
                {
                    "word": " Thank",
                    "start": 0.0,
                    "end": 0.0,
                    "probability": 0.1961325854063034
                },
                {
                    "word": " you.",
                    "start": 0.0,
                    "end": 0.1,
                    "probability": 0.9983323216438293
                }
            ]
        }
    ],
    "language": "en"
}