{
    "text": " improve the models. In our pre-call, you mentioned that over 50% of the strategies you trade on behalf of clients are actually customized. Can you talk maybe to the sorts of strategies clients are looking for today and some of the ways in which you're able to customize them?",
    "segments": [
        {
            "id": 0,
            "seek": 0,
            "start": 0.0,
            "end": 0.6,
            "text": " improve the models.",
            "tokens": [
                50365,
                3470,
                264,
                5245,
                13,
                50415
            ],
            "temperature": 0.0,
            "avg_logprob": -0.1554568094365737,
            "compression_ratio": 1.5449438202247192,
            "no_speech_prob": 0.010003971867263317,
            "words": [
                {
                    "word": " improve",
                    "start": 0.0,
                    "end": 0.28,
                    "probability": 0.7677955031394958
                },
                {
                    "word": " the",
                    "start": 0.28,
                    "end": 0.4,
                    "probability": 0.994784414768219
                },
                {
                    "word": " models.",
                    "start": 0.4,
                    "end": 0.6,
                    "probability": 0.9865943193435669
                }
            ]
        },
        {
            "id": 1,
            "seek": 0,
            "start": 0.94,
            "end": 5.84,
            "text": " In our pre-call, you mentioned that over 50% of the strategies you trade on",
            "tokens": [
                50436,
                682,
                527,
                659,
                12,
                45459,
                11,
                291,
                2835,
                300,
                670,
                2625,
                4,
                295,
                264,
                9029,
                291,
                4923,
                322,
                50667
            ],
            "temperature": 0.0,
            "avg_logprob": -0.1554568094365737,
            "compression_ratio": 1.5449438202247192,
            "no_speech_prob": 0.010003971867263317,
            "words": [
                {
                    "word": " In",
                    "start": 0.94,
                    "end": 1.42,
                    "probability": 0.7541998028755188
                },
                {
                    "word": " our",
                    "start": 1.42,
                    "end": 1.58,
                    "probability": 0.9977139234542847
                },
                {
                    "word": " pre",
                    "start": 1.58,
                    "end": 1.86,
                    "probability": 0.9240440726280212
                },
                {
                    "word": "-call,",
                    "start": 1.86,
                    "end": 2.14,
                    "probability": 0.8445357978343964
                },
                {
                    "word": " you",
                    "start": 2.28,
                    "end": 2.44,
                    "probability": 0.9948322772979736
                },
                {
                    "word": " mentioned",
                    "start": 2.44,
                    "end": 2.78,
                    "probability": 0.9836687445640564
                },
                {
                    "word": " that",
                    "start": 2.78,
                    "end": 3.0,
                    "probability": 0.9984049201011658
                },
                {
                    "word": " over",
                    "start": 3.0,
                    "end": 3.2,
                    "probability": 0.9979349374771118
                },
                {
                    "word": " 50",
                    "start": 3.2,
                    "end": 3.54,
                    "probability": 0.9919331669807434
                },
                {
                    "word": "%",
                    "start": 3.54,
                    "end": 3.88,
                    "probability": 0.9500923752784729
                },
                {
                    "word": " of",
                    "start": 3.88,
                    "end": 4.12,
                    "probability": 0.9983641505241394
                },
                {
                    "word": " the",
                    "start": 4.12,
                    "end": 4.2,
                    "probability": 0.9989635944366455
                },
                {
                    "word": " strategies",
                    "start": 4.2,
                    "end": 4.68,
                    "probability": 0.9984644651412964
                },
                {
                    "word": " you",
                    "start": 4.68,
                    "end": 5.04,
                    "probability": 0.9925526976585388
                },
                {
                    "word": " trade",
                    "start": 5.04,
                    "end": 5.44,
                    "probability": 0.9979956150054932
                },
                {
                    "word": " on",
                    "start": 5.44,
                    "end": 5.84,
                    "probability": 0.9792344570159912
                }
            ]
        },
        {
            "id": 2,
            "seek": 0,
            "start": 5.84,
            "end": 8.22,
            "text": " behalf of clients are actually customized.",
            "tokens": [
                50667,
                9490,
                295,
                6982,
                366,
                767,
                30581,
                13,
                50802
            ],
            "temperature": 0.0,
            "avg_logprob": -0.1554568094365737,
            "compression_ratio": 1.5449438202247192,
            "no_speech_prob": 0.010003971867263317,
            "words": [
                {
                    "word": " behalf",
                    "start": 5.84,
                    "end": 6.2,
                    "probability": 0.9993396401405334
                },
                {
                    "word": " of",
                    "start": 6.2,
                    "end": 6.52,
                    "probability": 0.9995660185813904
                },
                {
                    "word": " clients",
                    "start": 6.52,
                    "end": 6.88,
                    "probability": 0.9976614713668823
                },
                {
                    "word": " are",
                    "start": 6.88,
                    "end": 7.34,
                    "probability": 0.9893425703048706
                },
                {
                    "word": " actually",
                    "start": 7.34,
                    "end": 7.6,
                    "probability": 0.9883875250816345
                },
                {
                    "word": " customized.",
                    "start": 7.6,
                    "end": 8.22,
                    "probability": 0.9790463447570801
                }
            ]
        },
        {
            "id": 3,
            "seek": 0,
            "start": 8.6,
            "end": 12.28,
            "text": " Can you talk maybe to the sorts of strategies clients are looking for",
            "tokens": [
                50817,
                1664,
                291,
                751,
                1310,
                281,
                264,
                7527,
                295,
                9029,
                6982,
                366,
                1237,
                337,
                50989
            ],
            "temperature": 0.0,
            "avg_logprob": -0.1554568094365737,
            "compression_ratio": 1.5449438202247192,