{
    "text": " a really good idea.",
    "segments": [
        {
            "id": 0,
            "seek": 0,
            "start": 0.0,
            "end": 0.46,
            "text": " a really good idea.",
            "tokens": [
                50365,
                257,
                534,
                665,
                1558,
                13,
                50397
            ],
            "temperature": 0.0,
            "avg_logprob": -0.20120854675769806,
            "compression_ratio": 0.7037037037037037,
            "no_speech_prob": 0.0029217663686722517,
            "words": [
                {
                    "word": " a",
                    "start": 0.0,
                    "end": 0.08,
                    "probability": 0.7193102836608887
                },
                {
                    "word": " really",
                    "start": 0.08,
                    "end": 0.22,
                    "probability": 0.9867108464241028
                },
                {
                    "word": " good",
                    "start": 0.22,
                    "end": 0.38,
                    "probability": 0.9970114231109619
                },
                {
                    "word": " idea.",
                    "start": 0.38,
                    "end": 0.46,
                    "probability": 0.9981635212898254
                }
            ]
        }
    ],
    "language": "en"
}