{
    "text": " you",
    "segments": [
        {
            "id": 0,
            "seek": 0,
            "start": 0.0,
            "end": 0.28,
            "text": " you",
            "tokens": [
                50365,
                291,
                50371
            ],
            "temperature": 0.0,
            "avg_logprob": -0.9660823941230774,
            "compression_ratio": 0.2727272727272727,
            "no_speech_prob": 0.7559755444526672,
            "words": [
                {
                    "word": " you",
                    "start": 0.0,
                    "end": 0.28,
                    "probability": 0.34404292702674866
                }
            ]
        }
    ],
    "language": "en"
}