{
    "text": " So.",
    "segments": [
        {
            "id": 0,
            "seek": 0,
            "start": 0.0,
            "end": 0.18,
            "text": " So.",
            "tokens": [
                50365,
                407,
                13,
                50385
            ],
            "temperature": 0.0,
            "avg_logprob": -0.20031194686889647,
            "compression_ratio": 0.2727272727272727,
            "no_speech_prob": 0.09825368970632553,
            "words": [
                {
                    "word": " So.",
                    "start": 0.0,
                    "end": 0.18,
                    "probability": 0.7994715571403503
                }
            ]
        }
    ],
    "language": "en"
}