{
    "text": " a Swainsby.",
    "segments": [
        {
            "id": 0,
            "seek": 0,
            "start": 0.0,
            "end": 0.38,
            "text": " a Swainsby.",
            "tokens": [
                50365,
                257,
                3926,
                2315,
                2322,
                13,
                50394
            ],
            "temperature": 0.0,
            "avg_logprob": -0.7514764070510864,
            "compression_ratio": 0.5789473684210527,
            "no_speech_prob": 0.6793088316917419,
            "words": [
                {
                    "word": " a",
                    "start": 0.0,
                    "end": 0.26,
                    "probability": 0.39951497316360474
                },
                {
                    "word": " Swainsby.",
                    "start": 0.26,
                    "end": 0.38,
                    "probability": 0.30413948992888135
                }
            ]
        }
    ],
    "language": "en"
}