{
    "text": " well.",
    "segments": [
        {
            "id": 0,
            "seek": 0,
            "start": 0.0,
            "end": 0.08,
            "text": " well.",
            "tokens": [
                50365,
                731,
                13,
                50370
            ],
            "temperature": 0.0,
            "avg_logprob": -0.7283212184906006,
            "compression_ratio": 0.38461538461538464,
            "no_speech_prob": 0.8797276616096497,
            "words": [
                {
                    "word": " well.",
                    "start": 0.0,
                    "end": 0.08,
                    "probability": 0.18600094318389893
                }
            ]
        }
    ],
    "language": "en"
}