{
    "text": " behavioral.",
    "segments": [
        {
            "id": 0,
            "seek": 0,
            "start": 0.0,
            "end": 0.22,
            "text": " behavioral.",
            "tokens": [
                50365,
                19124,
                13,
                50386
            ],
            "temperature": 0.0,
            "avg_logprob": -0.6209171295166016,
            "compression_ratio": 0.5789473684210527,
            "no_speech_prob": 0.48100629448890686,
            "words": [
                {
                    "word": " behavioral.",
                    "start": 0.0,
                    "end": 0.22,
                    "probability": 0.5848978161811829
                }
            ]
        }
    ],
    "language": "en"
}