{
    "text": " Thank you.",
    "segments": [
        {
            "id": 0,
            "seek": 0,
            "start": 0.0,
            "end": 0.26,
            "text": " Thank you.",
            "tokens": [
                50365,
                1044,
                291,
                13,
                50383
            ],
            "temperature": 0.0,
            "avg_logprob": -0.572772741317749,
            "compression_ratio": 0.5555555555555556,
            "no_speech_prob": 0.9210963845252991,
            "words": [
                {
                    "word": " Thank",
                    "start": 0.0,
                    "end": 0.14,
                    "probability": 0.15580680966377258
                },
                {
                    "word": " you.",
                    "start": 0.14,
                    "end": 0.26,
                    "probability": 0.997595489025116
                }
            ]
        }
    ],
    "language": "en"
}