{
    "text": " you",
    "segments": [
        {
            "id": 0,
            "seek": 0,
            "start": 0.0,
            "end": 0.06,
            "text": " you",
            "tokens": [
                50365,
                291,
                50396
            ],
            "temperature": 0.0,
            "avg_logprob": -0.6869146227836609,
            "compression_ratio": 0.2727272727272727,
            "no_speech_prob": 0.8114182353019714,
            "words": [
                {
                    "word": " you",
                    "start": 0.0,
                    "end": 0.06,
                    "probability": 0.368791401386261
                }
            ]
        }
    ],
    "language": "en"
}