{
    "text": " it's definitely a fact",
    "segments": [
        {
            "id": 0,
            "seek": 0,
            "start": 0.0,
            "end": 0.72,
            "text": " it's definitely a fact",
            "tokens": [
                50365,
                309,
                311,
                2138,
                257,
                1186,
                50408
            ],
            "temperature": 0.0,
            "avg_logprob": -0.4737512469291687,
            "compression_ratio": 0.7333333333333333,
            "no_speech_prob": 0.07654955238103867,
            "words": [
                {
                    "word": " it's",
                    "start": 0.0,
                    "end": 0.22,
                    "probability": 0.7030730247497559
                },
                {
                    "word": " definitely",
                    "start": 0.22,
                    "end": 0.46,
                    "probability": 0.5381733775138855
                },
                {
                    "word": " a",
                    "start": 0.46,
                    "end": 0.64,
                    "probability": 0.857231855392456
                },
                {
                    "word": " fact",
                    "start": 0.64,
                    "end": 0.72,
                    "probability": 0.43147310614585876
                }
            ]
        }
    ],
    "language": "en"
}