{
    "text": " Simple.",
    "segments": [
        {
            "id": 0,
            "seek": 0,
            "start": 0.0,
            "end": 0.48,
            "text": " Simple.",
            "tokens": [
                50365,
                21532,
                13,
                50411
            ],
            "temperature": 0.0,
            "avg_logprob": -0.15393419265747071,
            "compression_ratio": 0.4666666666666667,
            "no_speech_prob": 0.01234451960772276,
            "words": [
                {
                    "word": " Simple.",
                    "start": 0.0,
                    "end": 0.48,
                    "probability": 0.8342635035514832
                }
            ]
        }
    ],
    "language": "en"
}