{
    "text": " My colleagues initially suggested",
    "segments": [
        {
            "id": 0,
            "seek": 0,
            "start": 0.0,
            "end": 1.76,
            "text": " My colleagues initially suggested",
            "tokens": [
                50365,
                1222,
                7734,
                9105,
                10945,
                50471
            ],
            "temperature": 0.0,
            "avg_logprob": -0.12571944509233748,
            "compression_ratio": 0.8048780487804879,
            "no_speech_prob": 0.0002668442903086543,
            "words": [
                {
                    "word": " My",
                    "start": 0.0,
                    "end": 0.18,
                    "probability": 0.6454419493675232
                },
                {
                    "word": " colleagues",
                    "start": 0.18,
                    "end": 0.58,
                    "probability": 0.9984734654426575
                },
                {
                    "word": " initially",
                    "start": 0.58,
                    "end": 1.34,
                    "probability": 0.9723414182662964
                },
                {
                    "word": " suggested",
                    "start": 1.34,
                    "end": 1.76,
                    "probability": 0.9979512095451355
                }
            ]
        }
    ],
    "language": "en"
}