{
    "text": " game.",
    "segments": [
        {
            "id": 0,
            "seek": 0,
            "start": 0.0,
            "end": 0.12,
            "text": " game.",
            "tokens": [
                50365,
                1216,
                13,
                50373
            ],
            "temperature": 0.0,
            "avg_logprob": -0.7929680347442627,
            "compression_ratio": 0.38461538461538464,
            "no_speech_prob": 0.8036304712295532,
            "words": [
                {
                    "word": " game.",
                    "start": 0.0,
                    "end": 0.12,
                    "probability": 0.06508416682481766
                }
            ]
        }
    ],
    "language": "en"
}