{
    "text": "",
    "segments": [
        {
            "id": 0,
            "seek": 0,
            "start": -0.02,
            "end": -0.02,
            "text": "",
            "tokens": [],
            "temperature": 0.0,
            "avg_logprob": -0.6944479942321777,
            "compression_ratio": 0.3333333333333333,
            "no_speech_prob": 0.9603092670440674,
            "words": []
        }
    ],
    "language": "en"
}