{
    "text": " Corey.",
    "segments": [
        {
            "id": 0,
            "seek": 0,
            "start": 0.0,
            "end": 0.16,
            "text": " Corey.",
            "tokens": [
                50365,
                39136,
                13,
                50375
            ],
            "temperature": 0.0,
            "avg_logprob": -0.6004085063934326,
            "compression_ratio": 0.42857142857142855,
            "no_speech_prob": 0.63905268907547,
            "words": [
                {
                    "word": " Corey.",
                    "start": 0.0,
                    "end": 0.16,
                    "probability": 0.1458463817834854
                }
            ]
        }
    ],
    "language": "en"
}