{
    "text": " Weak.",
    "segments": [
        {
            "id": 0,
            "seek": 0,
            "start": 0.0,
            "end": 0.3,
            "text": " Weak.",
            "tokens": [
                50365,
                492,
                514,
                13,
                50382
            ],
            "temperature": 0.0,
            "avg_logprob": -0.5858031908671061,
            "compression_ratio": 0.38461538461538464,
            "no_speech_prob": 0.37908682227134705,
            "words": [
                {
                    "word": " Weak.",
                    "start": 0.0,
                    "end": 0.3,
                    "probability": 0.36574918031692505
                }
            ]
        }
    ],
    "language": "en"
}