{
    "text": " So a fun question I think to ask of people who work in the asset allocation space is if you were building a portfolio of individual securities, let's say I asked you to build a portfolio of large cap U.S. equities, how would you think about approaching that problem?",
    "segments": [
        {
            "id": 0,
            "seek": 0,
            "start": 0.0,
            "end": 15.04,
            "text": " So a fun question I think to ask of people who work in the asset allocation space is if you were building a portfolio of individual securities, let's say I asked you to build a portfolio of large cap U.S. equities, how would you think about approaching that problem?",
            "tokens": [
                50365,
                407,
                257,
                1019,
                1168,
                286,
                519,
                281,
                1029,
                295,
                561,
                567,
                589,
                294,
                264,
                11999,
                27599,
                1901,
                307,
                498,
                291,
                645,
                2390,
                257,
                12583,
                295,
                2609,
                38597,
                11,
                718,
                311,
                584,
                286,
                2351,
                291,
                281,
                1322,
                257,
                12583,
                295,
                2416,
                1410,
                624,
                13,
                50,
                13,
                1267,
                1088,
                11,
                577,
                576,
                291,
                519,
                466,
                14908,
                300,
                1154,
                30,
                51126
            ],
            "temperature": 0.0,
            "avg_logprob": -0.10317813555399577,
            "compression_ratio": 1.4860335195530727,
            "no_speech_prob": 0.000816600164398551,
            "words": [
                {
                    "word": " So",
                    "start": 0.0,
                    "end": 0.2,
                    "probability": 0.9320632815361023
                },
                {
                    "word": " a",
                    "start": 0.2,
                    "end": 0.3,
                    "probability": 0.9869908690452576
                },
                {
                    "word": " fun",
                    "start": 0.3,
                    "end": 0.54,
                    "probability": 0.9996474981307983
                },
                {
                    "word": " question",
                    "start": 0.54,
                    "end": 0.98,
                    "probability": 0.9999098777770996
                },
                {
                    "word": " I",
                    "start": 0.98,
                    "end": 1.24,
                    "probability": 0.582541823387146
                },
                {
                    "word": " think",
                    "start": 1.24,
                    "end": 1.54,
                    "probability": 0.9988821148872375
                },
                {
                    "word": " to",
                    "start": 1.54,
                    "end": 1.66,
                    "probability": 0.9906506538391113
                },
                {
                    "word": " ask",
                    "start": 1.66,
                    "end": 1.92,
                    "probability": 0.9998934268951416
                },
                {
                    "word": " of",
                    "start": 1.92,
                    "end": 2.08,
                    "probability": 0.9778451323509216
                },
                {
                    "word": " people",
                    "start": 2.08,
                    "end": 2.32,
                    "probability": 0.9998987913131714
                },
                {
                    "word": " who",
                    "start": 2.32,
                    "end": 2.56,
                    "probability": 0.9997562766075134
                },
                {
                    "word": " work",
                    "start": 2.56,
                    "end": 2.74,
                    "probability": 0.9997950196266174
                },
                {
                    "word": " in",
                    "start": 2.74,
                    "end": 2.86,
                    "probability": 0.999936580657959
                },
                {
                    "word": " the",
                    "start": 2.86,
                    "end": 2.94,
                    "probability": 0.9998980760574341
                },
                {
                    "word": " asset",
                    "start": 2.94,
                    "end": 3.1,
                    "probability": 0.999195396900177
                },
                {
                    "word": " allocation",
                    "start": 3.1,
                    "end": 3.4,
                    "probability": 0.9998016953468323
                },
                {
                    "word": " space",
                    "start": 3.4,
                    "end": 3.88,
                    "probability": 0.7710582613945007
                },
                {
                    "word": " is",
                    "start": 3.88,
                    "end": 4.36,
                    "probability": 0.9978687763214111
                },
                {
                    "word": " if",
                    "start": 4.36,
                    "end": 4.9,
                    "probability": 0.5019314885139465
                },
                {
                    "word": " you",
                    "start": 4.9,
                    "end": 5.18,
                    "probability": 0.9999568462371826
                },
                {
                    "word": " were",
                    "start": 5.18,
                    "end": 5.34,
                    "probability": 0.9992795586585999
                },
                {
                    "word": " building",
                    "start": 5.34,
                    "end": 5.76,
                    "probability": 0.9998996257781982
                },
                {
                    "word": " a",
                    "start": 5.76,
                    "end": 5.92,
                    "probability": 0.9999469518661499
                },
                {
                    "word": " portfolio",
                    "start": 5.92,
                    "end": 6.3,
                    "probability": 0.999884843826294
                },
                {
                    "word": " of",
                    "start": 6.3,
                    "end": 7.34,
                    "probability": 0.9978411197662354
                },
                {
                    "word": " individual",
                    "start": 7.34,
                    "end": 7.88,
                    "probability": 0.9992666840553284
                },
                {
                    "word": " securities,",
                    "start": 7.88,
                    "end": 8.3,
                    "probability": 0.9997221827507019
                },
                {
                    "word": " let's",
                    "start": 8.56,
                    "end": 8.78,
                    "probability": 0.9997324645519257
                },
                {
                    "word": " say",
                    "start": 8.78,
                    "end": 8.9,
                    "probability": 0.9999185800552368
                },
                {
                    "word": " I",
                    "start": 8.9,