{
    "text": " It was.",
    "segments": [
        {
            "id": 0,
            "seek": 0,
            "start": 0.0,
            "end": 0.2,
            "text": " It was.",
            "tokens": [
                50365,
                467,
                390,
                13,
                50375
            ],
            "temperature": 0.0,
            "avg_logprob": -0.4509787956873576,
            "compression_ratio": 0.4666666666666667,
            "no_speech_prob": 0.3550943434238434,
            "words": [
                {
                    "word": " It",
                    "start": 0.0,
                    "end": 0.12,
                    "probability": 0.32419830560684204
                },
                {
                    "word": " was.",
                    "start": 0.12,
                    "end": 0.2,
                    "probability": 0.7840636968612671
                }
            ]
        }
    ],
    "language": "en"
}