{
    "text": " relevant.",
    "segments": [
        {
            "id": 0,
            "seek": 0,
            "start": 0.0,
            "end": 0.18,
            "text": " relevant.",
            "tokens": [
                50365,
                7340,
                13,
                50387
            ],
            "temperature": 0.0,
            "avg_logprob": -0.23325014114379883,
            "compression_ratio": 0.5294117647058824,
            "no_speech_prob": 0.080882728099823,
            "words": [
                {
                    "word": " relevant.",
                    "start": 0.0,
                    "end": 0.18,
                    "probability": 0.4642103612422943
                }
            ]
        }
    ],
    "language": "en"
}