{
    "text": " So I never like to waste an opportunity where a guest has a real depth of experience in an area. I would love to get your perspective on how sort of systematic and global macro strategies have changed over the last 25 years of your career.",
    "segments": [
        {
            "id": 0,
            "seek": 0,
            "start": 0.0,
            "end": 14.46,
            "text": " So I never like to waste an opportunity where a guest has a real depth of experience in an area. I would love to get your perspective on how sort of systematic and global macro strategies have changed over the last 25 years of your career.",
            "tokens": [
                50365,
                407,
                286,
                1128,
                411,
                281,
                5964,
                364,
                2650,
                689,
                257,
                8341,
                575,
                257,
                957,
                7161,
                295,
                1752,
                294,
                364,
                1859,
                13,
                286,
                576,
                959,
                281,
                483,
                428,
                4585,
                322,
                577,
                1333,
                295,
                27249,
                293,
                4338,
                18887,
                9029,
                362,
                3105,
                670,
                264,
                1036,
                3552,
                924,
                295,
                428,
                3988,
                13,
                51101
            ],
            "temperature": 0.0,
            "avg_logprob": -0.06640446419809379,
            "compression_ratio": 1.4142011834319526,
            "no_speech_prob": 0.0023745934013277292,
            "words": [
                {
                    "word": " So",
                    "start": 0.0,
                    "end": 0.12,
                    "probability": 0.8113101124763489
                },
                {
                    "word": " I",
                    "start": 0.12,
                    "end": 0.14,
                    "probability": 0.920390248298645
                },
                {
                    "word": " never",
                    "start": 0.14,
                    "end": 0.26,
                    "probability": 0.9954244494438171
                },
                {
                    "word": " like",
                    "start": 0.26,
                    "end": 0.44,
                    "probability": 0.9739239811897278
                },
                {
                    "word": " to",
                    "start": 0.44,
                    "end": 0.58,
                    "probability": 0.9996387958526611
                },
                {
                    "word": " waste",
                    "start": 0.58,
                    "end": 0.9,
                    "probability": 0.9982278943061829
                },
                {
                    "word": " an",
                    "start": 0.9,
                    "end": 1.1,
                    "probability": 0.9971309900283813
                },
                {
                    "word": " opportunity",
                    "start": 1.1,
                    "end": 1.66,
                    "probability": 0.9995457530021667
                },
                {
                    "word": " where",
                    "start": 1.66,
                    "end": 2.16,
                    "probability": 0.6419655084609985
                },
                {
                    "word": " a",
                    "start": 2.16,
                    "end": 2.28,
                    "probability": 0.9690773487091064
                },
                {
                    "word": " guest",
                    "start": 2.28,
                    "end": 2.54,
                    "probability": 0.9985924363136292
                },
                {
                    "word": " has",
                    "start": 2.54,
                    "end": 2.82,
                    "probability": 0.9988977909088135
                },
                {
                    "word": " a",
                    "start": 2.82,
                    "end": 2.96,
                    "probability": 0.9989036321640015
                },
                {
                    "word": " real",
                    "start": 2.96,
                    "end": 3.28,
                    "probability": 0.9872193336486816
                },
                {
                    "word": " depth",
                    "start": 3.28,
                    "end": 3.64,
                    "probability": 0.999387264251709
                },
                {
                    "word": " of",
                    "start": 3.64,
                    "end": 3.94,
                    "probability": 0.9995535016059875
                },
                {
                    "word": " experience",
                    "start": 3.94,
                    "end": 4.6,
                    "probability": 0.9978413581848145
                },
                {
                    "word": " in",
                    "start": 4.6,
                    "end": 5.4,
                    "probability": 0.9957749247550964
                },
                {
                    "word": " an",
                    "start": 5.4,
                    "end": 5.48,
                    "probability": 0.999570906162262
                },
                {
                    "word": " area.",
                    "start": 5.48,
                    "end": 5.84,
                    "probability": 0.9996827840805054
                },
                {
                    "word": " I",
                    "start": 5.94,
                    "end": 6.5,
                    "probability": 0.9986159801483154
                },
                {
                    "word": " would",
                    "start": 6.5,
                    "end": 6.58,
                    "probability": 0.9973689317703247
                },
                {
                    "word": " love",
                    "start": 6.58,
                    "end": 6.72,
                    "probability": 0.9986955523490906
                },
                {
                    "word": " to",
                    "start": 6.72,
                    "end": 6.82,
                    "probability": 0.9997503161430359
                },
                {
                    "word": " get",
                    "start": 6.82,
                    "end": 7.02,
                    "probability": 0.9997580647468567
                },
                {
                    "word": " your",
                    "start": 7.02,
                    "end": 7.34,
                    "probability": 0.9996902942657471
                },
                {
                    "word": " perspective",
                    "start": 7.34,
                    "end": 7.8,
                    "probability": 0.9998001456260681
                },
                {
                    "word": " on",
                    "start": 7.8,
                    "end": 8.14,
                    "probability": 0.9992515444755554
                },
                {
                    "word": " how",
                    "start": 8.14,
                    "end": 8.46,
                    "probability": 0.9989711046218872
                },
                {
                    "word": " sort",
                    "start": 8.46,
                    "end": 9.14,
                    "probability": 0.9292261600494385
                },
                {
                    "word": " of",
                    "start": 9.14,
                    "end": 9.24,