{
    "text": " in the future.",
    "segments": [
        {
            "id": 0,
            "seek": 0,
            "start": 0.0,
            "end": 0.32,
            "text": " in the future.",
            "tokens": [
                50365,
                294,
                264,
                2027,
                13,
                50407
            ],
            "temperature": 0.0,
            "avg_logprob": -0.5297668661390033,
            "compression_ratio": 0.6363636363636364,
            "no_speech_prob": 0.05658002942800522,
            "words": [
                {
                    "word": " in",
                    "start": 0.0,
                    "end": 0.1,
                    "probability": 0.5260408520698547
                },
                {
                    "word": " the",
                    "start": 0.1,
                    "end": 0.14,
                    "probability": 0.9910295009613037
                },
                {
                    "word": " future.",
                    "start": 0.14,
                    "end": 0.32,
                    "probability": 0.996812641620636
                }
            ]
        }
    ],
    "language": "en"
}