{
    "text": " I may contradict myself.",
    "segments": [
        {
            "id": 0,
            "seek": 0,
            "start": 0.0,
            "end": 0.88,
            "text": " I may contradict myself.",
            "tokens": [
                50365,
                286,
                815,
                28900,
                2059,
                13,
                50420
            ],
            "temperature": 0.0,
            "avg_logprob": -0.3207552433013916,
            "compression_ratio": 0.75,
            "no_speech_prob": 0.05677627772092819,
            "words": [
                {
                    "word": " I",
                    "start": 0.0,
                    "end": 0.18,
                    "probability": 0.37959346175193787
                },
                {
                    "word": " may",
                    "start": 0.18,
                    "end": 0.2,
                    "probability": 0.8706855773925781
                },
                {
                    "word": " contradict",
                    "start": 0.2,
                    "end": 0.5,
                    "probability": 0.3220274746417999
                },
                {
                    "word": " myself.",
                    "start": 0.5,
                    "end": 0.88,
                    "probability": 0.9077157378196716
                }
            ]
        }
    ],
    "language": "en"
}