{
    "text": " The key to justice",
    "segments": [
        {
            "id": 0,
            "seek": 0,
            "start": 0.0,
            "end": 0.64,
            "text": " The key to justice",
            "tokens": [
                50365,
                440,
                2141,
                281,
                6118,
                50401
            ],
            "temperature": 0.0,
            "avg_logprob": -0.45283777373177664,
            "compression_ratio": 0.6923076923076923,
            "no_speech_prob": 0.14350588619709015,
            "words": [
                {
                    "word": " The",
                    "start": 0.0,
                    "end": 0.06,
                    "probability": 0.15288864076137543
                },
                {
                    "word": " key",
                    "start": 0.06,
                    "end": 0.3,
                    "probability": 0.9653269052505493
                },
                {
                    "word": " to",
                    "start": 0.3,
                    "end": 0.54,
                    "probability": 0.9944931268692017
                },
                {
                    "word": " justice",
                    "start": 0.54,
                    "end": 0.64,
                    "probability": 0.5814858078956604
                }
            ]
        }
    ],
    "language": "en"
}