{
    "text": " Oh, yeah.",
    "segments": [
        {
            "id": 0,
            "seek": 0,
            "start": 0.0,
            "end": 0.26,
            "text": " Oh, yeah.",
            "tokens": [
                50365,
                876,
                11,
                1338,
                13,
                50395
            ],
            "temperature": 0.0,
            "avg_logprob": -0.3589063712528774,
            "compression_ratio": 0.5294117647058824,
            "no_speech_prob": 0.06894295662641525,
            "words": [
                {
                    "word": " Oh,",
                    "start": 0.0,
                    "end": 0.16,
                    "probability": 0.15801189839839935
                },
                {
                    "word": " yeah.",
                    "start": 0.16,
                    "end": 0.26,
                    "probability": 0.9222533702850342
                }
            ]
        }
    ],
    "language": "en"
}