{
    "text": " As someone who has been doing this for 25 years and seen the evolution of the space go from slower horizon signals, 10, 15 core models to something where you are now looking at hundreds of signals of varying lengths and time horizons. What are you most excited about in the evolution of the space over the next one, three, five years?",
    "segments": [
        {
            "id": 0,
            "seek": 0,
            "start": 0.0,
            "end": 19.26,
            "text": " As someone who has been doing this for 25 years and seen the evolution of the space go from slower horizon signals, 10, 15 core models to something where you are now looking at hundreds of signals of varying lengths and time horizons.",
            "tokens": [
                50365,
                1018,
                1580,
                567,
                575,
                668,
                884,
                341,
                337,
                3552,
                924,
                293,
                1612,
                264,
                9303,
                295,
                264,
                1901,
                352,
                490,
                14009,
                18046,
                12354,
                11,
                1266,
                11,
                2119,
                4965,
                5245,
                281,
                746,
                689,
                291,
                366,
                586,
                1237,
                412,
                6779,
                295,
                12354,
                295,
                22984,
                26329,
                293,
                565,
                7937,
                892,
                13,
                51337
            ],
            "temperature": 0.0,
            "avg_logprob": -0.12919601234229836,
            "compression_ratio": 1.6213592233009708,
            "no_speech_prob": 8.951575728133321e-05,
            "words": [
                {
                    "word": " As",
                    "start": 0.0,
                    "end": 0.18,
                    "probability": 0.8071286678314209
                },
                {
                    "word": " someone",
                    "start": 0.18,
                    "end": 0.48,
                    "probability": 0.9990342855453491
                },
                {
                    "word": " who",
                    "start": 0.48,
                    "end": 0.7,
                    "probability": 0.9973650574684143
                },
                {
                    "word": " has",
                    "start": 0.7,
                    "end": 0.96,
                    "probability": 0.9984033703804016
                },
                {
                    "word": " been",
                    "start": 0.96,
                    "end": 1.14,
                    "probability": 0.9992823004722595
                },
                {
                    "word": " doing",
                    "start": 1.14,
                    "end": 1.52,
                    "probability": 0.9991963505744934
                },
                {
                    "word": " this",
                    "start": 1.52,
                    "end": 1.76,
                    "probability": 0.9993489384651184
                },
                {
                    "word": " for",
                    "start": 1.76,
                    "end": 1.98,
                    "probability": 0.9992116689682007
                },
                {
                    "word": " 25",
                    "start": 1.98,
                    "end": 2.38,
                    "probability": 0.9643062353134155
                },
                {
                    "word": " years",
                    "start": 2.38,
                    "end": 2.94,
                    "probability": 0.9984214305877686
                },
                {
                    "word": " and",
                    "start": 2.94,
                    "end": 3.24,
                    "probability": 0.9327406883239746
                },
                {
                    "word": " seen",
                    "start": 3.24,
                    "end": 3.62,
                    "probability": 0.9291492104530334
                },
                {
                    "word": " the",
                    "start": 3.62,
                    "end": 4.48,
                    "probability": 0.9889897108078003
                },
                {
                    "word": " evolution",
                    "start": 4.48,
                    "end": 4.92,
                    "probability": 0.9993230104446411
                },
                {
                    "word": " of",
                    "start": 4.92,
                    "end": 5.32,
                    "probability": 0.999336302280426
                },
                {
                    "word": " the",
                    "start": 5.32,
                    "end": 5.42,
                    "probability": 0.9947598576545715
                },
                {
                    "word": " space",
                    "start": 5.42,
                    "end": 5.76,
                    "probability": 0.9949835538864136
                },
                {
                    "word": " go",
                    "start": 5.76,
                    "end": 6.16,
                    "probability": 0.8956802487373352
                },
                {
                    "word": " from",
                    "start": 6.16,
                    "end": 6.52,
                    "probability": 0.9985998272895813
                },
                {
                    "word": " slower",
                    "start": 6.52,
                    "end": 7.8,
                    "probability": 0.9484373927116394
                },
                {
                    "word": " horizon",
                    "start": 7.8,
                    "end": 8.36,
                    "probability": 0.9710174202919006
                },
                {
                    "word": " signals,",
                    "start": 8.36,
                    "end": 9.22,
                    "probability": 0.9860320091247559
                },
                {
                    "word": " 10,",
                    "start": 9.5,
                    "end": 10.22,
                    "probability": 0.9673700928688049
                },
                {
                    "word": " 15",
                    "start": 10.42,
                    "end": 10.92,
                    "probability": 0.9654805660247803
                },
                {
                    "word": " core",
                    "start": 10.92,
                    "end": 11.5,
                    "probability": 0.9681510925292969
                },
                {
                    "word": " models",
                    "start": 11.5,
                    "end": 12.02,
                    "probability": 0.9983797073364258
                },
                {
                    "word": " to",
                    "start": 12.02,
                    "end": 12.28,
                    "probability": 0.8055970668792725
                },
                {
                    "word": " something",
                    "start": 12.28,
                    "end": 12.58,
                    "probability": 0.999041736125946
                },
                {
                    "word": " where",
                    "start": 12.58,
                    "end": 12.94,
                    "probability": 0.9896349310874939
                },
                {
                    "word": " you",
                    "start": 12.94,
                    "end": 13.18,
                    "probability": 0.9989217519760132
                },
                {
                    "word": " are",