{
    "text": " of things.",
    "segments": [
        {
            "id": 0,
            "seek": 0,
            "start": 0.07999999999999996,
            "end": 0.14,
            "text": " of things.",
            "tokens": [
                50365,
                295,
                721,
                13,
                50376
            ],
            "temperature": 0.0,
            "avg_logprob": -0.24921574195226034,
            "compression_ratio": 0.5555555555555556,
            "no_speech_prob": 0.01228010281920433,
            "words": [
                {
                    "word": " of",
                    "start": 0.07999999999999996,
                    "end": 0.12,
                    "probability": 0.7833655476570129
                },
                {
                    "word": " things.",
                    "start": 0.12,
                    "end": 0.14,
                    "probability": 0.5964558720588684
                }
            ]
        }
    ],
    "language": "en"
}