{
    "text": " Fantastic.",
    "segments": [
        {
            "id": 0,
            "seek": 0,
            "start": 0.0,
            "end": 0.34,
            "text": " Fantastic.",
            "tokens": [
                50365,
                21320,
                13,
                50384
            ],
            "temperature": 0.0,
            "avg_logprob": -0.38015315532684324,
            "compression_ratio": 0.5555555555555556,
            "no_speech_prob": 0.0662464052438736,
            "words": [
                {
                    "word": " Fantastic.",
                    "start": 0.0,
                    "end": 0.34,
                    "probability": 0.7498384118080139
                }
            ]
        }
    ],
    "language": "en"
}