{
    "text": " The",
    "segments": [
        {
            "id": 0,
            "seek": 0,
            "start": 0.0,
            "end": 0.08,
            "text": " The",
            "tokens": [
                50365,
                440,
                50371
            ],
            "temperature": 0.0,
            "avg_logprob": -0.8218188285827637,
            "compression_ratio": 0.2727272727272727,
            "no_speech_prob": 0.4219851493835449,
            "words": [
                {
                    "word": " The",
                    "start": 0.0,
                    "end": 0.08,
                    "probability": 0.23665396869182587
                }
            ]
        }
    ],
    "language": "en"
}