{
    "text": " Thanks, man.",
    "segments": [
        {
            "id": 0,
            "seek": 0,
            "start": 0.0,
            "end": 0.2,
            "text": " Thanks, man.",
            "tokens": [
                50365,
                2561,
                11,
                587,
                13,
                50389
            ],
            "temperature": 0.0,
            "avg_logprob": -0.1702803373336792,
            "compression_ratio": 0.6,
            "no_speech_prob": 0.02880360372364521,
            "words": [
                {
                    "word": " Thanks,",
                    "start": 0.0,
                    "end": 0.16,
                    "probability": 0.8148845434188843
                },
                {
                    "word": " man.",
                    "start": 0.18,
                    "end": 0.2,
                    "probability": 0.9990178346633911
                }
            ]
        }
    ],
    "language": "en"
}