{
    "text": " music.",
    "segments": [
        {
            "id": 0,
            "seek": 0,
            "start": 0.0,
            "end": 0.2,
            "text": " music.",
            "tokens": [
                50365,
                1318,
                13,
                50395
            ],
            "temperature": 0.0,
            "avg_logprob": -0.5834410190582275,
            "compression_ratio": 0.42857142857142855,
            "no_speech_prob": 0.46658119559288025,
            "words": [
                {
                    "word": " music.",
                    "start": 0.0,
                    "end": 0.2,
                    "probability": 0.6933525204658508
                }
            ]
        }
    ],
    "language": "en"
}