{
    "text": " understand a little more.",
    "segments": [
        {
            "id": 0,
            "seek": 0,
            "start": 0.0,
            "end": 0.86,
            "text": " understand a little more.",
            "tokens": [
                50365,
                1223,
                257,
                707,
                544,
                13,
                50418
            ],
            "temperature": 0.0,
            "avg_logprob": -0.2585033178329468,
            "compression_ratio": 0.7575757575757576,
            "no_speech_prob": 0.02237345650792122,
            "words": [
                {
                    "word": " understand",
                    "start": 0.0,
                    "end": 0.44,
                    "probability": 0.7240418791770935
                },
                {
                    "word": " a",
                    "start": 0.44,
                    "end": 0.6,
                    "probability": 0.9886074662208557
                },
                {
                    "word": " little",
                    "start": 0.6,
                    "end": 0.7,
                    "probability": 0.9992356300354004
                },
                {
                    "word": " more.",
                    "start": 0.7,
                    "end": 0.86,
                    "probability": 0.9985139966011047
                }
            ]
        }
    ],
    "language": "en"
}