{
    "text": " Yep.",
    "segments": [
        {
            "id": 0,
            "seek": 0,
            "start": 0.0,
            "end": 0.06,
            "text": " Yep.",
            "tokens": [
                50365,
                7010,
                13,
                50375
            ],
            "temperature": 0.0,
            "avg_logprob": -0.34632649421691897,
            "compression_ratio": 0.3333333333333333,
            "no_speech_prob": 0.004892127588391304,
            "words": [
                {
                    "word": " Yep.",
                    "start": 0.0,
                    "end": 0.06,
                    "probability": 0.96043461561203
                }
            ]
        }
    ],
    "language": "en"
}