{
    "text": " Whatever.",
    "segments": [
        {
            "id": 0,
            "seek": 0,
            "start": 0.0,
            "end": 0.24,
            "text": " Whatever.",
            "tokens": [
                50365,
                8541,
                13,
                50388
            ],
            "temperature": 0.0,
            "avg_logprob": -0.3992579698562622,
            "compression_ratio": 0.5294117647058824,
            "no_speech_prob": 0.09718570113182068,
            "words": [
                {
                    "word": " Whatever.",
                    "start": 0.0,
                    "end": 0.24,
                    "probability": 0.6668925881385803
                }
            ]
        }
    ],
    "language": "en"
}