{
    "text": " Personal Portfolio.",
    "segments": [
        {
            "id": 0,
            "seek": 0,
            "start": 0.0,
            "end": 0.68,
            "text": " Personal Portfolio.",
            "tokens": [
                50365,
                25317,
                6733,
                7082,
                1004,
                13,
                50409
            ],
            "temperature": 0.0,
            "avg_logprob": -0.19376488029956818,
            "compression_ratio": 0.7037037037037037,
            "no_speech_prob": 0.005049599800258875,
            "words": [
                {
                    "word": " Personal",
                    "start": 0.0,
                    "end": 0.16,
                    "probability": 0.5312150120735168
                },
                {
                    "word": " Portfolio.",
                    "start": 0.16,
                    "end": 0.68,
                    "probability": 0.8050944904486338
                }
            ]
        }
    ],
    "language": "en"
}