{
    "text": " We don't have",
    "segments": [
        {
            "id": 0,
            "seek": 0,
            "start": 0.0,
            "end": 0.3,
            "text": " We don't have",
            "tokens": [
                50365,
                492,
                500,
                380,
                362,
                50388
            ],
            "temperature": 0.0,
            "avg_logprob": -0.11443600484303065,
            "compression_ratio": 0.6190476190476191,
            "no_speech_prob": 0.010215431451797485,
            "words": [
                {
                    "word": " We",
                    "start": 0.0,
                    "end": 0.14,
                    "probability": 0.5407121777534485
                },
                {
                    "word": " don't",
                    "start": 0.14,
                    "end": 0.3,
                    "probability": 0.9572413265705109
                },
                {
                    "word": " have",
                    "start": 0.3,
                    "end": 0.3,
                    "probability": 0.9781048893928528
                }
            ]
        }
    ],
    "language": "en"
}