{
    "text": " So, so,",
    "segments": [
        {
            "id": 0,
            "seek": 0,
            "start": 0.0,
            "end": 0.32,
            "text": " So, so,",
            "tokens": [
                50365,
                407,
                11,
                370,
                11,
                50395
            ],
            "temperature": 0.0,
            "avg_logprob": -0.7135032926286969,
            "compression_ratio": 0.4666666666666667,
            "no_speech_prob": 0.22227850556373596,
            "words": [
                {
                    "word": " So,",
                    "start": 0.0,
                    "end": 0.14,
                    "probability": 0.19453413784503937
                },
                {
                    "word": " so,",
                    "start": 0.14,
                    "end": 0.32,
                    "probability": 0.7207793593406677
                }
            ]
        }
    ],
    "language": "en"
}