{
    "text": " I'm out.",
    "segments": [
        {
            "id": 0,
            "seek": 0,
            "start": 0.0,
            "end": 0.02,
            "text": " I'm out.",
            "tokens": [
                50365,
                286,
                478,
                484,
                13,
                50367
            ],
            "temperature": 0.0,
            "avg_logprob": -0.9391884803771973,
            "compression_ratio": 0.5,
            "no_speech_prob": 0.9698390364646912,
            "words": [
                {
                    "word": " I'm",
                    "start": 0.0,
                    "end": 0.02,
                    "probability": 0.2934492714703083
                },
                {
                    "word": " out.",
                    "start": 0.02,
                    "end": 0.02,
                    "probability": 0.14243477582931519
                }
            ]
        }
    ],
    "language": "en"
}