{
    "text": " you know,",
    "segments": [
        {
            "id": 0,
            "seek": 0,
            "start": 0.0,
            "end": 0.04,
            "text": " you know,",
            "tokens": [
                50365,
                291,
                458,
                11,
                50372
            ],
            "temperature": 0.0,
            "avg_logprob": -0.2757800817489624,
            "compression_ratio": 0.5294117647058824,
            "no_speech_prob": 0.408245325088501,
            "words": [
                {
                    "word": " you",
                    "start": 0.0,
                    "end": 0.02,
                    "probability": 0.4430786669254303
                },
                {
                    "word": " know,",
                    "start": 0.02,
                    "end": 0.04,
                    "probability": 0.9967034459114075
                }
            ]
        }
    ],
    "language": "en"
}