{
    "text": " Is there?",
    "segments": [
        {
            "id": 0,
            "seek": 0,
            "start": 0.17999999999999997,
            "end": 0.24,
            "text": " Is there?",
            "tokens": [
                50376,
                1119,
                456,
                30,
                50392
            ],
            "temperature": 0.0,
            "avg_logprob": -0.49166635672251385,
            "compression_ratio": 0.5294117647058824,
            "no_speech_prob": 0.001431476091966033,
            "words": [
                {
                    "word": " Is",
                    "start": 0.17999999999999997,
                    "end": 0.22,
                    "probability": 0.5689929723739624
                },
                {
                    "word": " there?",
                    "start": 0.22,
                    "end": 0.24,
                    "probability": 0.9065370559692383
                }
            ]
        }
    ],
    "language": "en"
}