{
    "text": " Yeah, let's go.",
    "segments": [
        {
            "id": 0,
            "seek": 0,
            "start": 0.18,
            "end": 0.42,
            "text": " Yeah, let's go.",
            "tokens": [
                50365,
                865,
                11,
                718,
                311,
                352,
                13,
                50400
            ],
            "temperature": 0.0,
            "avg_logprob": -0.3618665271335178,
            "compression_ratio": 0.6521739130434783,
            "no_speech_prob": 0.19833767414093018,
            "words": [
                {
                    "word": " Yeah,",
                    "start": 0.18,
                    "end": 0.34,
                    "probability": 0.33110591769218445
                },
                {
                    "word": " let's",
                    "start": 0.36,
                    "end": 0.42,
                    "probability": 0.7289517670869827
                },
                {
                    "word": " go.",
                    "start": 0.42,
                    "end": 0.42,
                    "probability": 0.9966049194335938
                }
            ]
        }
    ],
    "language": "en"
}