{
    "text": " The",
    "segments": [
        {
            "id": 0,
            "seek": 0,
            "start": 0.0,
            "end": 0.16,
            "text": " The",
            "tokens": [
                50365,
                440,
                50375
            ],
            "temperature": 0.0,
            "avg_logprob": -0.7482836842536926,
            "compression_ratio": 0.2727272727272727,
            "no_speech_prob": 0.7669102549552917,
            "words": [
                {
                    "word": " The",
                    "start": 0.0,
                    "end": 0.16,
                    "probability": 0.13242003321647644
                }
            ]
        }
    ],
    "language": "en"
}