{
    "text": " given",
    "segments": [
        {
            "id": 0,
            "seek": 0,
            "start": 0.0,
            "end": 0.2,
            "text": " given",
            "tokens": [
                50365,
                2212,
                50379
            ],
            "temperature": 0.0,
            "avg_logprob": -0.4634436070919037,
            "compression_ratio": 0.38461538461538464,
            "no_speech_prob": 0.92027747631073,
            "words": [
                {
                    "word": " given",
                    "start": 0.0,
                    "end": 0.2,
                    "probability": 0.28141242265701294
                }
            ]
        }
    ],
    "language": "en"
}