{
    "text": " Okay.",
    "segments": [
        {
            "id": 0,
            "seek": 0,
            "start": 0.0,
            "end": 0.04,
            "text": " Okay.",
            "tokens": [
                50365,
                1033,
                13,
                50369
            ],
            "temperature": 0.0,
            "avg_logprob": -0.62356538772583,
            "compression_ratio": 0.38461538461538464,
            "no_speech_prob": 0.8957747220993042,
            "words": [
                {
                    "word": " Okay.",
                    "start": 0.0,
                    "end": 0.04,
                    "probability": 0.1221562996506691
                }
            ]
        }
    ],
    "language": "en"
}