{
    "text": " REM, Everyone Hurts.",
    "segments": [
        {
            "id": 0,
            "seek": 0,
            "start": 0.0,
            "end": 1.4,
            "text": " REM, Everyone Hurts.",
            "tokens": [
                50365,
                45991,
                11,
                5198,
                8598,
                1373,
                13,
                50443
            ],
            "temperature": 0.0,
            "avg_logprob": -0.19849903053707546,
            "compression_ratio": 0.7142857142857143,
            "no_speech_prob": 0.025090860202908516,
            "words": [
                {
                    "word": " REM,",
                    "start": 0.0,
                    "end": 0.48,
                    "probability": 0.4850718677043915
                },
                {
                    "word": " Everyone",
                    "start": 0.68,
                    "end": 0.92,
                    "probability": 0.43768543004989624
                },
                {
                    "word": " Hurts.",
                    "start": 0.92,
                    "end": 1.4,
                    "probability": 0.9950810670852661
                }
            ]
        }
    ],
    "language": "en"
}