{
    "text": " That's a great idea.",
    "segments": [
        {
            "id": 0,
            "seek": 0,
            "start": 0.0,
            "end": 0.5,
            "text": " That's a great idea.",
            "tokens": [
                50365,
                663,
                311,
                257,
                869,
                1558,
                13,
                50399
            ],
            "temperature": 0.0,
            "avg_logprob": -0.15702311197916666,
            "compression_ratio": 0.7142857142857143,
            "no_speech_prob": 0.023576118052005768,
            "words": [
                {
                    "word": " That's",
                    "start": 0.0,
                    "end": 0.1,
                    "probability": 0.8919476866722107
                },
                {
                    "word": " a",
                    "start": 0.1,
                    "end": 0.12,
                    "probability": 0.5119163393974304
                },
                {
                    "word": " great",
                    "start": 0.12,
                    "end": 0.34,
                    "probability": 0.9879645109176636
                },
                {
                    "word": " idea.",
                    "start": 0.34,
                    "end": 0.5,
                    "probability": 0.7204400897026062
                }
            ]
        }
    ],
    "language": "en"
}