{
    "text": " We want some personal.",
    "segments": [
        {
            "id": 0,
            "seek": 0,
            "start": 0.0,
            "end": 0.24,
            "text": " We want some personal.",
            "tokens": [
                50365,
                492,
                528,
                512,
                2973,
                13,
                50400
            ],
            "temperature": 0.0,
            "avg_logprob": -0.4946048855781555,
            "compression_ratio": 0.7333333333333333,
            "no_speech_prob": 0.05883599445223808,
            "words": [
                {
                    "word": " We",
                    "start": 0.0,
                    "end": 0.14,
                    "probability": 0.36480823159217834
                },
                {
                    "word": " want",
                    "start": 0.14,
                    "end": 0.18,
                    "probability": 0.9362070560455322
                },
                {
                    "word": " some",
                    "start": 0.18,
                    "end": 0.22,
                    "probability": 0.9142496585845947
                },
                {
                    "word": " personal.",
                    "start": 0.22,
                    "end": 0.24,
                    "probability": 0.21209371089935303
                }
            ]
        }
    ],
    "language": "en"
}