{
    "text": " or all the time.",
    "segments": [
        {
            "id": 0,
            "seek": 0,
            "start": 0.0,
            "end": 0.62,
            "text": " or all the time.",
            "tokens": [
                50365,
                420,
                439,
                264,
                565,
                13,
                50404
            ],
            "temperature": 0.0,
            "avg_logprob": -0.10705701261758804,
            "compression_ratio": 0.6666666666666666,
            "no_speech_prob": 0.012039314955472946,
            "words": [
                {
                    "word": " or",
                    "start": 0.0,
                    "end": 0.18,
                    "probability": 0.5721306204795837
                },
                {
                    "word": " all",
                    "start": 0.18,
                    "end": 0.3,
                    "probability": 0.9926773309707642
                },
                {
                    "word": " the",
                    "start": 0.3,
                    "end": 0.5,
                    "probability": 0.9890092015266418
                },
                {
                    "word": " time.",
                    "start": 0.5,
                    "end": 0.62,
                    "probability": 0.9900796413421631
                }
            ]
        }
    ],
    "language": "en"
}