{
    "text": " Yeah.",
    "segments": [
        {
            "id": 0,
            "seek": 0,
            "start": 0.0,
            "end": 0.12,
            "text": " Yeah.",
            "tokens": [
                50365,
                865,
                13,
                50390
            ],
            "temperature": 0.0,
            "avg_logprob": -0.11475818157196045,
            "compression_ratio": 0.38461538461538464,
            "no_speech_prob": 0.27974653244018555,
            "words": [
                {
                    "word": " Yeah.",
                    "start": 0.0,
                    "end": 0.12,
                    "probability": 0.571279764175415
                }
            ]
        }
    ],
    "language": "en"
}