{
    "text": " Thank you.",
    "segments": [
        {
            "id": 0,
            "seek": 0,
            "start": 0.0,
            "end": 0.4,
            "text": " Thank you.",
            "tokens": [
                50365,
                1044,
                291,
                13,
                50408
            ],
            "temperature": 0.0,
            "avg_logprob": -0.20490231116612753,
            "compression_ratio": 0.5555555555555556,
            "no_speech_prob": 0.01829846389591694,
            "words": [
                {
                    "word": " Thank",
                    "start": 0.0,
                    "end": 0.22,
                    "probability": 0.7861454486846924
                },
                {
                    "word": " you.",
                    "start": 0.22,
                    "end": 0.4,
                    "probability": 0.9977889060974121
                }
            ]
        }
    ],
    "language": "en"
}