{
    "text": " you",
    "segments": [
        {
            "id": 0,
            "seek": 0,
            "start": 0.0,
            "end": 0.08,
            "text": " you",
            "tokens": [
                50365,
                291,
                50371
            ],
            "temperature": 0.0,
            "avg_logprob": -0.936934232711792,
            "compression_ratio": 0.2727272727272727,
            "no_speech_prob": 0.9616362452507019,
            "words": [
                {
                    "word": " you",
                    "start": 0.0,
                    "end": 0.08,
                    "probability": 0.13137345016002655
                }
            ]
        }
    ],
    "language": "en"
}