{
    "text": " Thanks.",
    "segments": [
        {
            "id": 0,
            "seek": 0,
            "start": 0.0,
            "end": 0.18,
            "text": " Thanks.",
            "tokens": [
                50365,
                2561,
                13,
                50384
            ],
            "temperature": 0.0,
            "avg_logprob": -0.47010245323181155,
            "compression_ratio": 0.4666666666666667,
            "no_speech_prob": 0.41642293334007263,
            "words": [
                {
                    "word": " Thanks.",
                    "start": 0.0,
                    "end": 0.18,
                    "probability": 0.12028732150793076
                }
            ]
        }
    ],
    "language": "en"
}