{
    "text": " No.",
    "segments": [
        {
            "id": 0,
            "seek": 0,
            "start": 0.0,
            "end": 0.14,
            "text": " No.",
            "tokens": [
                50365,
                883,
                13,
                50384
            ],
            "temperature": 0.0,
            "avg_logprob": -0.18359794616699218,
            "compression_ratio": 0.2727272727272727,
            "no_speech_prob": 0.06659698486328125,
            "words": [
                {
                    "word": " No.",
                    "start": 0.0,
                    "end": 0.14,
                    "probability": 0.3869277238845825
                }
            ]
        }
    ],
    "language": "en"
}