{
    "text": " and,",
    "segments": [
        {
            "id": 0,
            "seek": 0,
            "start": 0.0,
            "end": 0.12,
            "text": " and,",
            "tokens": [
                50365,
                293,
                11,
                50376
            ],
            "temperature": 0.0,
            "avg_logprob": -0.27115304470062257,
            "compression_ratio": 0.3333333333333333,
            "no_speech_prob": 0.0010134492767974734,
            "words": [
                {
                    "word": " and,",
                    "start": 0.0,
                    "end": 0.12,
                    "probability": 0.5340091586112976
                }
            ]
        }
    ],
    "language": "en"
}