{
    "text": " Thank you.",
    "segments": [
        {
            "id": 0,
            "seek": 0,
            "start": 0.0,
            "end": 0.02,
            "text": " Thank you.",
            "tokens": [
                50365,
                1044,
                291,
                13,
                50377
            ],
            "temperature": 0.4,
            "avg_logprob": -0.9868588447570801,
            "compression_ratio": 0.5555555555555556,
            "no_speech_prob": 0.27399444580078125,
            "words": [
                {
                    "word": " Thank",
                    "start": 0.0,
                    "end": 0.0,
                    "probability": 0.005297253839671612
                },
                {
                    "word": " you.",
                    "start": 0.0,
                    "end": 0.02,
                    "probability": 0.9966431856155396
                }
            ]
        }
    ],
    "language": "en"
}