{
    "text": " where",
    "segments": [
        {
            "id": 0,
            "seek": 0,
            "start": 0.0,
            "end": 0.08,
            "text": " where",
            "tokens": [
                50365,
                689,
                50371
            ],
            "temperature": 0.0,
            "avg_logprob": -0.723792314529419,
            "compression_ratio": 0.38461538461538464,
            "no_speech_prob": 0.819581925868988,
            "words": [
                {
                    "word": " where",
                    "start": 0.0,
                    "end": 0.08,
                    "probability": 0.16990867257118225
                }
            ]
        }
    ],
    "language": "en"
}