{
    "text": " behind.",
    "segments": [
        {
            "id": 0,
            "seek": 0,
            "start": 0.0,
            "end": 0.16,
            "text": " behind.",
            "tokens": [
                50365,
                2261,
                13,
                50382
            ],
            "temperature": 0.0,
            "avg_logprob": -0.1738404870033264,
            "compression_ratio": 0.4666666666666667,
            "no_speech_prob": 0.64933180809021,
            "words": [
                {
                    "word": " behind.",
                    "start": 0.0,
                    "end": 0.16,
                    "probability": 0.942502498626709
                }
            ]
        }
    ],
    "language": "en"
}