{
    "text": " Thank you, thank you.",
    "segments": [
        {
            "id": 0,
            "seek": 0,
            "start": 0.0,
            "end": 1.1,
            "text": " Thank you, thank you.",
            "tokens": [
                50365,
                1044,
                291,
                11,
                1309,
                291,
                13,
                50452
            ],
            "temperature": 0.0,
            "avg_logprob": -0.11474074257744683,
            "compression_ratio": 0.9545454545454546,
            "no_speech_prob": 0.009519304148852825,
            "words": [
                {
                    "word": " Thank",
                    "start": 0.0,
                    "end": 0.18,
                    "probability": 0.8766459226608276
                },
                {
                    "word": " you,",
                    "start": 0.18,
                    "end": 0.4,
                    "probability": 0.9914904236793518
                },
                {
                    "word": " thank",
                    "start": 0.56,
                    "end": 0.86,
                    "probability": 0.9902246594429016
                },
                {
                    "word": " you.",
                    "start": 0.86,
                    "end": 1.1,
                    "probability": 0.9996405839920044
                }
            ]
        }
    ],
    "language": "en"
}