{
    "text": " Do you think that your background in economics has given you maybe a unique perspective around things like risk premia and investment styles as compared to someone who maybe comes at the problem more from a data science background that's just going to try to look at the data alone?",
    "segments": [
        {
            "id": 0,
            "seek": 0,
            "start": 0.0,
            "end": 18.22,
            "text": " Do you think that your background in economics has given you maybe a unique perspective around things like risk premia and investment styles as compared to someone who maybe comes at the problem more from a data science background that's just going to try to look at the data alone?",
            "tokens": [
                50365,
                1144,
                291,
                519,
                300,
                428,
                3678,
                294,
                14564,
                575,
                2212,
                291,
                1310,
                257,
                3845,
                4585,
                926,
                721,
                411,
                3148,
                5624,
                654,
                293,
                6078,
                13273,
                382,
                5347,
                281,
                1580,
                567,
                1310,
                1487,
                412,
                264,
                1154,
                544,
                490,
                257,
                1412,
                3497,
                3678,
                300,
                311,
                445,
                516,
                281,
                853,
                281,
                574,
                412,
                264,
                1412,
                3312,
                30,
                51294
            ],
            "temperature": 0.0,
            "avg_logprob": -0.028276483927454268,
            "compression_ratio": 1.5666666666666667,
            "no_speech_prob": 0.00045114386011846364,
            "words": [
                {
                    "word": " Do",
                    "start": 0.0,
                    "end": 0.12,
                    "probability": 0.9242926239967346
                },
                {
                    "word": " you",
                    "start": 0.12,
                    "end": 0.22,
                    "probability": 0.9998440742492676
                },
                {
                    "word": " think",
                    "start": 0.22,
                    "end": 0.56,
                    "probability": 0.9998774528503418
                },
                {
                    "word": " that",
                    "start": 0.56,
                    "end": 1.0,
                    "probability": 0.9985145926475525
                },
                {
                    "word": " your",
                    "start": 1.0,
                    "end": 1.44,
                    "probability": 0.9993450045585632
                },
                {
                    "word": " background",
                    "start": 1.44,
                    "end": 1.84,
                    "probability": 0.9997624754905701
                },
                {
                    "word": " in",
                    "start": 1.84,
                    "end": 2.06,
                    "probability": 0.9988552331924438
                },
                {
                    "word": " economics",
                    "start": 2.06,
                    "end": 2.42,
                    "probability": 0.9985912442207336
                },
                {
                    "word": " has",
                    "start": 2.42,
                    "end": 2.96,
                    "probability": 0.9992488026618958
                },
                {
                    "word": " given",
                    "start": 2.96,
                    "end": 4.0,
                    "probability": 0.9984678626060486
                },
                {
                    "word": " you",
                    "start": 4.0,
                    "end": 4.44,
                    "probability": 0.9998173117637634
                },
                {
                    "word": " maybe",
                    "start": 4.44,
                    "end": 5.54,
                    "probability": 0.9785128831863403
                },
                {
                    "word": " a",
                    "start": 5.54,
                    "end": 5.76,
                    "probability": 0.9853031635284424
                },
                {
                    "word": " unique",
                    "start": 5.76,
                    "end": 6.18,
                    "probability": 0.9998445510864258
                },
                {
                    "word": " perspective",
                    "start": 6.18,
                    "end": 6.86,
                    "probability": 0.9994403719902039
                },
                {
                    "word": " around",
                    "start": 6.86,
                    "end": 8.26,
                    "probability": 0.998403012752533
                },
                {
                    "word": " things",
                    "start": 8.26,
                    "end": 9.22,
                    "probability": 0.9982757568359375
                },
                {
                    "word": " like",
                    "start": 9.22,
                    "end": 9.48,
                    "probability": 0.9995229244232178
                },
                {
                    "word": " risk",
                    "start": 9.48,
                    "end": 9.78,
                    "probability": 0.9981968998908997
                },
                {
                    "word": " premia",
                    "start": 9.78,
                    "end": 10.46,
                    "probability": 0.9617660343647003
                },
                {
                    "word": " and",
                    "start": 10.46,
                    "end": 10.94,
                    "probability": 0.987491250038147
                },
                {
                    "word": " investment",
                    "start": 10.94,
                    "end": 11.28,
                    "probability": 0.9994552731513977
                },
                {
                    "word": " styles",
                    "start": 11.28,
                    "end": 11.88,
                    "probability": 0.9990604519844055
                },
                {
                    "word": " as",
                    "start": 11.88,
                    "end": 12.38,
                    "probability": 0.9384451508522034
                },
                {
                    "word": " compared",
                    "start": 12.38,
                    "end": 12.66,
                    "probability": 0.9998719692230225
                },
                {
                    "word": " to",
                    "start": 12.66,
                    "end": 12.94,
                    "probability": 0.9998891353607178
                },
                {
                    "word": " someone",
                    "start": 12.94,
                    "end": 13.2,
                    "probability": 0.9996148347854614
                },
                {
                    "word": " who",
                    "start": 13.2,
                    "end": 13.44,
                    "probability": 0.9995892643928528
                },
                {
                    "word": " maybe",
                    "start": 13.44,
                    "end": 13.64,
                    "probability": 0.9941699504852295
                },
                {
                    "word": " comes",
                    "start": 13.64,