{
    "text": " How would you respond to the criticism that valuation is a really blunt timing tool in that in many ways, comparing current valuations versus historical valuations is sort of short structural upward shifts in valuations that seem to occur over time in developed markets?",
    "segments": [
        {
            "id": 0,
            "seek": 0,
            "start": 0.0,
            "end": 18.54,
            "text": " How would you respond to the criticism that valuation is a really blunt timing tool in that in many ways, comparing current valuations versus historical valuations is sort of short structural upward shifts in valuations that seem to occur over time in developed markets?",
            "tokens": [
                50365,
                1012,
                576,
                291,
                4196,
                281,
                264,
                15835,
                300,
                38546,
                307,
                257,
                534,
                32246,
                10822,
                2290,
                294,
                300,
                294,
                867,
                2098,
                11,
                15763,
                2190,
                7332,
                763,
                5717,
                8584,
                7332,
                763,
                307,
                1333,
                295,
                2099,
                15067,
                23452,
                19201,
                294,
                7332,
                763,
                300,
                1643,
                281,
                5160,
                670,
                565,
                294,
                4743,
                8383,
                30,
                51310
            ],
            "temperature": 0.0,
            "avg_logprob": -0.10755681074582614,
            "compression_ratio": 1.588235294117647,
            "no_speech_prob": 0.00036236183950677514,
            "words": [
                {
                    "word": " How",
                    "start": 0.0,
                    "end": 0.08,
                    "probability": 0.9239187836647034
                },
                {
                    "word": " would",
                    "start": 0.08,
                    "end": 0.14,
                    "probability": 0.9919872283935547
                },
                {
                    "word": " you",
                    "start": 0.14,
                    "end": 0.26,
                    "probability": 0.9993481040000916
                },
                {
                    "word": " respond",
                    "start": 0.26,
                    "end": 0.6,
                    "probability": 0.99908447265625
                },
                {
                    "word": " to",
                    "start": 0.6,
                    "end": 0.9,
                    "probability": 0.999508261680603
                },
                {
                    "word": " the",
                    "start": 0.9,
                    "end": 1.0,
                    "probability": 0.9977184534072876
                },
                {
                    "word": " criticism",
                    "start": 1.0,
                    "end": 1.6,
                    "probability": 0.9988202452659607
                },
                {
                    "word": " that",
                    "start": 1.6,
                    "end": 1.94,
                    "probability": 0.9929051995277405
                },
                {
                    "word": " valuation",
                    "start": 1.94,
                    "end": 2.76,
                    "probability": 0.9921171069145203
                },
                {
                    "word": " is",
                    "start": 2.76,
                    "end": 3.6,
                    "probability": 0.999301552772522
                },
                {
                    "word": " a",
                    "start": 3.6,
                    "end": 4.34,
                    "probability": 0.9956749081611633
                },
                {
                    "word": " really",
                    "start": 4.34,
                    "end": 4.62,
                    "probability": 0.9917266368865967
                },
                {
                    "word": " blunt",
                    "start": 4.62,
                    "end": 5.02,
                    "probability": 0.9979719519615173
                },
                {
                    "word": " timing",
                    "start": 5.02,
                    "end": 5.48,
                    "probability": 0.9949866533279419
                },
                {
                    "word": " tool",
                    "start": 5.48,
                    "end": 5.9,
                    "probability": 0.9994179010391235
                },
                {
                    "word": " in",
                    "start": 5.9,
                    "end": 6.6,
                    "probability": 0.3757883608341217
                },
                {
                    "word": " that",
                    "start": 6.6,
                    "end": 6.88,
                    "probability": 0.9929748773574829
                },
                {
                    "word": " in",
                    "start": 6.88,
                    "end": 7.16,
                    "probability": 0.7916196584701538
                },
                {
                    "word": " many",
                    "start": 7.16,
                    "end": 7.38,
                    "probability": 0.9994539618492126
                },
                {
                    "word": " ways,",
                    "start": 7.38,
                    "end": 7.7,
                    "probability": 0.999210000038147
                },
                {
                    "word": " comparing",
                    "start": 7.76,
                    "end": 8.04,
                    "probability": 0.999238133430481
                },
                {
                    "word": " current",
                    "start": 8.04,
                    "end": 8.52,
                    "probability": 0.9987377524375916
                },
                {
                    "word": " valuations",
                    "start": 8.52,
                    "end": 9.42,
                    "probability": 0.9970941245555878
                },
                {
                    "word": " versus",
                    "start": 9.42,
                    "end": 9.88,
                    "probability": 0.9896346926689148
                },
                {
                    "word": " historical",
                    "start": 9.88,
                    "end": 10.6,
                    "probability": 0.9986259937286377
                },
                {
                    "word": " valuations",
                    "start": 10.6,
                    "end": 11.58,
                    "probability": 0.9944541156291962
                },
                {
                    "word": " is",
                    "start": 11.58,
                    "end": 11.84,
                    "probability": 0.9378533959388733
                },
                {
                    "word": " sort",
                    "start": 11.84,
                    "end": 11.98,
                    "probability": 0.8651577830314636
                },
                {
                    "word": " of",
                    "start": 11.98,
                    "end": 12.22,
                    "probability": 0.9989123344421387
                },
                {
                    "word": " short",
                    "start": 12.22,
                    "end": 13.0,