{
    "text": " So one of my favorite quotes that I've seen come from you, you know, something you put out on Twitter, was you were talking about when it comes to beating a 60-40 portfolio, it's all about either the, quote, path or destination, but not both. What do you mean by that?",
    "segments": [
        {
            "id": 0,
            "seek": 0,
            "start": 0.0,
            "end": 15.38,
            "text": " So one of my favorite quotes that I've seen come from you, you know, something you put out on Twitter, was you were talking about when it comes to beating a 60-40 portfolio, it's all about either the, quote, path or destination, but not both.",
            "tokens": [
                50365,
                407,
                472,
                295,
                452,
                2954,
                19963,
                300,
                286,
                600,
                1612,
                808,
                490,
                291,
                11,
                291,
                458,
                11,
                746,
                291,
                829,
                484,
                322,
                5794,
                11,
                390,
                291,
                645,
                1417,
                466,
                562,
                309,
                1487,
                281,
                13497,
                257,
                4060,
                12,
                5254,
                12583,
                11,
                309,
                311,
                439,
                466,
                2139,
                264,
                11,
                6513,
                11,
                3100,
                420,
                12236,
                11,
                457,
                406,
                1293,
                13,
                51146
            ],
            "temperature": 0.0,
            "avg_logprob": -0.08332679582678754,
            "compression_ratio": 1.4408602150537635,
            "no_speech_prob": 6.9621146394638345e-06,
            "words": [
                {
                    "word": " So",
                    "start": 0.0,
                    "end": 0.12,
                    "probability": 0.8993299603462219
                },
                {
                    "word": " one",
                    "start": 0.12,
                    "end": 0.26,
                    "probability": 0.9701862931251526
                },
                {
                    "word": " of",
                    "start": 0.26,
                    "end": 0.42,
                    "probability": 0.9999996423721313
                },
                {
                    "word": " my",
                    "start": 0.42,
                    "end": 1.0,
                    "probability": 0.9999868869781494
                },
                {
                    "word": " favorite",
                    "start": 1.0,
                    "end": 1.32,
                    "probability": 0.9962731599807739
                },
                {
                    "word": " quotes",
                    "start": 1.32,
                    "end": 1.86,
                    "probability": 0.9999886751174927
                },
                {
                    "word": " that",
                    "start": 1.86,
                    "end": 2.22,
                    "probability": 0.9998770952224731
                },
                {
                    "word": " I've",
                    "start": 2.22,
                    "end": 2.4,
                    "probability": 0.9997962713241577
                },
                {
                    "word": " seen",
                    "start": 2.4,
                    "end": 2.66,
                    "probability": 0.999990701675415
                },
                {
                    "word": " come",
                    "start": 2.66,
                    "end": 3.18,
                    "probability": 0.9995927214622498
                },
                {
                    "word": " from",
                    "start": 3.18,
                    "end": 3.54,
                    "probability": 0.9999922513961792
                },
                {
                    "word": " you,",
                    "start": 3.54,
                    "end": 3.98,
                    "probability": 0.999976396560669
                },
                {
                    "word": " you",
                    "start": 4.02,
                    "end": 4.28,
                    "probability": 0.3601081967353821
                },
                {
                    "word": " know,",
                    "start": 4.28,
                    "end": 4.42,
                    "probability": 0.9999707937240601
                },
                {
                    "word": " something",
                    "start": 4.42,
                    "end": 4.64,
                    "probability": 0.9822905659675598
                },
                {
                    "word": " you",
                    "start": 4.64,
                    "end": 4.88,
                    "probability": 0.9999345541000366
                },
                {
                    "word": " put",
                    "start": 4.88,
                    "end": 5.0,
                    "probability": 0.999988317489624
                },
                {
                    "word": " out",
                    "start": 5.0,
                    "end": 5.14,
                    "probability": 0.9997513890266418
                },
                {
                    "word": " on",
                    "start": 5.14,
                    "end": 5.3,
                    "probability": 0.9999675750732422
                },
                {
                    "word": " Twitter,",
                    "start": 5.3,
                    "end": 5.58,
                    "probability": 0.9983207583427429
                },
                {
                    "word": " was",
                    "start": 5.7,
                    "end": 6.24,
                    "probability": 0.997040331363678
                },
                {
                    "word": " you",
                    "start": 6.24,
                    "end": 6.36,
                    "probability": 0.9999533891677856
                },
                {
                    "word": " were",
                    "start": 6.36,
                    "end": 6.4,
                    "probability": 0.999134361743927
                },
                {
                    "word": " talking",
                    "start": 6.4,
                    "end": 6.62,
                    "probability": 0.9999887943267822
                },
                {
                    "word": " about",
                    "start": 6.62,
                    "end": 6.88,
                    "probability": 0.999993085861206
                },
                {
                    "word": " when",
                    "start": 6.88,
                    "end": 7.1,
                    "probability": 0.9997243285179138
                },
                {
                    "word": " it",
                    "start": 7.1,
                    "end": 7.2,
                    "probability": 0.9999837875366211
                },
                {
                    "word": " comes",
                    "start": 7.2,
                    "end": 7.54,
                    "probability": 0.9999622106552124
                },
                {
                    "word": " to",
                    "start": 7.54,
                    "end": 7.8,
                    "probability": 0.9999960660934448
                },
                {
                    "word": " beating",
                    "start": 7.8,
                    "end": 8.18,