{
    "text": " So tie this all back for me to the 60-40 positioning. Let's say you have your naive risk parity or equal risk contribution. You've got your CTA, you've got your auto callables. How is that positioning that you're looking at informing how you're underwriting risk in the 60-40?",
    "segments": [
        {
            "id": 0,
            "seek": 0,
            "start": 0.0,
            "end": 15.84,
            "text": " So tie this all back for me to the 60-40 positioning. Let's say you have your naive risk parity or equal risk contribution. You've got your CTA, you've got your auto callables. How is that positioning that you're looking at informing how you're underwriting risk in the 60-40?",
            "tokens": [
                50365,
                407,
                7582,
                341,
                439,
                646,
                337,
                385,
                281,
                264,
                4060,
                12,
                5254,
                26381,
                13,
                961,
                311,
                584,
                291,
                362,
                428,
                29052,
                3148,
                44747,
                420,
                2681,
                3148,
                13150,
                13,
                509,
                600,
                658,
                428,
                383,
                8241,
                11,
                291,
                600,
                658,
                428,
                8399,
                818,
                2965,
                13,
                1012,
                307,
                300,
                26381,
                300,
                291,
                434,
                1237,
                412,
                43969,
                577,
                291,
                434,
                833,
                19868,
                3148,
                294,
                264,
                4060,
                12,
                5254,
                30,
                51169
            ],
            "temperature": 0.0,
            "avg_logprob": -0.0653530709883746,
            "compression_ratio": 1.5333333333333334,
            "no_speech_prob": 0.0005878995289094746,
            "words": [
                {
                    "word": " So",
                    "start": 0.0,
                    "end": 0.14,
                    "probability": 0.8843989372253418
                },
                {
                    "word": " tie",
                    "start": 0.14,
                    "end": 0.34,
                    "probability": 0.9176093935966492
                },
                {
                    "word": " this",
                    "start": 0.34,
                    "end": 0.58,
                    "probability": 0.9980210065841675
                },
                {
                    "word": " all",
                    "start": 0.58,
                    "end": 0.9,
                    "probability": 0.9984643459320068
                },
                {
                    "word": " back",
                    "start": 0.9,
                    "end": 1.68,
                    "probability": 0.9962829947471619
                },
                {
                    "word": " for",
                    "start": 1.68,
                    "end": 1.94,
                    "probability": 0.9752631783485413
                },
                {
                    "word": " me",
                    "start": 1.94,
                    "end": 2.12,
                    "probability": 0.9997327923774719
                },
                {
                    "word": " to",
                    "start": 2.12,
                    "end": 2.58,
                    "probability": 0.9882035851478577
                },
                {
                    "word": " the",
                    "start": 2.58,
                    "end": 3.0,
                    "probability": 0.9986616373062134
                },
                {
                    "word": " 60",
                    "start": 3.0,
                    "end": 3.26,
                    "probability": 0.9929215312004089
                },
                {
                    "word": "-40",
                    "start": 3.26,
                    "end": 3.54,
                    "probability": 0.7275958806276321
                },
                {
                    "word": " positioning.",
                    "start": 3.54,
                    "end": 3.88,
                    "probability": 0.989133894443512
                },
                {
                    "word": " Let's",
                    "start": 4.14,
                    "end": 4.54,
                    "probability": 0.9986819624900818
                },
                {
                    "word": " say",
                    "start": 4.54,
                    "end": 4.66,
                    "probability": 0.9996832609176636
                },
                {
                    "word": " you",
                    "start": 4.66,
                    "end": 4.86,
                    "probability": 0.9948669672012329
                },
                {
                    "word": " have",
                    "start": 4.86,
                    "end": 5.14,
                    "probability": 0.9997062087059021
                },
                {
                    "word": " your",
                    "start": 5.14,
                    "end": 5.34,
                    "probability": 0.9983034133911133
                },
                {
                    "word": " naive",
                    "start": 5.34,
                    "end": 5.7,
                    "probability": 0.9717611074447632
                },
                {
                    "word": " risk",
                    "start": 5.7,
                    "end": 6.02,
                    "probability": 0.9913578033447266
                },
                {
                    "word": " parity",
                    "start": 6.02,
                    "end": 6.5,
                    "probability": 0.9817200303077698
                },
                {
                    "word": " or",
                    "start": 6.5,
                    "end": 6.72,
                    "probability": 0.9855507612228394
                },
                {
                    "word": " equal",
                    "start": 6.72,
                    "end": 6.96,
                    "probability": 0.9865091443061829
                },
                {
                    "word": " risk",
                    "start": 6.96,
                    "end": 7.18,
                    "probability": 0.9913144707679749
                },
                {
                    "word": " contribution.",
                    "start": 7.18,
                    "end": 7.6,
                    "probability": 0.9987347722053528
                },
                {
                    "word": " You've",
                    "start": 7.84,
                    "end": 8.0,
                    "probability": 0.9961861670017242
                },
                {
                    "word": " got",
                    "start": 8.0,
                    "end": 8.1,
                    "probability": 0.9997654557228088
                },
                {
                    "word": " your",
                    "start": 8.1,
                    "end": 8.24,
                    "probability": 0.9996254444122314
                },
                {
                    "word": " CTA,",
                    "start": 8.24,
                    "end": 8.62,
                    "probability": 0.9989279806613922
                },
                {
                    "word": " you've",
                    "start": 8.78,