{
    "text": " I think this coming home portfolio is an interesting juxtaposition or perhaps maybe it's tied directly to a quote I hear you say a lot, which is the right tail is harder to manage than the left. Can you explain what you mean by that?",
    "segments": [
        {
            "id": 0,
            "seek": 0,
            "start": 0.0,
            "end": 11.74,
            "text": " I think this coming home portfolio is an interesting juxtaposition or perhaps maybe it's tied directly to a quote I hear you say a lot, which is the right tail is harder to manage than the left.",
            "tokens": [
                50365,
                286,
                519,
                341,
                1348,
                1280,
                12583,
                307,
                364,
                1880,
                3649,
                734,
                569,
                5830,
                420,
                4317,
                1310,
                309,
                311,
                9601,
                3838,
                281,
                257,
                6513,
                286,
                1568,
                291,
                584,
                257,
                688,
                11,
                597,
                307,
                264,
                558,
                6838,
                307,
                6081,
                281,
                3067,
                813,
                264,
                1411,
                13,
                50958
            ],
            "temperature": 0.0,
            "avg_logprob": -0.07535701049001593,
            "compression_ratio": 1.412121212121212,
            "no_speech_prob": 0.0002823889662977308,
            "words": [
                {
                    "word": " I",
                    "start": 0.0,
                    "end": 0.04,
                    "probability": 0.9945183396339417
                },
                {
                    "word": " think",
                    "start": 0.04,
                    "end": 0.12,
                    "probability": 0.9999642372131348
                },
                {
                    "word": " this",
                    "start": 0.12,
                    "end": 0.26,
                    "probability": 0.9999517202377319
                },
                {
                    "word": " coming",
                    "start": 0.26,
                    "end": 0.52,
                    "probability": 0.9942726492881775
                },
                {
                    "word": " home",
                    "start": 0.52,
                    "end": 0.76,
                    "probability": 0.9692026376724243
                },
                {
                    "word": " portfolio",
                    "start": 0.76,
                    "end": 1.24,
                    "probability": 0.9999738931655884
                },
                {
                    "word": " is",
                    "start": 1.24,
                    "end": 1.58,
                    "probability": 0.9999743700027466
                },
                {
                    "word": " an",
                    "start": 1.58,
                    "end": 1.62,
                    "probability": 0.9995404481887817
                },
                {
                    "word": " interesting",
                    "start": 1.62,
                    "end": 1.92,
                    "probability": 0.9999924898147583
                },
                {
                    "word": " juxtaposition",
                    "start": 1.92,
                    "end": 2.76,
                    "probability": 0.9999547600746155
                },
                {
                    "word": " or",
                    "start": 2.76,
                    "end": 2.96,
                    "probability": 0.4908343255519867
                },
                {
                    "word": " perhaps",
                    "start": 2.96,
                    "end": 3.62,
                    "probability": 0.9490914344787598
                },
                {
                    "word": " maybe",
                    "start": 3.62,
                    "end": 4.48,
                    "probability": 0.9994040727615356
                },
                {
                    "word": " it's",
                    "start": 4.48,
                    "end": 4.72,
                    "probability": 0.9995456039905548
                },
                {
                    "word": " tied",
                    "start": 4.72,
                    "end": 4.88,
                    "probability": 0.9994669556617737
                },
                {
                    "word": " directly",
                    "start": 4.88,
                    "end": 5.28,
                    "probability": 0.9998831748962402
                },
                {
                    "word": " to",
                    "start": 5.28,
                    "end": 5.66,
                    "probability": 0.9999953508377075
                },
                {
                    "word": " a",
                    "start": 5.66,
                    "end": 5.86,
                    "probability": 0.9999669790267944
                },
                {
                    "word": " quote",
                    "start": 5.86,
                    "end": 6.18,
                    "probability": 0.999957799911499
                },
                {
                    "word": " I",
                    "start": 6.18,
                    "end": 6.52,
                    "probability": 0.9747884273529053
                },
                {
                    "word": " hear",
                    "start": 6.52,
                    "end": 6.78,
                    "probability": 0.9999942779541016
                },
                {
                    "word": " you",
                    "start": 6.78,
                    "end": 6.98,
                    "probability": 0.9999935626983643
                },
                {
                    "word": " say",
                    "start": 6.98,
                    "end": 7.24,
                    "probability": 0.9999964237213135
                },
                {
                    "word": " a",
                    "start": 7.24,
                    "end": 7.4,
                    "probability": 0.9999401569366455
                },
                {
                    "word": " lot,",
                    "start": 7.4,
                    "end": 7.66,
                    "probability": 0.9999784231185913
                },
                {
                    "word": " which",
                    "start": 7.78,
                    "end": 8.26,
                    "probability": 0.9999700784683228
                },
                {
                    "word": " is",
                    "start": 8.26,
                    "end": 8.48,
                    "probability": 0.9999980926513672
                },
                {
                    "word": " the",
                    "start": 8.48,
                    "end": 8.76,
                    "probability": 0.957832396030426
                },
                {
                    "word": " right",
                    "start": 8.76,
                    "end": 9.08,
                    "probability": 0.9999865293502808
                },
                {
                    "word": " tail",
                    "start": 9.08,
                    "end": 9.46,
                    "probability": 0.9996185302734375
                },
                {
                    "word": " is",
                    "start": 9.46,
                    "end": 9.7,
                    "probability": 0.9999905824661255
                },
                {
                    "word": " harder",
                    "start": 9.7,