{
    "text": " Thanks again.",
    "segments": [
        {
            "id": 0,
            "seek": 0,
            "start": 0.0,
            "end": 0.24,
            "text": " Thanks again.",
            "tokens": [
                50365,
                2561,
                797,
                13,
                50384
            ],
            "temperature": 0.0,
            "avg_logprob": -0.22789607445398966,
            "compression_ratio": 0.6190476190476191,
            "no_speech_prob": 0.009994463063776493,
            "words": [
                {
                    "word": " Thanks",
                    "start": 0.0,
                    "end": 0.12,
                    "probability": 0.9725505113601685
                },
                {
                    "word": " again.",
                    "start": 0.12,
                    "end": 0.24,
                    "probability": 0.9919272661209106
                }
            ]
        }
    ],
    "language": "en"
}