{
    "text": " ever.",
    "segments": [
        {
            "id": 0,
            "seek": 0,
            "start": 0.0,
            "end": 0.24,
            "text": " ever.",
            "tokens": [
                50365,
                1562,
                13,
                50401
            ],
            "temperature": 0.0,
            "avg_logprob": -0.2488187551498413,
            "compression_ratio": 0.38461538461538464,
            "no_speech_prob": 0.005996647756546736,
            "words": [
                {
                    "word": " ever.",
                    "start": 0.0,
                    "end": 0.24,
                    "probability": 0.6630455255508423
                }
            ]
        }
    ],
    "language": "en"
}