{
    "text": " With the expectation that longer term dividend swaps are going to have much more equity sensitivity and short term dividend swaps are going to be much more sensitive to immediate uncertainty in short term realized dividends. Can you provide a bit of intuition about how that risk profile changes based upon the length of the dividend swaps?",
    "segments": [
        {
            "id": 0,
            "seek": 0,
            "start": 0.0,
            "end": 13.96,
            "text": " With the expectation that longer term dividend swaps are going to have much more equity sensitivity and short term dividend swaps are going to be much more sensitive to immediate uncertainty in short term realized dividends.",
            "tokens": [
                50365,
                2022,
                264,
                14334,
                300,
                2854,
                1433,
                29796,
                1693,
                2382,
                366,
                516,
                281,
                362,
                709,
                544,
                10769,
                19392,
                293,
                2099,
                1433,
                29796,
                1693,
                2382,
                366,
                516,
                281,
                312,
                709,
                544,
                9477,
                281,
                11629,
                15697,
                294,
                2099,
                1433,
                5334,
                39675,
                13,
                51074
            ],
            "temperature": 0.0,
            "avg_logprob": -0.1052432558429775,
            "compression_ratio": 1.7708333333333333,
            "no_speech_prob": 0.00024535731063224375,
            "words": [
                {
                    "word": " With",
                    "start": 0.0,
                    "end": 0.12,
                    "probability": 0.9744715690612793
                },
                {
                    "word": " the",
                    "start": 0.12,
                    "end": 0.24,
                    "probability": 0.9999595880508423
                },
                {
                    "word": " expectation",
                    "start": 0.24,
                    "end": 0.78,
                    "probability": 0.9999806880950928
                },
                {
                    "word": " that",
                    "start": 0.78,
                    "end": 1.2,
                    "probability": 0.9999526739120483
                },
                {
                    "word": " longer",
                    "start": 1.2,
                    "end": 1.8,
                    "probability": 0.999762237071991
                },
                {
                    "word": " term",
                    "start": 1.8,
                    "end": 2.52,
                    "probability": 0.5960394740104675
                },
                {
                    "word": " dividend",
                    "start": 2.52,
                    "end": 2.9,
                    "probability": 0.9860231876373291
                },
                {
                    "word": " swaps",
                    "start": 2.9,
                    "end": 3.58,
                    "probability": 0.9997539818286896
                },
                {
                    "word": " are",
                    "start": 3.58,
                    "end": 3.76,
                    "probability": 0.9998750686645508
                },
                {
                    "word": " going",
                    "start": 3.76,
                    "end": 3.9,
                    "probability": 0.9961521029472351
                },
                {
                    "word": " to",
                    "start": 3.9,
                    "end": 4.06,
                    "probability": 0.9999864101409912
                },
                {
                    "word": " have",
                    "start": 4.06,
                    "end": 4.2,
                    "probability": 0.9999719858169556
                },
                {
                    "word": " much",
                    "start": 4.2,
                    "end": 4.46,
                    "probability": 0.9999290704727173
                },
                {
                    "word": " more",
                    "start": 4.46,
                    "end": 4.64,
                    "probability": 0.9999340772628784
                },
                {
                    "word": " equity",
                    "start": 4.64,
                    "end": 5.0,
                    "probability": 0.9999082088470459
                },
                {
                    "word": " sensitivity",
                    "start": 5.0,
                    "end": 5.54,
                    "probability": 0.9996122717857361
                },
                {
                    "word": " and",
                    "start": 5.54,
                    "end": 6.22,
                    "probability": 0.9588591456413269
                },
                {
                    "word": " short",
                    "start": 6.22,
                    "end": 6.72,
                    "probability": 0.9999842643737793
                },
                {
                    "word": " term",
                    "start": 6.72,
                    "end": 7.06,
                    "probability": 0.9813888669013977
                },
                {
                    "word": " dividend",
                    "start": 7.06,
                    "end": 7.52,
                    "probability": 0.9990981817245483
                },
                {
                    "word": " swaps",
                    "start": 7.52,
                    "end": 7.96,
                    "probability": 0.9999671578407288
                },
                {
                    "word": " are",
                    "start": 7.96,
                    "end": 8.14,
                    "probability": 0.9998388290405273
                },
                {
                    "word": " going",
                    "start": 8.14,
                    "end": 8.22,
                    "probability": 0.9998501539230347
                },
                {
                    "word": " to",
                    "start": 8.22,
                    "end": 8.34,
                    "probability": 0.9999430179595947
                },
                {
                    "word": " be",
                    "start": 8.34,
                    "end": 8.42,
                    "probability": 0.9999814033508301
                },
                {
                    "word": " much",
                    "start": 8.42,
                    "end": 8.64,
                    "probability": 0.9999163150787354
                },
                {
                    "word": " more",
                    "start": 8.64,
                    "end": 8.86,
                    "probability": 0.9999706745147705
                },
                {
                    "word": " sensitive",
                    "start": 8.86,
                    "end": 9.34,
                    "probability": 0.9997323155403137
                },
                {
                    "word": " to",
                    "start": 9.34,
                    "end": 10.2,
                    "probability": 0.9986065030097961
                },
                {
                    "word": " immediate",
                    "start": 10.2,
                    "end": 10.94,
                    "probability": 0.9998774528503418
                },
                {
                    "word": " uncertainty",
                    "start": 10.94,
                    "end": 11.66,