{
    "text": "",
    "segments": [
        {
            "id": 0,
            "seek": 0,
            "start": -0.02,
            "end": -0.02,
            "text": "",
            "tokens": [],
            "temperature": 0.0,
            "avg_logprob": -0.9670167922973633,
            "compression_ratio": 0.38461538461538464,
            "no_speech_prob": 0.9072995185852051,
            "words": []
        }
    ],
    "language": "en"
}