{
    "text": " How did that work?",
    "segments": [
        {
            "id": 0,
            "seek": 0,
            "start": 0.0,
            "end": 0.32,
            "text": " How did that work?",
            "tokens": [
                50365,
                1012,
                630,
                300,
                589,
                30,
                50383
            ],
            "temperature": 0.0,
            "avg_logprob": -0.3676181137561798,
            "compression_ratio": 0.6923076923076923,
            "no_speech_prob": 0.024193711578845978,
            "words": [
                {
                    "word": " How",
                    "start": 0.0,
                    "end": 0.2,
                    "probability": 0.4039313793182373
                },
                {
                    "word": " did",
                    "start": 0.2,
                    "end": 0.24,
                    "probability": 0.862055778503418
                },
                {
                    "word": " that",
                    "start": 0.24,
                    "end": 0.32,
                    "probability": 0.7122535109519958
                },
                {
                    "word": " work?",
                    "start": 0.32,
                    "end": 0.32,
                    "probability": 0.23458971083164215
                }
            ]
        }
    ],
    "language": "en"
}