{
    "text": " far, far future.",
    "segments": [
        {
            "id": 0,
            "seek": 0,
            "start": 0.0,
            "end": 0.78,
            "text": " far, far future.",
            "tokens": [
                50365,
                1400,
                11,
                1400,
                2027,
                13,
                50414
            ],
            "temperature": 0.0,
            "avg_logprob": -0.29025155305862427,
            "compression_ratio": 0.6666666666666666,
            "no_speech_prob": 0.024324923753738403,
            "words": [
                {
                    "word": " far,",
                    "start": 0.0,
                    "end": 0.22,
                    "probability": 0.5632660984992981
                },
                {
                    "word": " far",
                    "start": 0.26,
                    "end": 0.5,
                    "probability": 0.9998884201049805
                },
                {
                    "word": " future.",
                    "start": 0.5,
                    "end": 0.78,
                    "probability": 0.99483323097229
                }
            ]
        }
    ],
    "language": "en"
}