{
    "text": " Can you...",
    "segments": [
        {
            "id": 0,
            "seek": 0,
            "start": 0.0,
            "end": 0.8,
            "text": " Can you...",
            "tokens": [
                50365,
                1664,
                291,
                485,
                50426
            ],
            "temperature": 0.0,
            "avg_logprob": -0.4591915210088094,
            "compression_ratio": 0.5555555555555556,
            "no_speech_prob": 0.8248178362846375,
            "words": [
                {
                    "word": " Can",
                    "start": 0.0,
                    "end": 0.42,
                    "probability": 0.8714355230331421
                },
                {
                    "word": " you...",
                    "start": 0.42,
                    "end": 0.8,
                    "probability": 0.8363787233829498
                }
            ]
        }
    ],
    "language": "en"
}