{
    "text": " Explode.",
    "segments": [
        {
            "id": 0,
            "seek": 0,
            "start": 0.0,
            "end": 0.32,
            "text": " Explode.",
            "tokens": [
                50365,
                12514,
                1429,
                13,
                50381
            ],
            "temperature": 0.0,
            "avg_logprob": -0.7478927771250407,
            "compression_ratio": 0.5,
            "no_speech_prob": 0.6313560605049133,
            "words": [
                {
                    "word": " Explode.",
                    "start": 0.0,
                    "end": 0.32,
                    "probability": 0.1547546535730362
                }
            ]
        }
    ],
    "language": "en"
}