{
    "text": " So is it fair to say that structural shifts in dividend growth expectations, so long as they're well-forecasted, or even cyclical shifts, so long as they're well-forecasted, shouldn't affect your ability to necessarily earn a premium? It's more you're susceptible to sudden changes in expectations. Yes.",
    "segments": [
        {
            "id": 0,
            "seek": 0,
            "start": 0.0,
            "end": 14.38,
            "text": " So is it fair to say that structural shifts in dividend growth expectations, so long as they're well-forecasted, or even cyclical shifts, so long as they're well-forecasted, shouldn't affect your ability to necessarily earn a premium?",
            "tokens": [
                50365,
                407,
                307,
                309,
                3143,
                281,
                584,
                300,
                15067,
                19201,
                294,
                29796,
                4599,
                9843,
                11,
                370,
                938,
                382,
                436,
                434,
                731,
                12,
                845,
                3734,
                292,
                11,
                420,
                754,
                19474,
                804,
                19201,
                11,
                370,
                938,
                382,
                436,
                434,
                731,
                12,
                845,
                3734,
                292,
                11,
                4659,
                380,
                3345,
                428,
                3485,
                281,
                4725,
                6012,
                257,
                12049,
                30,
                51088
            ],
            "temperature": 0.0,
            "avg_logprob": -0.08751106262207031,
            "compression_ratio": 1.6290322580645162,
            "no_speech_prob": 0.000263205380178988,
            "words": [
                {
                    "word": " So",
                    "start": 0.0,
                    "end": 0.24,
                    "probability": 0.8815872669219971
                },
                {
                    "word": " is",
                    "start": 0.24,
                    "end": 0.32,
                    "probability": 0.9361860752105713
                },
                {
                    "word": " it",
                    "start": 0.32,
                    "end": 0.46,
                    "probability": 0.9988905787467957
                },
                {
                    "word": " fair",
                    "start": 0.46,
                    "end": 0.72,
                    "probability": 0.9975468516349792
                },
                {
                    "word": " to",
                    "start": 0.72,
                    "end": 0.92,
                    "probability": 0.9996447563171387
                },
                {
                    "word": " say",
                    "start": 0.92,
                    "end": 1.16,
                    "probability": 0.9997960925102234
                },
                {
                    "word": " that",
                    "start": 1.16,
                    "end": 1.52,
                    "probability": 0.9981865286827087
                },
                {
                    "word": " structural",
                    "start": 1.52,
                    "end": 2.64,
                    "probability": 0.9949828386306763
                },
                {
                    "word": " shifts",
                    "start": 2.64,
                    "end": 3.44,
                    "probability": 0.9984201192855835
                },
                {
                    "word": " in",
                    "start": 3.44,
                    "end": 4.42,
                    "probability": 0.9870720505714417
                },
                {
                    "word": " dividend",
                    "start": 4.42,
                    "end": 4.78,
                    "probability": 0.9975470900535583
                },
                {
                    "word": " growth",
                    "start": 4.78,
                    "end": 5.0,
                    "probability": 0.9971574544906616
                },
                {
                    "word": " expectations,",
                    "start": 5.0,
                    "end": 5.78,
                    "probability": 0.9978458881378174
                },
                {
                    "word": " so",
                    "start": 6.04,
                    "end": 6.96,
                    "probability": 0.9961095452308655
                },
                {
                    "word": " long",
                    "start": 6.96,
                    "end": 7.14,
                    "probability": 0.9995222091674805
                },
                {
                    "word": " as",
                    "start": 7.14,
                    "end": 7.28,
                    "probability": 0.9989789724349976
                },
                {
                    "word": " they're",
                    "start": 7.28,
                    "end": 7.42,
                    "probability": 0.995956689119339
                },
                {
                    "word": " well",
                    "start": 7.42,
                    "end": 7.62,
                    "probability": 0.9993565678596497
                },
                {
                    "word": "-forecasted,",
                    "start": 7.62,
                    "end": 8.3,
                    "probability": 0.8373901322484016
                },
                {
                    "word": " or",
                    "start": 8.3,
                    "end": 8.38,
                    "probability": 0.9953703284263611
                },
                {
                    "word": " even",
                    "start": 8.38,
                    "end": 8.48,
                    "probability": 0.9991233944892883
                },
                {
                    "word": " cyclical",
                    "start": 8.48,
                    "end": 8.98,
                    "probability": 0.9995070099830627
                },
                {
                    "word": " shifts,",
                    "start": 8.98,
                    "end": 9.26,
                    "probability": 0.9979283809661865
                },
                {
                    "word": " so",
                    "start": 9.36,
                    "end": 9.54,
                    "probability": 0.9983474016189575
                },
                {
                    "word": " long",
                    "start": 9.54,
                    "end": 9.7,
                    "probability": 0.9998561143875122
                },
                {
                    "word": " as",
                    "start": 9.7,
                    "end": 9.96,
                    "probability": 0.9989013671875
                },
                {
                    "word": " they're",
                    "start": 9.96,
                    "end": 10.36,
                    "probability": 0.9992117583751678
                },
                {
                    "word": " well",
                    "start": 10.36,
                    "end": 10.6,
                    "probability": 0.9996820688247681
                },
                {
                    "word": "-forecasted,",
                    "start": 10.6,
                    "end": 11.46,
                    "probability": 0.9965071082115173
                },
                {
                    "word": " shouldn't",
                    "start": 11.46,
                    "end": 12.32,