{
    "text": " Oh.",
    "segments": [
        {
            "id": 0,
            "seek": 0,
            "start": 0.0,
            "end": 0.16,
            "text": " Oh.",
            "tokens": [
                50365,
                876,
                13,
                50383
            ],
            "temperature": 0.0,
            "avg_logprob": -0.626203966140747,
            "compression_ratio": 0.2727272727272727,
            "no_speech_prob": 0.3034648597240448,
            "words": [
                {
                    "word": " Oh.",
                    "start": 0.0,
                    "end": 0.16,
                    "probability": 0.6681177020072937
                }
            ]
        }
    ],
    "language": "en"
}