{
    "text": " Okay.",
    "segments": [
        {
            "id": 0,
            "seek": 0,
            "start": 0.0,
            "end": 0.36,
            "text": " Okay.",
            "tokens": [
                50365,
                1033,
                13,
                50415
            ],
            "temperature": 0.0,
            "avg_logprob": -0.2995360612869263,
            "compression_ratio": 0.38461538461538464,
            "no_speech_prob": 0.03604069724678993,
            "words": [
                {
                    "word": " Okay.",
                    "start": 0.0,
                    "end": 0.36,
                    "probability": 0.20431333780288696
                }
            ]
        }
    ],
    "language": "en"
}