{
    "text": " Okay, I got it.",
    "segments": [
        {
            "id": 0,
            "seek": 0,
            "start": 0.0,
            "end": 0.66,
            "text": " Okay, I got it.",
            "tokens": [
                50365,
                1033,
                11,
                286,
                658,
                309,
                13,
                50400
            ],
            "temperature": 0.0,
            "avg_logprob": -0.2916022141774495,
            "compression_ratio": 0.6521739130434783,
            "no_speech_prob": 0.017957115545868874,
            "words": [
                {
                    "word": " Okay,",
                    "start": 0.0,
                    "end": 0.26,
                    "probability": 0.6898287534713745
                },
                {
                    "word": " I",
                    "start": 0.26,
                    "end": 0.36,
                    "probability": 0.35768774151802063
                },
                {
                    "word": " got",
                    "start": 0.36,
                    "end": 0.5,
                    "probability": 0.8081309795379639
                },
                {
                    "word": " it.",
                    "start": 0.5,
                    "end": 0.66,
                    "probability": 0.8616927266120911
                }
            ]
        }
    ],
    "language": "en"
}