{
    "text": " So",
    "segments": [
        {
            "id": 0,
            "seek": 0,
            "start": 0.0,
            "end": 0.42,
            "text": " So",
            "tokens": [
                50365,
                407,
                50390
            ],
            "temperature": 0.0,
            "avg_logprob": -0.3012339174747467,
            "compression_ratio": 0.2,
            "no_speech_prob": 0.21948927640914917,
            "words": [
                {
                    "word": " So",
                    "start": 0.0,
                    "end": 0.42,
                    "probability": 0.42002037167549133
                }
            ]
        }
    ],
    "language": "en"
}