{
    "text": " Pleasure, man.",
    "segments": [
        {
            "id": 0,
            "seek": 0,
            "start": 0.0,
            "end": 0.38,
            "text": " Pleasure, man.",
            "tokens": [
                50365,
                25658,
                2508,
                11,
                587,
                13,
                50398
            ],
            "temperature": 0.0,
            "avg_logprob": -0.11090913414955139,
            "compression_ratio": 0.6363636363636364,
            "no_speech_prob": 0.014225831255316734,
            "words": [
                {
                    "word": " Pleasure,",
                    "start": 0.0,
                    "end": 0.24,
                    "probability": 0.9337367713451385
                },
                {
                    "word": " man.",
                    "start": 0.26,
                    "end": 0.38,
                    "probability": 0.9998871088027954
                }
            ]
        }
    ],
    "language": "en"
}