{
    "text": " Okay.",
    "segments": [
        {
            "id": 0,
            "seek": 0,
            "start": 0.0,
            "end": 0.08,
            "text": " Okay.",
            "tokens": [
                50365,
                1033,
                13,
                50370
            ],
            "temperature": 0.0,
            "avg_logprob": -0.3796097755432129,
            "compression_ratio": 0.38461538461538464,
            "no_speech_prob": 0.8712785243988037,
            "words": [
                {
                    "word": " Okay.",
                    "start": 0.0,
                    "end": 0.08,
                    "probability": 0.47337669134140015
                }
            ]
        }
    ],
    "language": "en"
}