{
    "text": " of Jiminy.",
    "segments": [
        {
            "id": 0,
            "seek": 0,
            "start": 0.0,
            "end": 0.18,
            "text": " of Jiminy.",
            "tokens": [
                50365,
                295,
                6637,
                3519,
                13,
                50382
            ],
            "temperature": 0.0,
            "avg_logprob": -0.8507896150861468,
            "compression_ratio": 0.5555555555555556,
            "no_speech_prob": 0.07168564200401306,
            "words": [
                {
                    "word": " of",
                    "start": 0.0,
                    "end": 0.14,
                    "probability": 0.39115336537361145
                },
                {
                    "word": " Jiminy.",
                    "start": 0.14,
                    "end": 0.18,
                    "probability": 0.09866385161876678
                }
            ]
        }
    ],
    "language": "en"
}