{
    "text": " Yep.",
    "segments": [
        {
            "id": 0,
            "seek": 0,
            "start": 0.0,
            "end": 0.08,
            "text": " Yep.",
            "tokens": [
                50365,
                7010,
                13,
                50381
            ],
            "temperature": 0.0,
            "avg_logprob": -0.5404966354370118,
            "compression_ratio": 0.3333333333333333,
            "no_speech_prob": 0.08423124998807907,
            "words": [
                {
                    "word": " Yep.",
                    "start": 0.0,
                    "end": 0.08,
                    "probability": 0.6507822871208191
                }
            ]
        }
    ],
    "language": "en"
}