{
    "text": " Yeah.",
    "segments": [
        {
            "id": 0,
            "seek": 0,
            "start": 0.0,
            "end": 0.22,
            "text": " Yeah.",
            "tokens": [
                50365,
                865,
                13,
                50389
            ],
            "temperature": 0.0,
            "avg_logprob": -0.3266887664794922,
            "compression_ratio": 0.38461538461538464,
            "no_speech_prob": 0.01700829528272152,
            "words": [
                {
                    "word": " Yeah.",
                    "start": 0.0,
                    "end": 0.22,
                    "probability": 0.28118079900741577
                }
            ]
        }
    ],
    "language": "en"
}