{
    "text": " I don't know.",
    "segments": [
        {
            "id": 0,
            "seek": 0,
            "start": 0.0,
            "end": 0.02,
            "text": " I don't know.",
            "tokens": [
                50365,
                286,
                500,
                380,
                458,
                13,
                50367
            ],
            "temperature": 0.0,
            "avg_logprob": -0.7750888466835022,
            "compression_ratio": 0.6190476190476191,
            "no_speech_prob": 0.8923320174217224,
            "words": [
                {
                    "word": " I",
                    "start": 0.0,
                    "end": 0.02,
                    "probability": 0.13679435849189758
                },
                {
                    "word": " don't",
                    "start": 0.02,
                    "end": 0.02,
                    "probability": 0.5517987534403801
                },
                {
                    "word": " know.",
                    "start": 0.02,
                    "end": 0.02,
                    "probability": 0.7474568486213684
                }
            ]
        }
    ],
    "language": "en"
}