{
    "text": " 2015 still.",
    "segments": [
        {
            "id": 0,
            "seek": 0,
            "start": 0.0,
            "end": 0.46,
            "text": " 2015 still.",
            "tokens": [
                50365,
                7546,
                920,
                13,
                50394
            ],
            "temperature": 0.0,
            "avg_logprob": -0.4575892686843872,
            "compression_ratio": 0.5789473684210527,
            "no_speech_prob": 0.04870007932186127,
            "words": [
                {
                    "word": " 2015",
                    "start": 0.0,
                    "end": 0.3,
                    "probability": 0.16403459012508392
                },
                {
                    "word": " still.",
                    "start": 0.3,
                    "end": 0.46,
                    "probability": 0.9436851739883423
                }
            ]
        }
    ],
    "language": "en"
}