{
    "text": " Get 11.",
    "segments": [
        {
            "id": 0,
            "seek": 0,
            "start": 0.0,
            "end": 0.34,
            "text": " Get 11.",
            "tokens": [
                50365,
                3240,
                2975,
                13,
                50391
            ],
            "temperature": 0.0,
            "avg_logprob": -0.20570292075475058,
            "compression_ratio": 0.4666666666666667,
            "no_speech_prob": 0.0025087425019592047,
            "words": [
                {
                    "word": " Get",
                    "start": 0.0,
                    "end": 0.14,
                    "probability": 0.8021306991577148
                },
                {
                    "word": " 11.",
                    "start": 0.14,
                    "end": 0.34,
                    "probability": 0.8470869660377502
                }
            ]
        }
    ],
    "language": "en"
}