{
    "text": " I appreciate that. And I should mention that you and I actually had this scheduled before Simplify said that they would sponsor the season. So this is not like a quid pro quo. I'm very excited to have this conversation.",
    "segments": [
        {
            "id": 0,
            "seek": 0,
            "start": 0.0,
            "end": 11.12,
            "text": " I appreciate that. And I should mention that you and I actually had this scheduled before Simplify said that they would sponsor the season. So this is not like a quid pro quo. I'm very excited to have this conversation.",
            "tokens": [
                50365,
                286,
                4449,
                300,
                13,
                400,
                286,
                820,
                2152,
                300,
                291,
                293,
                286,
                767,
                632,
                341,
                15678,
                949,
                3998,
                564,
                2505,
                848,
                300,
                436,
                576,
                16198,
                264,
                3196,
                13,
                407,
                341,
                307,
                406,
                411,
                257,
                421,
                327,
                447,
                28425,
                13,
                286,
                478,
                588,
                2919,
                281,
                362,
                341,
                3761,
                13,
                50943
            ],
            "temperature": 0.0,
            "avg_logprob": -0.08053012922698376,
            "compression_ratio": 1.422077922077922,
            "no_speech_prob": 0.019699785858392715,
            "words": [
                {
                    "word": " I",
                    "start": 0.0,
                    "end": 0.18,
                    "probability": 0.9766315817832947
                },
                {
                    "word": " appreciate",
                    "start": 0.18,
                    "end": 0.64,
                    "probability": 0.9998819828033447
                },
                {
                    "word": " that.",
                    "start": 0.64,
                    "end": 0.96,
                    "probability": 0.9999783039093018
                },
                {
                    "word": " And",
                    "start": 1.02,
                    "end": 1.08,
                    "probability": 0.9656278491020203
                },
                {
                    "word": " I",
                    "start": 1.08,
                    "end": 1.14,
                    "probability": 0.9998986721038818
                },
                {
                    "word": " should",
                    "start": 1.14,
                    "end": 1.32,
                    "probability": 0.9999738931655884
                },
                {
                    "word": " mention",
                    "start": 1.32,
                    "end": 1.68,
                    "probability": 0.9999547004699707
                },
                {
                    "word": " that",
                    "start": 1.68,
                    "end": 2.46,
                    "probability": 0.9996262788772583
                },
                {
                    "word": " you",
                    "start": 2.46,
                    "end": 3.02,
                    "probability": 0.9999576807022095
                },
                {
                    "word": " and",
                    "start": 3.02,
                    "end": 3.14,
                    "probability": 0.9999858140945435
                },
                {
                    "word": " I",
                    "start": 3.14,
                    "end": 3.26,
                    "probability": 0.999996542930603
                },
                {
                    "word": " actually",
                    "start": 3.26,
                    "end": 3.52,
                    "probability": 0.9999783039093018
                },
                {
                    "word": " had",
                    "start": 3.52,
                    "end": 3.74,
                    "probability": 0.9999959468841553
                },
                {
                    "word": " this",
                    "start": 3.74,
                    "end": 3.94,
                    "probability": 0.9999954700469971
                },
                {
                    "word": " scheduled",
                    "start": 3.94,
                    "end": 4.34,
                    "probability": 0.999963641166687
                },
                {
                    "word": " before",
                    "start": 4.34,
                    "end": 4.78,
                    "probability": 0.9999574422836304
                },
                {
                    "word": " Simplify",
                    "start": 4.78,
                    "end": 6.0,
                    "probability": 0.9866780042648315
                },
                {
                    "word": " said",
                    "start": 6.0,
                    "end": 6.38,
                    "probability": 0.9997474551200867
                },
                {
                    "word": " that",
                    "start": 6.38,
                    "end": 6.56,
                    "probability": 0.9999268054962158
                },
                {
                    "word": " they",
                    "start": 6.56,
                    "end": 6.7,
                    "probability": 0.9999902248382568
                },
                {
                    "word": " would",
                    "start": 6.7,
                    "end": 6.82,
                    "probability": 0.9999969005584717
                },
                {
                    "word": " sponsor",
                    "start": 6.82,
                    "end": 7.12,
                    "probability": 0.9999456405639648
                },
                {
                    "word": " the",
                    "start": 7.12,
                    "end": 7.34,
                    "probability": 0.9996117949485779
                },
                {
                    "word": " season.",
                    "start": 7.34,
                    "end": 7.62,
                    "probability": 0.999976396560669
                },
                {
                    "word": " So",
                    "start": 7.72,
                    "end": 7.82,
                    "probability": 0.9989268183708191
                },
                {
                    "word": " this",
                    "start": 7.82,
                    "end": 7.94,
                    "probability": 0.9424765706062317
                },
                {
                    "word": " is",
                    "start": 7.94,
                    "end": 8.06,
                    "probability": 0.9999979734420776
                },
                {
                    "word": " not",
                    "start": 8.06,
                    "end": 8.24,
                    "probability": 0.9999924898147583
                },
                {
                    "word": " like",
                    "start": 8.24,
                    "end": 8.46,
                    "probability": 0.9991506338119507
                },
                {
                    "word": " a",
                    "start": 8.46,
                    "end": 8.56,
                    "probability": 0.9999896287918091
                },
                {
                    "word": " quid",
                    "start": 8.56,
                    "end": 8.92,