{
    "text": " Yeah.",
    "segments": [
        {
            "id": 0,
            "seek": 0,
            "start": 0.0,
            "end": 0.1,
            "text": " Yeah.",
            "tokens": [
                50365,
                865,
                13,
                50377
            ],
            "temperature": 0.0,
            "avg_logprob": -0.29565930366516113,
            "compression_ratio": 0.38461538461538464,
            "no_speech_prob": 0.16834591329097748,
            "words": [
                {
                    "word": " Yeah.",
                    "start": 0.0,
                    "end": 0.1,
                    "probability": 0.7542586922645569
                }
            ]
        }
    ],
    "language": "en"
}