{
    "text": " I still take that.",
    "segments": [
        {
            "id": 0,
            "seek": 0,
            "start": 0.0,
            "end": 0.44,
            "text": " I still take that.",
            "tokens": [
                50365,
                286,
                920,
                747,
                300,
                13,
                50396
            ],
            "temperature": 0.0,
            "avg_logprob": -0.17025285959243774,
            "compression_ratio": 0.6923076923076923,
            "no_speech_prob": 0.010151373222470284,
            "words": [
                {
                    "word": " I",
                    "start": 0.0,
                    "end": 0.04,
                    "probability": 0.8469934463500977
                },
                {
                    "word": " still",
                    "start": 0.04,
                    "end": 0.14,
                    "probability": 0.9498204588890076
                },
                {
                    "word": " take",
                    "start": 0.14,
                    "end": 0.3,
                    "probability": 0.9987565279006958
                },
                {
                    "word": " that.",
                    "start": 0.3,
                    "end": 0.44,
                    "probability": 0.9991160035133362
                }
            ]
        }
    ],
    "language": "en"
}