{
    "text": " Yep.",
    "segments": [
        {
            "id": 0,
            "seek": 0,
            "start": 0.0,
            "end": 0.16,
            "text": " Yep.",
            "tokens": [
                50365,
                7010,
                13,
                50389
            ],
            "temperature": 0.0,
            "avg_logprob": -0.3062433242797852,
            "compression_ratio": 0.3333333333333333,
            "no_speech_prob": 0.04010362923145294,
            "words": [
                {
                    "word": " Yep.",
                    "start": 0.0,
                    "end": 0.16,
                    "probability": 0.7293910980224609
                }
            ]
        }
    ],
    "language": "en"
}