{
    "text": " Yes.",
    "segments": [
        {
            "id": 0,
            "seek": 0,
            "start": 0.0,
            "end": 0.14,
            "text": " Yes.",
            "tokens": [
                50365,
                1079,
                13,
                50375
            ],
            "temperature": 0.0,
            "avg_logprob": -0.44778194427490237,
            "compression_ratio": 0.3333333333333333,
            "no_speech_prob": 0.6286926865577698,
            "words": [
                {
                    "word": " Yes.",
                    "start": 0.0,
                    "end": 0.14,
                    "probability": 0.24049696326255798
                }
            ]
        }
    ],
    "language": "en"
}