{
    "text": " No.",
    "segments": [
        {
            "id": 0,
            "seek": 0,
            "start": 0.0,
            "end": 0.14,
            "text": " No.",
            "tokens": [
                50365,
                883,
                13,
                50373
            ],
            "temperature": 0.0,
            "avg_logprob": -0.5650304794311524,
            "compression_ratio": 0.2727272727272727,
            "no_speech_prob": 0.6389186382293701,
            "words": [
                {
                    "word": " No.",
                    "start": 0.0,
                    "end": 0.14,
                    "probability": 0.09198576956987381
                }
            ]
        }
    ],
    "language": "en"
}