{
    "text": " Probably not happening.",
    "segments": [
        {
            "id": 0,
            "seek": 0,
            "start": 0.0,
            "end": 0.68,
            "text": " Probably not happening.",
            "tokens": [
                50365,
                9210,
                406,
                2737,
                13,
                50415
            ],
            "temperature": 0.0,
            "avg_logprob": -0.09100134032113212,
            "compression_ratio": 0.7419354838709677,
            "no_speech_prob": 0.0021471241489052773,
            "words": [
                {
                    "word": " Probably",
                    "start": 0.0,
                    "end": 0.3,
                    "probability": 0.8221272826194763
                },
                {
                    "word": " not",
                    "start": 0.3,
                    "end": 0.44,
                    "probability": 0.9995465874671936
                },
                {
                    "word": " happening.",
                    "start": 0.44,
                    "end": 0.68,
                    "probability": 0.99949049949646
                }
            ]
        }
    ],
    "language": "en"
}