{
    "text": " It's a sin.",
    "segments": [
        {
            "id": 0,
            "seek": 0,
            "start": 0.0,
            "end": 0.2,
            "text": " It's a sin.",
            "tokens": [
                50365,
                467,
                311,
                257,
                3343,
                13,
                50379
            ],
            "temperature": 0.0,
            "avg_logprob": -0.8121242523193359,
            "compression_ratio": 0.5789473684210527,
            "no_speech_prob": 0.90976881980896,
            "words": [
                {
                    "word": " It's",
                    "start": 0.0,
                    "end": 0.1,
                    "probability": 0.48922153376042843
                },
                {
                    "word": " a",
                    "start": 0.1,
                    "end": 0.12,
                    "probability": 0.34743988513946533
                },
                {
                    "word": " sin.",
                    "start": 0.12,
                    "end": 0.2,
                    "probability": 0.18818163871765137
                }
            ]
        }
    ],
    "language": "en"
}