{
    "text": " Yeah.",
    "segments": [
        {
            "id": 0,
            "seek": 0,
            "start": 0.0,
            "end": 0.04,
            "text": " Yeah.",
            "tokens": [
                50365,
                865,
                13,
                50368
            ],
            "temperature": 0.0,
            "avg_logprob": -0.4982781887054443,
            "compression_ratio": 0.38461538461538464,
            "no_speech_prob": 0.755358874797821,
            "words": [
                {
                    "word": " Yeah.",
                    "start": 0.0,
                    "end": 0.04,
                    "probability": 0.29122641682624817
                }
            ]
        }
    ],
    "language": "en"
}