{
    "text": " character",
    "segments": [
        {
            "id": 0,
            "seek": 0,
            "start": 0.0,
            "end": 0.2,
            "text": " character",
            "tokens": [
                50365,
                2517,
                50376
            ],
            "temperature": 0.0,
            "avg_logprob": -0.04412142187356949,
            "compression_ratio": 0.5294117647058824,
            "no_speech_prob": 0.005323796533048153,
            "words": [
                {
                    "word": " character",
                    "start": 0.0,
                    "end": 0.2,
                    "probability": 0.8428235650062561
                }
            ]
        }
    ],
    "language": "en"
}