{
    "text": " can be pretty,",
    "segments": [
        {
            "id": 0,
            "seek": 0,
            "start": 0.0,
            "end": 0.38,
            "text": " can be pretty,",
            "tokens": [
                50365,
                393,
                312,
                1238,
                11,
                50404
            ],
            "temperature": 0.0,
            "avg_logprob": -0.6271416800362724,
            "compression_ratio": 0.6363636363636364,
            "no_speech_prob": 0.1016528308391571,
            "words": [
                {
                    "word": " can",
                    "start": 0.0,
                    "end": 0.16,
                    "probability": 0.08386677503585815
                },
                {
                    "word": " be",
                    "start": 0.16,
                    "end": 0.24,
                    "probability": 0.9969030022621155
                },
                {
                    "word": " pretty,",
                    "start": 0.24,
                    "end": 0.38,
                    "probability": 0.9231696128845215
                }
            ]
        }
    ],
    "language": "en"
}