{
    "text": " I'm out.",
    "segments": [
        {
            "id": 0,
            "seek": 0,
            "start": 0.0,
            "end": 0.02,
            "text": " I'm out.",
            "tokens": [
                50365,
                286,
                478,
                484,
                13,
                50367
            ],
            "temperature": 0.0,
            "avg_logprob": -0.9863836424691337,
            "compression_ratio": 0.5,
            "no_speech_prob": 0.9312273859977722,
            "words": [
                {
                    "word": " I'm",
                    "start": 0.0,
                    "end": 0.02,
                    "probability": 0.1961527280509472
                },
                {
                    "word": " out.",
                    "start": 0.02,
                    "end": 0.02,
                    "probability": 0.2290312647819519
                }
            ]
        }
    ],
    "language": "en"
}