{
    "text": " I think",
    "segments": [
        {
            "id": 0,
            "seek": 0,
            "start": 0.0,
            "end": 0.16,
            "text": " I think",
            "tokens": [
                50365,
                286,
                519,
                50377
            ],
            "temperature": 0.0,
            "avg_logprob": -0.24173848628997802,
            "compression_ratio": 0.4666666666666667,
            "no_speech_prob": 0.16252653300762177,
            "words": [
                {
                    "word": " I",
                    "start": 0.0,
                    "end": 0.12,
                    "probability": 0.5574979782104492
                },
                {
                    "word": " think",
                    "start": 0.12,
                    "end": 0.16,
                    "probability": 0.8032248616218567
                }
            ]
        }
    ],
    "language": "en"
}