{
    "text": " This was about",
    "segments": [
        {
            "id": 0,
            "seek": 0,
            "start": 0.0,
            "end": 0.4,
            "text": " This was about",
            "tokens": [
                50365,
                639,
                390,
                466,
                50407
            ],
            "temperature": 0.0,
            "avg_logprob": -0.10629996657371521,
            "compression_ratio": 0.6363636363636364,
            "no_speech_prob": 0.025793062523007393,
            "words": [
                {
                    "word": " This",
                    "start": 0.0,
                    "end": 0.08,
                    "probability": 0.6324189305305481
                },
                {
                    "word": " was",
                    "start": 0.08,
                    "end": 0.18,
                    "probability": 0.9834511280059814
                },
                {
                    "word": " about",
                    "start": 0.18,
                    "end": 0.4,
                    "probability": 0.9184975624084473
                }
            ]
        }
    ],
    "language": "en"
}