{
    "text": " you",
    "segments": [
        {
            "id": 0,
            "seek": 0,
            "start": 0.0,
            "end": 0.12,
            "text": " you",
            "tokens": [
                50365,
                291,
                50468
            ],
            "temperature": 0.0,
            "avg_logprob": -0.9582341909408569,
            "compression_ratio": 0.2727272727272727,
            "no_speech_prob": 0.8369647264480591,
            "words": [
                {
                    "word": " you",
                    "start": 0.0,
                    "end": 0.12,
                    "probability": 0.3474345803260803
                }
            ]
        }
    ],
    "language": "en"
}