{
    "text": " We'll be right back.",
    "segments": [
        {
            "id": 0,
            "seek": 0,
            "start": 0.0,
            "end": 0.08,
            "text": " We'll be right back.",
            "tokens": [
                50365,
                492,
                603,
                312,
                558,
                646,
                13,
                50370
            ],
            "temperature": 0.2,
            "avg_logprob": -0.7094723913404677,
            "compression_ratio": 0.7142857142857143,
            "no_speech_prob": 0.40349194407463074,
            "words": [
                {
                    "word": " We'll",
                    "start": 0.0,
                    "end": 0.08,
                    "probability": 0.16892904043197632
                },
                {
                    "word": " be",
                    "start": 0.08,
                    "end": 0.08,
                    "probability": 0.4409656226634979
                },
                {
                    "word": " right",
                    "start": 0.08,
                    "end": 0.08,
                    "probability": 0.941462516784668
                },
                {
                    "word": " back.",
                    "start": 0.08,
                    "end": 0.08,
                    "probability": 0.9965985417366028
                }
            ]
        }
    ],
    "language": "en"
}