{
    "text": " Thank you.",
    "segments": [
        {
            "id": 0,
            "seek": 0,
            "start": 0.0,
            "end": 0.06,
            "text": " Thank you.",
            "tokens": [
                50365,
                1044,
                291,
                13,
                50368
            ],
            "temperature": 0.0,
            "avg_logprob": -0.5583775440851847,
            "compression_ratio": 0.5555555555555556,
            "no_speech_prob": 0.952150285243988,
            "words": [
                {
                    "word": " Thank",
                    "start": 0.0,
                    "end": 0.06,
                    "probability": 0.13830702006816864
                },
                {
                    "word": " you.",
                    "start": 0.06,
                    "end": 0.06,
                    "probability": 0.9980387091636658
                }
            ]
        }
    ],
    "language": "en"
}