{
    "text": " definition",
    "segments": [
        {
            "id": 0,
            "seek": 0,
            "start": 0.0,
            "end": 0.24,
            "text": " definition",
            "tokens": [
                50365,
                7123,
                50390
            ],
            "temperature": 0.0,
            "avg_logprob": -0.3032751679420471,
            "compression_ratio": 0.5555555555555556,
            "no_speech_prob": 0.021927256137132645,
            "words": [
                {
                    "word": " definition",
                    "start": 0.0,
                    "end": 0.24,
                    "probability": 0.4089648723602295
                }
            ]
        }
    ],
    "language": "en"
}