{
    "text": " You can.",
    "segments": [
        {
            "id": 0,
            "seek": 0,
            "start": 0.0,
            "end": 0.32,
            "text": " You can.",
            "tokens": [
                50365,
                509,
                393,
                13,
                50397
            ],
            "temperature": 0.0,
            "avg_logprob": -0.18860459327697754,
            "compression_ratio": 0.5,
            "no_speech_prob": 0.013387514278292656,
            "words": [
                {
                    "word": " You",
                    "start": 0.0,
                    "end": 0.12,
                    "probability": 0.6563683748245239
                },
                {
                    "word": " can.",
                    "start": 0.12,
                    "end": 0.32,
                    "probability": 0.9961720108985901
                }
            ]
        }
    ],
    "language": "en"
}