{
    "text": " Yeah.",
    "segments": [
        {
            "id": 0,
            "seek": 0,
            "start": 0.0,
            "end": 0.02,
            "text": " Yeah.",
            "tokens": [
                50365,
                865,
                13,
                50368
            ],
            "temperature": 0.0,
            "avg_logprob": -0.9744528770446778,
            "compression_ratio": 0.38461538461538464,
            "no_speech_prob": 0.9699519276618958,
            "words": [
                {
                    "word": " Yeah.",
                    "start": 0.0,
                    "end": 0.02,
                    "probability": 0.1090659499168396
                }
            ]
        }
    ],
    "language": "en"
}