{
    "text": " So last question for you, 2020 has been a bit of a strange year and continues to be a strange year for a lot of people, perhaps not the happy and uplifting year we were all hoping it would be at the turn. But looking forward, what are you excited about, either personally or professionally? What are you looking forward to?",
    "segments": [
        {
            "id": 0,
            "seek": 0,
            "start": 0.0,
            "end": 10.5,
            "text": " So last question for you, 2020 has been a bit of a strange year and continues to be a strange year for a lot of people, perhaps not the happy and uplifting year we were all hoping it would be at the turn.",
            "tokens": [
                50365,
                407,
                1036,
                1168,
                337,
                291,
                11,
                4808,
                575,
                668,
                257,
                857,
                295,
                257,
                5861,
                1064,
                293,
                6515,
                281,
                312,
                257,
                5861,
                1064,
                337,
                257,
                688,
                295,
                561,
                11,
                4317,
                406,
                264,
                2055,
                293,
                493,
                34724,
                1064,
                321,
                645,
                439,
                7159,
                309,
                576,
                312,
                412,
                264,
                1261,
                13,
                50897
            ],
            "temperature": 0.0,
            "avg_logprob": -0.12628210218329178,
            "compression_ratio": 1.615,
            "no_speech_prob": 0.0008036484359763563,
            "words": [
                {
                    "word": " So",
                    "start": 0.0,
                    "end": 0.1,
                    "probability": 0.6404351592063904
                },
                {
                    "word": " last",
                    "start": 0.1,
                    "end": 0.26,
                    "probability": 0.9078061580657959
                },
                {
                    "word": " question",
                    "start": 0.26,
                    "end": 0.72,
                    "probability": 0.9996029734611511
                },
                {
                    "word": " for",
                    "start": 0.72,
                    "end": 0.96,
                    "probability": 0.9981933236122131
                },
                {
                    "word": " you,",
                    "start": 0.96,
                    "end": 1.18,
                    "probability": 0.9488050937652588
                },
                {
                    "word": " 2020",
                    "start": 1.24,
                    "end": 1.88,
                    "probability": 0.9949524402618408
                },
                {
                    "word": " has",
                    "start": 1.88,
                    "end": 2.46,
                    "probability": 0.9943369030952454
                },
                {
                    "word": " been",
                    "start": 2.46,
                    "end": 2.78,
                    "probability": 0.9995892643928528
                },
                {
                    "word": " a",
                    "start": 2.78,
                    "end": 3.18,
                    "probability": 0.9961382746696472
                },
                {
                    "word": " bit",
                    "start": 3.18,
                    "end": 3.36,
                    "probability": 0.9996628761291504
                },
                {
                    "word": " of",
                    "start": 3.36,
                    "end": 3.46,
                    "probability": 0.9997538924217224
                },
                {
                    "word": " a",
                    "start": 3.46,
                    "end": 3.52,
                    "probability": 0.9994770884513855
                },
                {
                    "word": " strange",
                    "start": 3.52,
                    "end": 3.8,
                    "probability": 0.9990329742431641
                },
                {
                    "word": " year",
                    "start": 3.8,
                    "end": 4.14,
                    "probability": 0.9995642304420471
                },
                {
                    "word": " and",
                    "start": 4.14,
                    "end": 4.32,
                    "probability": 0.9652969241142273
                },
                {
                    "word": " continues",
                    "start": 4.32,
                    "end": 4.66,
                    "probability": 0.9978927969932556
                },
                {
                    "word": " to",
                    "start": 4.66,
                    "end": 4.88,
                    "probability": 0.9996930360794067
                },
                {
                    "word": " be",
                    "start": 4.88,
                    "end": 5.02,
                    "probability": 0.9998927116394043
                },
                {
                    "word": " a",
                    "start": 5.02,
                    "end": 5.12,
                    "probability": 0.9985332489013672
                },
                {
                    "word": " strange",
                    "start": 5.12,
                    "end": 5.38,
                    "probability": 0.9985617995262146
                },
                {
                    "word": " year",
                    "start": 5.38,
                    "end": 5.6,
                    "probability": 0.9989755153656006
                },
                {
                    "word": " for",
                    "start": 5.6,
                    "end": 5.78,
                    "probability": 0.9978050589561462
                },
                {
                    "word": " a",
                    "start": 5.78,
                    "end": 5.84,
                    "probability": 0.999729573726654
                },
                {
                    "word": " lot",
                    "start": 5.84,
                    "end": 6.0,
                    "probability": 0.9967650175094604
                },
                {
                    "word": " of",
                    "start": 6.0,
                    "end": 6.1,
                    "probability": 0.999081015586853
                },
                {
                    "word": " people,",
                    "start": 6.1,
                    "end": 6.4,
                    "probability": 0.9997778534889221
                },
                {
                    "word": " perhaps",
                    "start": 6.44,
                    "end": 6.76,
                    "probability": 0.9991293549537659
                },
                {
                    "word": " not",
                    "start": 6.76,
                    "end": 7.08,
                    "probability": 0.9961953163146973
                },
                {
                    "word": " the",
                    "start": 7.08,
                    "end": 7.48,
                    "probability": 0.99086993932724
                },
                {
                    "word": " happy",
                    "start": 7.48,
                    "end": 7.98,
                    "probability": 0.9984921216964722
                },
                {
                    "word": " and",
                    "start": 7.98,
                    "end": 8.1,