{
    "text": " Well,",
    "segments": [
        {
            "id": 0,
            "seek": 0,
            "start": 0.0,
            "end": 0.02,
            "text": " Well,",
            "tokens": [
                50365,
                1042,
                11,
                50368
            ],
            "temperature": 0.0,
            "avg_logprob": -0.9986350059509277,
            "compression_ratio": 0.38461538461538464,
            "no_speech_prob": 0.8882222175598145,
            "words": [
                {
                    "word": " Well,",
                    "start": 0.0,
                    "end": 0.02,
                    "probability": 0.11985120177268982
                }
            ]
        }
    ],
    "language": "en"
}