{
    "text": " Wow.",
    "segments": [
        {
            "id": 0,
            "seek": 0,
            "start": 0.0,
            "end": 0.26,
            "text": " Wow.",
            "tokens": [
                50365,
                3153,
                13,
                50429
            ],
            "temperature": 0.0,
            "avg_logprob": -0.30865423679351806,
            "compression_ratio": 0.3333333333333333,
            "no_speech_prob": 0.06257722526788712,
            "words": [
                {
                    "word": " Wow.",
                    "start": 0.0,
                    "end": 0.26,
                    "probability": 0.29723700881004333
                }
            ]
        }
    ],
    "language": "en"
}