{
    "text": " Yes.",
    "segments": [
        {
            "id": 0,
            "seek": 0,
            "start": 0.0,
            "end": 0.14,
            "text": " Yes.",
            "tokens": [
                50365,
                1079,
                13,
                50380
            ],
            "temperature": 0.0,
            "avg_logprob": -0.09542524814605713,
            "compression_ratio": 0.3333333333333333,
            "no_speech_prob": 0.04342744126915932,
            "words": [
                {
                    "word": " Yes.",
                    "start": 0.0,
                    "end": 0.14,
                    "probability": 0.9113588333129883
                }
            ]
        }
    ],
    "language": "en"
}