{
    "text": " So picking up on that thread of red flags, I know you've eventually evolved this thinking about manager selection into a framework that you called via negativa in a recent blog post. Can you explain what that means and maybe how it's a little different than the way people traditionally view manager selection?",
    "segments": [
        {
            "id": 0,
            "seek": 0,
            "start": 0.0,
            "end": 10.72,
            "text": " So picking up on that thread of red flags, I know you've eventually evolved this thinking about manager selection into a framework that you called via negativa in a recent blog post.",
            "tokens": [
                50365,
                407,
                8867,
                493,
                322,
                300,
                7207,
                295,
                2182,
                23265,
                11,
                286,
                458,
                291,
                600,
                4728,
                14178,
                341,
                1953,
                466,
                6598,
                9450,
                666,
                257,
                8388,
                300,
                291,
                1219,
                5766,
                2485,
                18740,
                294,
                257,
                5162,
                6968,
                2183,
                13,
                50909
            ],
            "temperature": 0.0,
            "avg_logprob": -0.11089064925909042,
            "compression_ratio": 1.5346534653465347,
            "no_speech_prob": 0.00011772470315918326,
            "words": [
                {
                    "word": " So",
                    "start": 0.0,
                    "end": 0.12,
                    "probability": 0.9123217463493347
                },
                {
                    "word": " picking",
                    "start": 0.12,
                    "end": 0.32,
                    "probability": 0.9586459994316101
                },
                {
                    "word": " up",
                    "start": 0.32,
                    "end": 0.52,
                    "probability": 0.9994425177574158
                },
                {
                    "word": " on",
                    "start": 0.52,
                    "end": 0.66,
                    "probability": 0.9995255470275879
                },
                {
                    "word": " that",
                    "start": 0.66,
                    "end": 0.82,
                    "probability": 0.9984073042869568
                },
                {
                    "word": " thread",
                    "start": 0.82,
                    "end": 1.18,
                    "probability": 0.9412028789520264
                },
                {
                    "word": " of",
                    "start": 1.18,
                    "end": 1.4,
                    "probability": 0.9989438652992249
                },
                {
                    "word": " red",
                    "start": 1.4,
                    "end": 1.58,
                    "probability": 0.9940604567527771
                },
                {
                    "word": " flags,",
                    "start": 1.58,
                    "end": 1.94,
                    "probability": 0.9989663362503052
                },
                {
                    "word": " I",
                    "start": 2.16,
                    "end": 2.28,
                    "probability": 0.9983093738555908
                },
                {
                    "word": " know",
                    "start": 2.28,
                    "end": 2.46,
                    "probability": 0.9998154044151306
                },
                {
                    "word": " you've",
                    "start": 2.46,
                    "end": 3.22,
                    "probability": 0.9700690507888794
                },
                {
                    "word": " eventually",
                    "start": 3.22,
                    "end": 3.62,
                    "probability": 0.9924269914627075
                },
                {
                    "word": " evolved",
                    "start": 3.62,
                    "end": 4.12,
                    "probability": 0.9766765236854553
                },
                {
                    "word": " this",
                    "start": 4.12,
                    "end": 4.64,
                    "probability": 0.9900919198989868
                },
                {
                    "word": " thinking",
                    "start": 4.64,
                    "end": 5.06,
                    "probability": 0.9881194233894348
                },
                {
                    "word": " about",
                    "start": 5.06,
                    "end": 5.38,
                    "probability": 0.9992282390594482
                },
                {
                    "word": " manager",
                    "start": 5.38,
                    "end": 5.74,
                    "probability": 0.9638822078704834
                },
                {
                    "word": " selection",
                    "start": 5.74,
                    "end": 6.16,
                    "probability": 0.9925254583358765
                },
                {
                    "word": " into",
                    "start": 6.16,
                    "end": 6.52,
                    "probability": 0.9926208257675171
                },
                {
                    "word": " a",
                    "start": 6.52,
                    "end": 6.66,
                    "probability": 0.9995007514953613
                },
                {
                    "word": " framework",
                    "start": 6.66,
                    "end": 7.18,
                    "probability": 0.9987088441848755
                },
                {
                    "word": " that",
                    "start": 7.18,
                    "end": 7.6,
                    "probability": 0.9971617460250854
                },
                {
                    "word": " you",
                    "start": 7.6,
                    "end": 7.8,
                    "probability": 0.9995774626731873
                },
                {
                    "word": " called",
                    "start": 7.8,
                    "end": 8.06,
                    "probability": 0.9601026773452759
                },
                {
                    "word": " via",
                    "start": 8.06,
                    "end": 8.32,
                    "probability": 0.3813781142234802
                },
                {
                    "word": " negativa",
                    "start": 8.32,
                    "end": 8.9,
                    "probability": 0.8749396800994873
                },
                {
                    "word": " in",
                    "start": 8.9,
                    "end": 9.72,
                    "probability": 0.4889329671859741
                },
                {
                    "word": " a",
                    "start": 9.72,
                    "end": 9.86,
                    "probability": 0.9983354210853577
                },
                {
                    "word": " recent",
                    "start": 9.86,
                    "end": 10.1,
                    "probability": 0.9996147155761719
                },
                {
                    "word": " blog",
                    "start": 10.1,
                    "end": 10.3,
                    "probability": 0.9991907477378845
                },
                {
                    "word": " post.",
                    "start": 10.3,
                    "end": 10.72,