{
    "text": " that's",
    "segments": [
        {
            "id": 0,
            "seek": 0,
            "start": 0.0,
            "end": 0.16,
            "text": " that's",
            "tokens": [
                50365,
                300,
                311,
                50379
            ],
            "temperature": 0.0,
            "avg_logprob": -0.36066341400146484,
            "compression_ratio": 0.42857142857142855,
            "no_speech_prob": 0.17716655135154724,
            "words": [
                {
                    "word": " that's",
                    "start": 0.0,
                    "end": 0.16,
                    "probability": 0.6513627767562866
                }
            ]
        }
    ],
    "language": "en"
}