{
    "text": " Alright, thanks Corey.",
    "segments": [
        {
            "id": 0,
            "seek": 0,
            "start": 0.0,
            "end": 0.7,
            "text": " Alright, thanks Corey.",
            "tokens": [
                50365,
                2798,
                11,
                3231,
                39136,
                13,
                50441
            ],
            "temperature": 0.0,
            "avg_logprob": -0.31250008940696716,
            "compression_ratio": 0.7333333333333333,
            "no_speech_prob": 0.002051563700661063,
            "words": [
                {
                    "word": " Alright,",
                    "start": 0.0,
                    "end": 0.18,
                    "probability": 0.38908275961875916
                },
                {
                    "word": " thanks",
                    "start": 0.2,
                    "end": 0.44,
                    "probability": 0.987443745136261
                },
                {
                    "word": " Corey.",
                    "start": 0.44,
                    "end": 0.7,
                    "probability": 0.3885781168937683
                }
            ]
        }
    ],
    "language": "en"
}