{
    "text": " you",
    "segments": [
        {
            "id": 0,
            "seek": 0,
            "start": 0.0,
            "end": 0.08,
            "text": " you",
            "tokens": [
                50365,
                291,
                50373
            ],
            "temperature": 0.0,
            "avg_logprob": -0.9923526644706726,
            "compression_ratio": 0.2727272727272727,
            "no_speech_prob": 0.8616726398468018,
            "words": [
                {
                    "word": " you",
                    "start": 0.0,
                    "end": 0.08,
                    "probability": 0.24389082193374634
                }
            ]
        }
    ],
    "language": "en"
}