{
    "text": " I'm going to go to Italy and I'm going to go eat in a cafe outside, pasta, wine, go to a museum or two, go to a concert, travel in a big European city with my wife and friends and enjoy a lot of the things that we did what feels like many years ago.",
    "segments": [
        {
            "id": 0,
            "seek": 0,
            "start": 0.0,
            "end": 16.14,
            "text": " I'm going to go to Italy and I'm going to go eat in a cafe outside, pasta, wine, go to a museum or two, go to a concert, travel in a big European city with my wife and friends and enjoy a lot of the things that we did what feels like many years ago.",
            "tokens": [
                50365,
                286,
                478,
                516,
                281,
                352,
                281,
                10705,
                293,
                286,
                478,
                516,
                281,
                352,
                1862,
                294,
                257,
                17773,
                2380,
                11,
                13296,
                11,
                7209,
                11,
                352,
                281,
                257,
                8441,
                420,
                732,
                11,
                352,
                281,
                257,
                8543,
                11,
                3147,
                294,
                257,
                955,
                6473,
                2307,
                365,
                452,
                3836,
                293,
                1855,
                293,
                2103,
                257,
                688,
                295,
                264,
                721,
                300,
                321,
                630,
                437,
                3417,
                411,
                867,
                924,
                2057,
                13,
                51184
            ],
            "temperature": 0.0,
            "avg_logprob": -0.06141683549591989,
            "compression_ratio": 1.5182926829268293,
            "no_speech_prob": 0.0011416194029152393,
            "words": [
                {
                    "word": " I'm",
                    "start": 0.0,
                    "end": 0.1,
                    "probability": 0.9809679090976715
                },
                {
                    "word": " going",
                    "start": 0.1,
                    "end": 0.12,
                    "probability": 0.9121285080909729
                },
                {
                    "word": " to",
                    "start": 0.12,
                    "end": 0.28,
                    "probability": 0.999752938747406
                },
                {
                    "word": " go",
                    "start": 0.28,
                    "end": 0.42,
                    "probability": 0.9994926452636719
                },
                {
                    "word": " to",
                    "start": 0.42,
                    "end": 0.6,
                    "probability": 0.9996410608291626
                },
                {
                    "word": " Italy",
                    "start": 0.6,
                    "end": 0.94,
                    "probability": 0.9991748929023743
                },
                {
                    "word": " and",
                    "start": 0.94,
                    "end": 1.66,
                    "probability": 0.7767061591148376
                },
                {
                    "word": " I'm",
                    "start": 1.66,
                    "end": 1.9,
                    "probability": 0.9991262853145599
                },
                {
                    "word": " going",
                    "start": 1.9,
                    "end": 1.98,
                    "probability": 0.9958269000053406
                },
                {
                    "word": " to",
                    "start": 1.98,
                    "end": 2.12,
                    "probability": 0.9998351335525513
                },
                {
                    "word": " go",
                    "start": 2.12,
                    "end": 2.3,
                    "probability": 0.998863697052002
                },
                {
                    "word": " eat",
                    "start": 2.3,
                    "end": 3.28,
                    "probability": 0.996915340423584
                },
                {
                    "word": " in",
                    "start": 3.28,
                    "end": 3.84,
                    "probability": 0.9864277243614197
                },
                {
                    "word": " a",
                    "start": 3.84,
                    "end": 3.94,
                    "probability": 0.9999359846115112
                },
                {
                    "word": " cafe",
                    "start": 3.94,
                    "end": 4.34,
                    "probability": 0.9865084886550903
                },
                {
                    "word": " outside,",
                    "start": 4.34,
                    "end": 4.86,
                    "probability": 0.9950868487358093
                },
                {
                    "word": " pasta,",
                    "start": 5.3,
                    "end": 5.84,
                    "probability": 0.9985721111297607
                },
                {
                    "word": " wine,",
                    "start": 6.24,
                    "end": 6.58,
                    "probability": 0.9993694424629211
                },
                {
                    "word": " go",
                    "start": 6.76,
                    "end": 6.9,
                    "probability": 0.9988824725151062
                },
                {
                    "word": " to",
                    "start": 6.9,
                    "end": 7.02,
                    "probability": 0.9995763897895813
                },
                {
                    "word": " a",
                    "start": 7.02,
                    "end": 7.08,
                    "probability": 0.9998408555984497
                },
                {
                    "word": " museum",
                    "start": 7.08,
                    "end": 7.48,
                    "probability": 0.999344527721405
                },
                {
                    "word": " or",
                    "start": 7.48,
                    "end": 7.7,
                    "probability": 0.9993454813957214
                },
                {
                    "word": " two,",
                    "start": 7.7,
                    "end": 7.94,
                    "probability": 0.9852617383003235
                },
                {
                    "word": " go",
                    "start": 8.12,
                    "end": 8.8,
                    "probability": 0.9998884201049805
                },
                {
                    "word": " to",
                    "start": 8.8,
                    "end": 8.92,
                    "probability": 0.9999544620513916
                },
                {
                    "word": " a",
                    "start": 8.92,
                    "end": 9.02,
                    "probability": 0.9999436140060425
                },
                {
                    "word": " concert,",
                    "start": 9.02,
                    "end": 9.4,
                    "probability": 0.9998990297317505
                },
                {
                    "word": " travel",
                    "start": 9.5,
                    "end": 10.12,
                    "probability": 0.9997848868370056
                },
                {
                    "word": " in",