{
    "text": " That's right.",
    "segments": [
        {
            "id": 0,
            "seek": 0,
            "start": 0.0,
            "end": 0.08,
            "text": " That's right.",
            "tokens": [
                50365,
                663,
                311,
                558,
                13,
                50370
            ],
            "temperature": 0.0,
            "avg_logprob": -0.5878287042890277,
            "compression_ratio": 0.6190476190476191,
            "no_speech_prob": 0.8219594955444336,
            "words": [
                {
                    "word": " That's",
                    "start": 0.0,
                    "end": 0.06,
                    "probability": 0.5866419449448586
                },
                {
                    "word": " right.",
                    "start": 0.06,
                    "end": 0.08,
                    "probability": 0.1847093105316162
                }
            ]
        }
    ],
    "language": "en"
}