{
    "text": " Well, now.",
    "segments": [
        {
            "id": 0,
            "seek": 0,
            "start": 0.09999999999999998,
            "end": 0.26,
            "text": " Well, now.",
            "tokens": [
                50365,
                1042,
                11,
                586,
                13,
                50380
            ],
            "temperature": 0.0,
            "avg_logprob": -0.40054191861833843,
            "compression_ratio": 0.5555555555555556,
            "no_speech_prob": 0.454891562461853,
            "words": [
                {
                    "word": " Well,",
                    "start": 0.09999999999999998,
                    "end": 0.18,
                    "probability": 0.6037002801895142
                },
                {
                    "word": " now.",
                    "start": 0.22,
                    "end": 0.26,
                    "probability": 0.770423412322998
                }
            ]
        }
    ],
    "language": "en"
}