{
    "text": " out of the way.",
    "segments": [
        {
            "id": 0,
            "seek": 0,
            "start": 0.0,
            "end": 0.46,
            "text": " out of the way.",
            "tokens": [
                50365,
                484,
                295,
                264,
                636,
                13,
                50395
            ],
            "temperature": 0.0,
            "avg_logprob": -0.21247437596321106,
            "compression_ratio": 0.6521739130434783,
            "no_speech_prob": 0.12706558406352997,
            "words": [
                {
                    "word": " out",
                    "start": 0.0,
                    "end": 0.16,
                    "probability": 0.17694294452667236
                },
                {
                    "word": " of",
                    "start": 0.16,
                    "end": 0.2,
                    "probability": 0.9992098808288574
                },
                {
                    "word": " the",
                    "start": 0.2,
                    "end": 0.24,
                    "probability": 0.9996943473815918
                },
                {
                    "word": " way.",
                    "start": 0.24,
                    "end": 0.46,
                    "probability": 0.9997442364692688
                }
            ]
        }
    ],
    "language": "en"
}