{
    "text": " Jordan over LeBron.",
    "segments": [
        {
            "id": 0,
            "seek": 0,
            "start": 0.0,
            "end": 0.82,
            "text": " Jordan over LeBron.",
            "tokens": [
                50365,
                10979,
                670,
                1456,
                33,
                2044,
                13,
                50411
            ],
            "temperature": 0.0,
            "avg_logprob": -0.14502517382303873,
            "compression_ratio": 0.7037037037037037,
            "no_speech_prob": 0.04187200218439102,
            "words": [
                {
                    "word": " Jordan",
                    "start": 0.0,
                    "end": 0.26,
                    "probability": 0.9774556159973145
                },
                {
                    "word": " over",
                    "start": 0.26,
                    "end": 0.44,
                    "probability": 0.994016170501709
                },
                {
                    "word": " LeBron.",
                    "start": 0.44,
                    "end": 0.82,
                    "probability": 0.9990550676981608
                }
            ]
        }
    ],
    "language": "en"
}