{
    "text": " So.",
    "segments": [
        {
            "id": 0,
            "seek": 0,
            "start": 0.0,
            "end": 0.1,
            "text": " So.",
            "tokens": [
                50365,
                407,
                13,
                50371
            ],
            "temperature": 0.0,
            "avg_logprob": -0.6863450050354004,
            "compression_ratio": 0.2727272727272727,
            "no_speech_prob": 0.11147475242614746,
            "words": [
                {
                    "word": " So.",
                    "start": 0.0,
                    "end": 0.1,
                    "probability": 0.5990955233573914
                }
            ]
        }
    ],
    "language": "en"
}