{
    "text": " Fortified value strategy in a nutshell is we're trying to tilt equity exposure towards value and quality characteristics overlaid with the true tail hedge that has potential to protect in a sharp equity drawdown.",
    "segments": [
        {
            "id": 0,
            "seek": 0,
            "start": 0.0,
            "end": 13.94,
            "text": " Fortified value strategy in a nutshell is we're trying to tilt equity exposure towards value and quality characteristics overlaid with the true tail hedge that has potential to protect in a sharp equity drawdown.",
            "tokens": [
                50365,
                11002,
                2587,
                2158,
                5206,
                294,
                257,
                37711,
                307,
                321,
                434,
                1382,
                281,
                18446,
                10769,
                10420,
                3030,
                2158,
                293,
                3125,
                10891,
                670,
                875,
                327,
                365,
                264,
                2074,
                6838,
                25304,
                300,
                575,
                3995,
                281,
                2371,
                294,
                257,
                8199,
                10769,
                2642,
                5093,
                13,
                51068
            ],
            "temperature": 0.0,
            "avg_logprob": -0.10339372102604356,
            "compression_ratio": 1.4421768707482994,
            "no_speech_prob": 0.0004511269216891378,
            "words": [
                {
                    "word": " Fortified",
                    "start": 0.0,
                    "end": 0.36,
                    "probability": 0.9253959655761719
                },
                {
                    "word": " value",
                    "start": 0.36,
                    "end": 0.74,
                    "probability": 0.9119986295700073
                },
                {
                    "word": " strategy",
                    "start": 0.74,
                    "end": 1.16,
                    "probability": 0.9991121888160706
                },
                {
                    "word": " in",
                    "start": 1.16,
                    "end": 1.56,
                    "probability": 0.9246367812156677
                },
                {
                    "word": " a",
                    "start": 1.56,
                    "end": 1.6,
                    "probability": 0.9992895126342773
                },
                {
                    "word": " nutshell",
                    "start": 1.6,
                    "end": 1.94,
                    "probability": 0.9988609552383423
                },
                {
                    "word": " is",
                    "start": 1.94,
                    "end": 2.48,
                    "probability": 0.9841068983078003
                },
                {
                    "word": " we're",
                    "start": 2.48,
                    "end": 3.16,
                    "probability": 0.970184326171875
                },
                {
                    "word": " trying",
                    "start": 3.16,
                    "end": 3.34,
                    "probability": 0.9994056224822998
                },
                {
                    "word": " to",
                    "start": 3.34,
                    "end": 3.5,
                    "probability": 0.9997633099555969
                },
                {
                    "word": " tilt",
                    "start": 3.5,
                    "end": 3.86,
                    "probability": 0.9990373849868774
                },
                {
                    "word": " equity",
                    "start": 3.86,
                    "end": 4.3,
                    "probability": 0.9980777502059937
                },
                {
                    "word": " exposure",
                    "start": 4.3,
                    "end": 4.68,
                    "probability": 0.9996403455734253
                },
                {
                    "word": " towards",
                    "start": 4.68,
                    "end": 5.38,
                    "probability": 0.9981592297554016
                },
                {
                    "word": " value",
                    "start": 5.38,
                    "end": 6.12,
                    "probability": 0.9978419542312622
                },
                {
                    "word": " and",
                    "start": 6.12,
                    "end": 6.32,
                    "probability": 0.9986573457717896
                },
                {
                    "word": " quality",
                    "start": 6.32,
                    "end": 6.58,
                    "probability": 0.9997510313987732
                },
                {
                    "word": " characteristics",
                    "start": 6.58,
                    "end": 7.62,
                    "probability": 0.9969565868377686
                },
                {
                    "word": " overlaid",
                    "start": 7.62,
                    "end": 9.94,
                    "probability": 0.911742111047109
                },
                {
                    "word": " with",
                    "start": 9.94,
                    "end": 10.24,
                    "probability": 0.9995902180671692
                },
                {
                    "word": " the",
                    "start": 10.24,
                    "end": 10.32,
                    "probability": 0.6924629807472229
                },
                {
                    "word": " true",
                    "start": 10.32,
                    "end": 10.54,
                    "probability": 0.9987761378288269
                },
                {
                    "word": " tail",
                    "start": 10.54,
                    "end": 10.84,
                    "probability": 0.9947761297225952
                },
                {
                    "word": " hedge",
                    "start": 10.84,
                    "end": 11.06,
                    "probability": 0.9215003848075867
                },
                {
                    "word": " that",
                    "start": 11.06,
                    "end": 11.26,
                    "probability": 0.9974912405014038
                },
                {
                    "word": " has",
                    "start": 11.26,
                    "end": 11.4,
                    "probability": 0.9997648596763611
                },
                {
                    "word": " potential",
                    "start": 11.4,
                    "end": 11.72,
                    "probability": 0.9988057613372803
                },
                {
                    "word": " to",
                    "start": 11.72,
                    "end": 11.96,
                    "probability": 0.9998512268066406
                },
                {
                    "word": " protect",
                    "start": 11.96,
                    "end": 12.28,
                    "probability": 0.9998177886009216
                },
                {
                    "word": " in",
                    "start": 12.28,
                    "end": 12.6,
                    "probability": 0.965444803237915
                },
                {
                    "word": " a",
                    "start": 12.6,
                    "end": 12.66,
                    "probability": 0.9998692274093628
                },
                {
                    "word": " sharp",
                    "start": 12.66,
                    "end": 13.04,