{
    "text": " You don't get that.",
    "segments": [
        {
            "id": 0,
            "seek": 0,
            "start": 0.0,
            "end": 0.64,
            "text": " You don't get that.",
            "tokens": [
                50365,
                509,
                500,
                380,
                483,
                300,
                13,
                50399
            ],
            "temperature": 0.0,
            "avg_logprob": -0.17304420471191406,
            "compression_ratio": 0.7037037037037037,
            "no_speech_prob": 0.19152265787124634,
            "words": [
                {
                    "word": " You",
                    "start": 0.0,
                    "end": 0.34,
                    "probability": 0.5280076265335083
                },
                {
                    "word": " don't",
                    "start": 0.34,
                    "end": 0.46,
                    "probability": 0.9865081310272217
                },
                {
                    "word": " get",
                    "start": 0.46,
                    "end": 0.46,
                    "probability": 0.9926837086677551
                },
                {
                    "word": " that.",
                    "start": 0.46,
                    "end": 0.64,
                    "probability": 0.8404980301856995
                }
            ]
        }
    ],
    "language": "en"
}