{
    "text": " Yeah.",
    "segments": [
        {
            "id": 0,
            "seek": 0,
            "start": 0.0,
            "end": 0.18,
            "text": " Yeah.",
            "tokens": [
                50365,
                865,
                13,
                50381
            ],
            "temperature": 0.0,
            "avg_logprob": -0.27233095169067384,
            "compression_ratio": 0.38461538461538464,
            "no_speech_prob": 0.00023213123495224863,
            "words": [
                {
                    "word": " Yeah.",
                    "start": 0.0,
                    "end": 0.18,
                    "probability": 0.8575478196144104
                }
            ]
        }
    ],
    "language": "en"
}