{
    "text": " Thank you.",
    "segments": [
        {
            "id": 0,
            "seek": 0,
            "start": 0.0,
            "end": 0.14,
            "text": " Thank you.",
            "tokens": [
                50365,
                1044,
                291,
                13,
                50372
            ],
            "temperature": 0.0,
            "avg_logprob": -0.8631362120310465,
            "compression_ratio": 0.5555555555555556,
            "no_speech_prob": 0.9283409118652344,
            "words": [
                {
                    "word": " Thank",
                    "start": 0.0,
                    "end": 0.14,
                    "probability": 0.04743983969092369
                },
                {
                    "word": " you.",
                    "start": 0.14,
                    "end": 0.14,
                    "probability": 0.9940575361251831
                }
            ]
        }
    ],
    "language": "en"
}