{
    "text": " Hi, Corey. Yes. So I just wanted to say that views expressed here are my personal views and neither Societe Generale nor its subsidiaries or affiliates accept any responsibility for liability arising from the use of all or any part of the material from this interview. That's all I had to say, Corey.",
    "segments": [
        {
            "id": 0,
            "seek": 0,
            "start": 0.0,
            "end": 19.02,
            "text": " Hi, Corey. Yes. So I just wanted to say that views expressed here are my personal views and neither Societe Generale nor its subsidiaries or affiliates accept any responsibility for liability arising from the use of all or any part of the material from this interview.",
            "tokens": [
                50365,
                2421,
                11,
                39136,
                13,
                1079,
                13,
                407,
                286,
                445,
                1415,
                281,
                584,
                300,
                6809,
                12675,
                510,
                366,
                452,
                2973,
                6809,
                293,
                9662,
                12276,
                3498,
                15409,
                1220,
                6051,
                1080,
                48296,
                4889,
                420,
                14863,
                1024,
                3241,
                604,
                6357,
                337,
                25196,
                44900,
                490,
                264,
                764,
                295,
                439,
                420,
                604,
                644,
                295,
                264,
                2527,
                490,
                341,
                4049,
                13,
                51331
            ],
            "temperature": 0.0,
            "avg_logprob": -0.20667293106300244,
            "compression_ratio": 1.530612244897959,
            "no_speech_prob": 5.211229290580377e-05,
            "words": [
                {
                    "word": " Hi,",
                    "start": 0.0,
                    "end": 0.2,
                    "probability": 0.7467318773269653
                },
                {
                    "word": " Corey.",
                    "start": 0.2,
                    "end": 0.4,
                    "probability": 0.4069627821445465
                },
                {
                    "word": " Yes.",
                    "start": 0.5,
                    "end": 0.74,
                    "probability": 0.8350695967674255
                },
                {
                    "word": " So",
                    "start": 0.86,
                    "end": 1.22,
                    "probability": 0.8584953546524048
                },
                {
                    "word": " I",
                    "start": 1.22,
                    "end": 1.42,
                    "probability": 0.6517232060432434
                },
                {
                    "word": " just",
                    "start": 1.42,
                    "end": 1.74,
                    "probability": 0.9875467419624329
                },
                {
                    "word": " wanted",
                    "start": 1.74,
                    "end": 2.08,
                    "probability": 0.9846585988998413
                },
                {
                    "word": " to",
                    "start": 2.08,
                    "end": 2.26,
                    "probability": 0.9991194605827332
                },
                {
                    "word": " say",
                    "start": 2.26,
                    "end": 2.6,
                    "probability": 0.9992170333862305
                },
                {
                    "word": " that",
                    "start": 2.6,
                    "end": 2.9,
                    "probability": 0.9534274935722351
                },
                {
                    "word": " views",
                    "start": 2.9,
                    "end": 3.56,
                    "probability": 0.6086357235908508
                },
                {
                    "word": " expressed",
                    "start": 3.56,
                    "end": 4.04,
                    "probability": 0.9863283038139343
                },
                {
                    "word": " here",
                    "start": 4.04,
                    "end": 4.54,
                    "probability": 0.9968646168708801
                },
                {
                    "word": " are",
                    "start": 4.54,
                    "end": 4.86,
                    "probability": 0.911950409412384
                },
                {
                    "word": " my",
                    "start": 4.86,
                    "end": 5.0,
                    "probability": 0.8547183275222778
                },
                {
                    "word": " personal",
                    "start": 5.0,
                    "end": 5.44,
                    "probability": 0.9983267188072205
                },
                {
                    "word": " views",
                    "start": 5.44,
                    "end": 5.76,
                    "probability": 0.9957367181777954
                },
                {
                    "word": " and",
                    "start": 5.76,
                    "end": 6.12,
                    "probability": 0.7629644274711609
                },
                {
                    "word": " neither",
                    "start": 6.12,
                    "end": 6.32,
                    "probability": 0.9935135245323181
                },
                {
                    "word": " Societe",
                    "start": 6.32,
                    "end": 6.86,
                    "probability": 0.742347002029419
                },
                {
                    "word": " Generale",
                    "start": 6.86,
                    "end": 7.44,
                    "probability": 0.9856827259063721
                },
                {
                    "word": " nor",
                    "start": 7.44,
                    "end": 8.24,
                    "probability": 0.8130096793174744
                },
                {
                    "word": " its",
                    "start": 8.24,
                    "end": 8.56,
                    "probability": 0.9816147685050964
                },
                {
                    "word": " subsidiaries",
                    "start": 8.56,
                    "end": 9.42,
                    "probability": 0.9938715100288391
                },
                {
                    "word": " or",
                    "start": 9.42,
                    "end": 9.52,
                    "probability": 0.8358950614929199
                },
                {
                    "word": " affiliates",
                    "start": 9.52,
                    "end": 10.26,
                    "probability": 0.9941271841526031
                },
                {
                    "word": " accept",
                    "start": 10.26,
                    "end": 10.6,
                    "probability": 0.9727737903594971
                },
                {
                    "word": " any",
                    "start": 10.6,
                    "end": 10.96,
                    "probability": 0.9990826845169067
                },
                {
                    "word": " responsibility",
                    "start": 10.96,
                    "end": 11.64,
                    "probability": 0.9924669861793518
                },
                {
                    "word": " for",
                    "start": 11.64,