{
    "text": " Yep.",
    "segments": [
        {
            "id": 0,
            "seek": 0,
            "start": 0.0,
            "end": 0.14,
            "text": " Yep.",
            "tokens": [
                50365,
                7010,
                13,
                50382
            ],
            "temperature": 0.0,
            "avg_logprob": -0.30508131980895997,
            "compression_ratio": 0.3333333333333333,
            "no_speech_prob": 0.11860945075750351,
            "words": [
                {
                    "word": " Yep.",
                    "start": 0.0,
                    "end": 0.14,
                    "probability": 0.576071560382843
                }
            ]
        }
    ],
    "language": "en"
}