{
    "text": " That sounds wonderful.",
    "segments": [
        {
            "id": 0,
            "seek": 0,
            "start": 0.0,
            "end": 0.6,
            "text": " That sounds wonderful.",
            "tokens": [
                50365,
                663,
                3263,
                3715,
                13,
                50421
            ],
            "temperature": 0.0,
            "avg_logprob": -0.2737421137945993,
            "compression_ratio": 0.7333333333333333,
            "no_speech_prob": 0.0037494220305234194,
            "words": [
                {
                    "word": " That",
                    "start": 0.0,
                    "end": 0.1,
                    "probability": 0.47778254747390747
                },
                {
                    "word": " sounds",
                    "start": 0.1,
                    "end": 0.3,
                    "probability": 0.9977545142173767
                },
                {
                    "word": " wonderful.",
                    "start": 0.3,
                    "end": 0.6,
                    "probability": 0.9985857009887695
                }
            ]
        }
    ],
    "language": "en"
}