{
    "text": " I would just build",
    "segments": [
        {
            "id": 0,
            "seek": 0,
            "start": 0.0,
            "end": 0.68,
            "text": " I would just build",
            "tokens": [
                50365,
                286,
                576,
                445,
                1322,
                50410
            ],
            "temperature": 0.0,
            "avg_logprob": -0.049018021140779765,
            "compression_ratio": 0.6923076923076923,
            "no_speech_prob": 0.010302259586751461,
            "words": [
                {
                    "word": " I",
                    "start": 0.0,
                    "end": 0.1,
                    "probability": 0.5291450619697571
                },
                {
                    "word": " would",
                    "start": 0.1,
                    "end": 0.22,
                    "probability": 0.9746675491333008
                },
                {
                    "word": " just",
                    "start": 0.22,
                    "end": 0.4,
                    "probability": 0.9919642210006714
                },
                {
                    "word": " build",
                    "start": 0.4,
                    "end": 0.68,
                    "probability": 0.9950577020645142
                }
            ]
        }
    ],
    "language": "en"
}