{
    "text": " me.",
    "segments": [
        {
            "id": 0,
            "seek": 0,
            "start": 0.0,
            "end": 0.14,
            "text": " me.",
            "tokens": [
                50365,
                385,
                13,
                50376
            ],
            "temperature": 0.0,
            "avg_logprob": -0.3292393684387207,
            "compression_ratio": 0.2727272727272727,
            "no_speech_prob": 0.08744347095489502,
            "words": [
                {
                    "word": " me.",
                    "start": 0.0,
                    "end": 0.14,
                    "probability": 0.4266652762889862
                }
            ]
        }
    ],
    "language": "en"
}