{
    "text": " Bridgeway.com.",
    "segments": [
        {
            "id": 0,
            "seek": 0,
            "start": 0.0,
            "end": 0.7,
            "text": " Bridgeway.com.",
            "tokens": [
                50365,
                18917,
                676,
                13,
                1112,
                13,
                50416
            ],
            "temperature": 0.0,
            "avg_logprob": -0.20463937520980835,
            "compression_ratio": 0.6363636363636364,
            "no_speech_prob": 0.07559621334075928,
            "words": [
                {
                    "word": " Bridgeway",
                    "start": 0.0,
                    "end": 0.3,
                    "probability": 0.864578902721405
                },
                {
                    "word": ".com.",
                    "start": 0.3,
                    "end": 0.7,
                    "probability": 0.976707249879837
                }
            ]
        }
    ],
    "language": "en"
}