{
    "text": " God.",
    "segments": [
        {
            "id": 0,
            "seek": 0,
            "start": 0.0,
            "end": 0.02,
            "text": " God.",
            "tokens": [
                50365,
                1265,
                13,
                50368
            ],
            "temperature": 0.0,
            "avg_logprob": -0.7015275955200195,
            "compression_ratio": 0.3333333333333333,
            "no_speech_prob": 0.9215041399002075,
            "words": [
                {
                    "word": " God.",
                    "start": 0.0,
                    "end": 0.02,
                    "probability": 0.23600667715072632
                }
            ]
        }
    ],
    "language": "en"
}