{
    "text": " I'm",
    "segments": [
        {
            "id": 0,
            "seek": 0,
            "start": 0.0,
            "end": 0.08,
            "text": " I'm",
            "tokens": [
                50365,
                286,
                478,
                50370
            ],
            "temperature": 0.0,
            "avg_logprob": -0.7233941555023193,
            "compression_ratio": 0.2727272727272727,
            "no_speech_prob": 0.9573304653167725,
            "words": [
                {
                    "word": " I'm",
                    "start": 0.0,
                    "end": 0.08,
                    "probability": 0.4666293039917946
                }
            ]
        }
    ],
    "language": "en"
}