{
    "text": " you have with",
    "segments": [
        {
            "id": 0,
            "seek": 0,
            "start": 0.0,
            "end": 0.4,
            "text": " you have with",
            "tokens": [
                50365,
                291,
                362,
                365,
                50398
            ],
            "temperature": 0.0,
            "avg_logprob": -0.029748037457466125,
            "compression_ratio": 0.6190476190476191,
            "no_speech_prob": 0.0017808916745707393,
            "words": [
                {
                    "word": " you",
                    "start": 0.0,
                    "end": 0.08,
                    "probability": 0.9435321092605591
                },
                {
                    "word": " have",
                    "start": 0.08,
                    "end": 0.22,
                    "probability": 0.9993946552276611
                },
                {
                    "word": " with",
                    "start": 0.22,
                    "end": 0.4,
                    "probability": 0.9993282556533813
                }
            ]
        }
    ],
    "language": "en"
}