{
    "text": " going forward.",
    "segments": [
        {
            "id": 0,
            "seek": 0,
            "start": 0.0,
            "end": 0.26,
            "text": " going forward.",
            "tokens": [
                50365,
                516,
                2128,
                13,
                50393
            ],
            "temperature": 0.0,
            "avg_logprob": -0.2789759437243144,
            "compression_ratio": 0.6363636363636364,
            "no_speech_prob": 0.033045846968889236,
            "words": [
                {
                    "word": " going",
                    "start": 0.0,
                    "end": 0.08,
                    "probability": 0.6418160796165466
                },
                {
                    "word": " forward.",
                    "start": 0.08,
                    "end": 0.26,
                    "probability": 0.997177243232727
                }
            ]
        }
    ],
    "language": "en"
}