{
    "text": " Right.",
    "segments": [
        {
            "id": 0,
            "seek": 0,
            "start": 0.0,
            "end": 0.26,
            "text": " Right.",
            "tokens": [
                50365,
                1779,
                13,
                50406
            ],
            "temperature": 0.0,
            "avg_logprob": -0.15564255714416503,
            "compression_ratio": 0.42857142857142855,
            "no_speech_prob": 0.004312281496822834,
            "words": [
                {
                    "word": " Right.",
                    "start": 0.0,
                    "end": 0.26,
                    "probability": 0.7128517627716064
                }
            ]
        }
    ],
    "language": "en"
}