{
    "text": " you",
    "segments": [
        {
            "id": 0,
            "seek": 0,
            "start": 0.0,
            "end": 0.08,
            "text": " you",
            "tokens": [
                50365,
                291,
                50468
            ],
            "temperature": 0.0,
            "avg_logprob": -0.7256644368171692,
            "compression_ratio": 0.2727272727272727,
            "no_speech_prob": 0.8708701729774475,
            "words": [
                {
                    "word": " you",
                    "start": 0.0,
                    "end": 0.08,
                    "probability": 0.20980742573738098
                }
            ]
        }
    ],
    "language": "en"
}