{
    "text": " Oh yeah.",
    "segments": [
        {
            "id": 0,
            "seek": 0,
            "start": 0.0,
            "end": 0.26,
            "text": " Oh yeah.",
            "tokens": [
                50365,
                876,
                1338,
                13,
                50390
            ],
            "temperature": 0.0,
            "avg_logprob": -0.13960052529970804,
            "compression_ratio": 0.5,
            "no_speech_prob": 0.012187431566417217,
            "words": [
                {
                    "word": " Oh",
                    "start": 0.0,
                    "end": 0.18,
                    "probability": 0.8993180990219116
                },
                {
                    "word": " yeah.",
                    "start": 0.18,
                    "end": 0.26,
                    "probability": 0.6991066336631775
                }
            ]
        }
    ],
    "language": "en"
}