{
    "text": " So why don't traditional firms like a Citadel or a Jane Street or a Jump, who we would expect to excel in a market like this, who are experts at building infrastructure, low latency infrastructure, understanding market models and market algorithms, dealing with arbitrage, why don't they just come into this space and clean up?",
    "segments": [
        {
            "id": 0,
            "seek": 0,
            "start": 0.0,
            "end": 21.36,
            "text": " So why don't traditional firms like a Citadel or a Jane Street or a Jump, who we would expect to excel in a market like this, who are experts at building infrastructure, low latency infrastructure, understanding market models and market algorithms, dealing with arbitrage, why don't they just come into this space and clean up?",
            "tokens": [
                50365,
                407,
                983,
                500,
                380,
                5164,
                18055,
                411,
                257,
                18435,
                16325,
                420,
                257,
                13048,
                7638,
                420,
                257,
                18697,
                11,
                567,
                321,
                576,
                2066,
                281,
                24015,
                294,
                257,
                2142,
                411,
                341,
                11,
                567,
                366,
                8572,
                412,
                2390,
                6896,
                11,
                2295,
                27043,
                6896,
                11,
                3701,
                2142,
                5245,
                293,
                2142,
                14642,
                11,
                6260,
                365,
                14931,
                16223,
                11,
                983,
                500,
                380,
                436,
                445,
                808,
                666,
                341,
                1901,
                293,
                2541,
                493,
                30,
                51440
            ],
            "temperature": 0.0,
            "avg_logprob": -0.05295071049013,
            "compression_ratio": 1.5951219512195123,
            "no_speech_prob": 0.0001547436841065064,
            "words": [
                {
                    "word": " So",
                    "start": 0.0,
                    "end": 0.14,
                    "probability": 0.943642795085907
                },
                {
                    "word": " why",
                    "start": 0.14,
                    "end": 0.24,
                    "probability": 0.9680957794189453
                },
                {
                    "word": " don't",
                    "start": 0.24,
                    "end": 0.54,
                    "probability": 0.9999756217002869
                },
                {
                    "word": " traditional",
                    "start": 0.54,
                    "end": 1.12,
                    "probability": 0.9998418092727661
                },
                {
                    "word": " firms",
                    "start": 1.12,
                    "end": 1.78,
                    "probability": 0.9999409914016724
                },
                {
                    "word": " like",
                    "start": 1.78,
                    "end": 2.1,
                    "probability": 0.999538779258728
                },
                {
                    "word": " a",
                    "start": 2.1,
                    "end": 2.2,
                    "probability": 0.9657402634620667
                },
                {
                    "word": " Citadel",
                    "start": 2.2,
                    "end": 2.64,
                    "probability": 0.9988766312599182
                },
                {
                    "word": " or",
                    "start": 2.64,
                    "end": 3.0,
                    "probability": 0.981115460395813
                },
                {
                    "word": " a",
                    "start": 3.0,
                    "end": 3.22,
                    "probability": 0.9999258518218994
                },
                {
                    "word": " Jane",
                    "start": 3.22,
                    "end": 3.48,
                    "probability": 0.9796485304832458
                },
                {
                    "word": " Street",
                    "start": 3.48,
                    "end": 3.72,
                    "probability": 0.9962008595466614
                },
                {
                    "word": " or",
                    "start": 3.72,
                    "end": 3.96,
                    "probability": 0.9998974800109863
                },
                {
                    "word": " a",
                    "start": 3.96,
                    "end": 4.08,
                    "probability": 0.9999252557754517
                },
                {
                    "word": " Jump,",
                    "start": 4.08,
                    "end": 4.38,
                    "probability": 0.9241058826446533
                },
                {
                    "word": " who",
                    "start": 4.48,
                    "end": 4.64,
                    "probability": 0.9998225569725037
                },
                {
                    "word": " we",
                    "start": 4.64,
                    "end": 4.8,
                    "probability": 0.9999629259109497
                },
                {
                    "word": " would",
                    "start": 4.8,
                    "end": 4.96,
                    "probability": 0.9999351501464844
                },
                {
                    "word": " expect",
                    "start": 4.96,
                    "end": 5.34,
                    "probability": 0.9999418258666992
                },
                {
                    "word": " to",
                    "start": 5.34,
                    "end": 6.4,
                    "probability": 0.9999724626541138
                },
                {
                    "word": " excel",
                    "start": 6.4,
                    "end": 7.64,
                    "probability": 0.9993621706962585
                },
                {
                    "word": " in",
                    "start": 7.64,
                    "end": 8.34,
                    "probability": 0.9999915361404419
                },
                {
                    "word": " a",
                    "start": 8.34,
                    "end": 8.46,
                    "probability": 0.9999643564224243
                },
                {
                    "word": " market",
                    "start": 8.46,
                    "end": 8.74,
                    "probability": 0.9999738931655884
                },
                {
                    "word": " like",
                    "start": 8.74,
                    "end": 8.96,
                    "probability": 0.9999867677688599
                },
                {
                    "word": " this,",
                    "start": 8.96,
                    "end": 9.26,
                    "probability": 0.9999877214431763
                },
                {
                    "word": " who",
                    "start": 9.32,
                    "end": 9.48,
                    "probability": 0.9987694621086121
                },
                {
                    "word": " are",
                    "start": 9.48,
                    "end": 9.64,