{
    "text": " blockchain.",
    "segments": [
        {
            "id": 0,
            "seek": 0,
            "start": 0.0,
            "end": 0.36,
            "text": " blockchain.",
            "tokens": [
                50365,
                17176,
                13,
                50411
            ],
            "temperature": 0.0,
            "avg_logprob": -0.4852243423461914,
            "compression_ratio": 0.5789473684210527,
            "no_speech_prob": 0.03808443248271942,
            "words": [
                {
                    "word": " blockchain.",
                    "start": 0.0,
                    "end": 0.36,
                    "probability": 0.16394329071044922
                }
            ]
        }
    ],
    "language": "en"
}