{
    "text": " That's great.",
    "segments": [
        {
            "id": 0,
            "seek": 0,
            "start": 0.0,
            "end": 0.22,
            "text": " That's great.",
            "tokens": [
                50365,
                663,
                311,
                869,
                13,
                50389
            ],
            "temperature": 0.0,
            "avg_logprob": -0.23385536670684814,
            "compression_ratio": 0.6190476190476191,
            "no_speech_prob": 0.10286840051412582,
            "words": [
                {
                    "word": " That's",
                    "start": 0.0,
                    "end": 0.18,
                    "probability": 0.5783486664295197
                },
                {
                    "word": " great.",
                    "start": 0.18,
                    "end": 0.22,
                    "probability": 0.8424327969551086
                }
            ]
        }
    ],
    "language": "en"
}