{
    "text": " And this is a",
    "segments": [
        {
            "id": 0,
            "seek": 0,
            "start": 0.0,
            "end": 0.4,
            "text": " And this is a",
            "tokens": [
                50365,
                400,
                341,
                307,
                257,
                50392
            ],
            "temperature": 0.0,
            "avg_logprob": -0.2703633989606585,
            "compression_ratio": 0.6842105263157895,
            "no_speech_prob": 0.02484894171357155,
            "words": [
                {
                    "word": " And",
                    "start": 0.0,
                    "end": 0.1,
                    "probability": 0.7070525884628296
                },
                {
                    "word": " this",
                    "start": 0.1,
                    "end": 0.18,
                    "probability": 0.9938907623291016
                },
                {
                    "word": " is",
                    "start": 0.18,
                    "end": 0.3,
                    "probability": 0.9970799088478088
                },
                {
                    "word": " a",
                    "start": 0.3,
                    "end": 0.4,
                    "probability": 0.7319555878639221
                }
            ]
        }
    ],
    "language": "en"
}