{
    "text": " I don't know.",
    "segments": [
        {
            "id": 0,
            "seek": 0,
            "start": 0.0,
            "end": 0.04,
            "text": " I don't know.",
            "tokens": [
                50365,
                286,
                500,
                380,
                458,
                13,
                50369
            ],
            "temperature": 0.0,
            "avg_logprob": -0.4109974503517151,
            "compression_ratio": 0.6190476190476191,
            "no_speech_prob": 0.8515759110450745,
            "words": [
                {
                    "word": " I",
                    "start": 0.0,
                    "end": 0.02,
                    "probability": 0.20326507091522217
                },
                {
                    "word": " don't",
                    "start": 0.02,
                    "end": 0.02,
                    "probability": 0.8732196688652039
                },
                {
                    "word": " know.",
                    "start": 0.02,
                    "end": 0.04,
                    "probability": 0.9342262148857117
                }
            ]
        }
    ],
    "language": "en"
}