{
    "text": " Another,",
    "segments": [
        {
            "id": 0,
            "seek": 0,
            "start": 0.0,
            "end": 0.08,
            "text": " Another,",
            "tokens": [
                50365,
                3996,
                11,
                50376
            ],
            "temperature": 0.0,
            "avg_logprob": -0.2147226572036743,
            "compression_ratio": 0.5,
            "no_speech_prob": 0.0009515716810710728,
            "words": [
                {
                    "word": " Another,",
                    "start": 0.0,
                    "end": 0.08,
                    "probability": 0.5030977725982666
                }
            ]
        }
    ],
    "language": "en"
}