{
    "text": " Well, great.",
    "segments": [
        {
            "id": 0,
            "seek": 0,
            "start": 0.0,
            "end": 0.22,
            "text": " Well, great.",
            "tokens": [
                50365,
                1042,
                11,
                869,
                13,
                50381
            ],
            "temperature": 0.0,
            "avg_logprob": -0.33275273868015837,
            "compression_ratio": 0.6,
            "no_speech_prob": 0.031801458448171616,
            "words": [
                {
                    "word": " Well,",
                    "start": 0.0,
                    "end": 0.16,
                    "probability": 0.5029839277267456
                },
                {
                    "word": " great.",
                    "start": 0.18,
                    "end": 0.22,
                    "probability": 0.2362656146287918
                }
            ]
        }
    ],
    "language": "en"
}