{
    "text": " rug.",
    "segments": [
        {
            "id": 0,
            "seek": 0,
            "start": 0.0,
            "end": 0.16,
            "text": " rug.",
            "tokens": [
                50365,
                18329,
                13,
                50382
            ],
            "temperature": 0.0,
            "avg_logprob": -0.7427054882049561,
            "compression_ratio": 0.3333333333333333,
            "no_speech_prob": 0.32030338048934937,
            "words": [
                {
                    "word": " rug.",
                    "start": 0.0,
                    "end": 0.16,
                    "probability": 0.06409374624490738
                }
            ]
        }
    ],
    "language": "en"
}