{
    "text": " Let's go.",
    "segments": [
        {
            "id": 0,
            "seek": 0,
            "start": 0.0,
            "end": 0.04,
            "text": " Let's go.",
            "tokens": [
                50365,
                961,
                311,
                352,
                13,
                50369
            ],
            "temperature": 0.0,
            "avg_logprob": -0.8702669143676758,
            "compression_ratio": 0.5294117647058824,
            "no_speech_prob": 0.7295407056808472,
            "words": [
                {
                    "word": " Let's",
                    "start": 0.0,
                    "end": 0.04,
                    "probability": 0.4552927762269974
                },
                {
                    "word": " go.",
                    "start": 0.04,
                    "end": 0.04,
                    "probability": 0.17331120371818542
                }
            ]
        }
    ],
    "language": "en"
}