{
    "text": " it.",
    "segments": [
        {
            "id": 0,
            "seek": 0,
            "start": 0.0,
            "end": 0.1,
            "text": " it.",
            "tokens": [
                50365,
                309,
                13,
                50370
            ],
            "temperature": 0.0,
            "avg_logprob": -0.2943119525909424,
            "compression_ratio": 0.2727272727272727,
            "no_speech_prob": 0.08447707444429398,
            "words": [
                {
                    "word": " it.",
                    "start": 0.0,
                    "end": 0.1,
                    "probability": 0.8256370425224304
                }
            ]
        }
    ],
    "language": "en"
}