{
    "text": " Well, David, we come to the end of the episode here. And the question I'm asking everyone at the end of this season is to reflect back upon your career so far. And just think about what was the luckiest break in your career that you've had?",
    "segments": [
        {
            "id": 0,
            "seek": 0,
            "start": 0.0,
            "end": 14.24,
            "text": " Well, David, we come to the end of the episode here. And the question I'm asking everyone at the end of this season is to reflect back upon your career so far. And just think about what was the luckiest break in your career that you've had?",
            "tokens": [
                50365,
                1042,
                11,
                4389,
                11,
                321,
                808,
                281,
                264,
                917,
                295,
                264,
                3500,
                510,
                13,
                400,
                264,
                1168,
                286,
                478,
                3365,
                1518,
                412,
                264,
                917,
                295,
                341,
                3196,
                307,
                281,
                5031,
                646,
                3564,
                428,
                3988,
                370,
                1400,
                13,
                400,
                445,
                519,
                466,
                437,
                390,
                264,
                3668,
                6495,
                1821,
                294,
                428,
                3988,
                300,
                291,
                600,
                632,
                30,
                51092
            ],
            "temperature": 0.0,
            "avg_logprob": -0.07688104695287244,
            "compression_ratio": 1.4906832298136645,
            "no_speech_prob": 0.003758937818929553,
            "words": [
                {
                    "word": " Well,",
                    "start": 0.0,
                    "end": 0.1,
                    "probability": 0.5530630350112915
                },
                {
                    "word": " David,",
                    "start": 0.1,
                    "end": 0.24,
                    "probability": 0.9864087104797363
                },
                {
                    "word": " we",
                    "start": 0.32,
                    "end": 0.42,
                    "probability": 0.9980424642562866
                },
                {
                    "word": " come",
                    "start": 0.42,
                    "end": 0.58,
                    "probability": 0.9307725429534912
                },
                {
                    "word": " to",
                    "start": 0.58,
                    "end": 0.72,
                    "probability": 0.9995203018188477
                },
                {
                    "word": " the",
                    "start": 0.72,
                    "end": 0.84,
                    "probability": 0.9996209144592285
                },
                {
                    "word": " end",
                    "start": 0.84,
                    "end": 1.1,
                    "probability": 0.9993036985397339
                },
                {
                    "word": " of",
                    "start": 1.1,
                    "end": 1.24,
                    "probability": 0.9992725253105164
                },
                {
                    "word": " the",
                    "start": 1.24,
                    "end": 1.3,
                    "probability": 0.9993842840194702
                },
                {
                    "word": " episode",
                    "start": 1.3,
                    "end": 1.72,
                    "probability": 0.9990829229354858
                },
                {
                    "word": " here.",
                    "start": 1.72,
                    "end": 2.06,
                    "probability": 0.9984133243560791
                },
                {
                    "word": " And",
                    "start": 2.24,
                    "end": 2.6,
                    "probability": 0.9928759336471558
                },
                {
                    "word": " the",
                    "start": 2.6,
                    "end": 2.7,
                    "probability": 0.9996128678321838
                },
                {
                    "word": " question",
                    "start": 2.7,
                    "end": 3.0,
                    "probability": 0.9995861649513245
                },
                {
                    "word": " I'm",
                    "start": 3.0,
                    "end": 3.22,
                    "probability": 0.9992997348308563
                },
                {
                    "word": " asking",
                    "start": 3.22,
                    "end": 3.64,
                    "probability": 0.9996476173400879
                },
                {
                    "word": " everyone",
                    "start": 3.64,
                    "end": 4.32,
                    "probability": 0.9974309802055359
                },
                {
                    "word": " at",
                    "start": 4.32,
                    "end": 5.02,
                    "probability": 0.9830060601234436
                },
                {
                    "word": " the",
                    "start": 5.02,
                    "end": 5.16,
                    "probability": 0.9998657703399658
                },
                {
                    "word": " end",
                    "start": 5.16,
                    "end": 5.34,
                    "probability": 0.9998235106468201
                },
                {
                    "word": " of",
                    "start": 5.34,
                    "end": 5.44,
                    "probability": 0.9996567964553833
                },
                {
                    "word": " this",
                    "start": 5.44,
                    "end": 5.56,
                    "probability": 0.9972639083862305
                },
                {
                    "word": " season",
                    "start": 5.56,
                    "end": 6.08,
                    "probability": 0.998910665512085
                },
                {
                    "word": " is",
                    "start": 6.08,
                    "end": 6.44,
                    "probability": 0.9923386573791504
                },
                {
                    "word": " to",
                    "start": 6.44,
                    "end": 6.6,
                    "probability": 0.998701810836792
                },
                {
                    "word": " reflect",
                    "start": 6.6,
                    "end": 7.12,
                    "probability": 0.9990828037261963
                },
                {
                    "word": " back",
                    "start": 7.12,
                    "end": 7.4,
                    "probability": 0.9993021488189697
                },
                {
                    "word": " upon",
                    "start": 7.4,
                    "end": 7.64,
                    "probability": 0.9986318945884705
                },
                {
                    "word": " your",
                    "start": 7.64,
                    "end": 7.96,
                    "probability": 0.9996123909950256
                },
                {
                    "word": " career",
                    "start": 7.96,
                    "end": 8.28,