{
    "text": " So speaking about the differences between maybe retail and institutional constraints and opportunities, can you compare and contrast for me what your personal view of being independent versus an institutional trader really is? And where do you see your constraints versus the edges you have?",
    "segments": [
        {
            "id": 0,
            "seek": 0,
            "start": 0.0,
            "end": 13.08,
            "text": " So speaking about the differences between maybe retail and institutional constraints and opportunities, can you compare and contrast for me what your personal view of being independent versus an institutional trader really is?",
            "tokens": [
                50365,
                407,
                4124,
                466,
                264,
                7300,
                1296,
                1310,
                10800,
                293,
                18391,
                18491,
                293,
                4786,
                11,
                393,
                291,
                6794,
                293,
                8712,
                337,
                385,
                437,
                428,
                2973,
                1910,
                295,
                885,
                6695,
                5717,
                364,
                18391,
                31961,
                534,
                307,
                30,
                51025
            ],
            "temperature": 0.0,
            "avg_logprob": -0.12074858287595353,
            "compression_ratio": 1.5815217391304348,
            "no_speech_prob": 0.0009758560918271542,
            "words": [
                {
                    "word": " So",
                    "start": 0.0,
                    "end": 0.1,
                    "probability": 0.7368612885475159
                },
                {
                    "word": " speaking",
                    "start": 0.1,
                    "end": 0.3,
                    "probability": 0.9190126657485962
                },
                {
                    "word": " about",
                    "start": 0.3,
                    "end": 0.46,
                    "probability": 0.971289873123169
                },
                {
                    "word": " the",
                    "start": 0.46,
                    "end": 0.6,
                    "probability": 0.9994472861289978
                },
                {
                    "word": " differences",
                    "start": 0.6,
                    "end": 0.9,
                    "probability": 0.9970051646232605
                },
                {
                    "word": " between",
                    "start": 0.9,
                    "end": 1.22,
                    "probability": 0.9978443384170532
                },
                {
                    "word": " maybe",
                    "start": 1.22,
                    "end": 1.82,
                    "probability": 0.8958035111427307
                },
                {
                    "word": " retail",
                    "start": 1.82,
                    "end": 2.28,
                    "probability": 0.9975887537002563
                },
                {
                    "word": " and",
                    "start": 2.28,
                    "end": 2.54,
                    "probability": 0.992655873298645
                },
                {
                    "word": " institutional",
                    "start": 2.54,
                    "end": 3.0,
                    "probability": 0.9985948204994202
                },
                {
                    "word": " constraints",
                    "start": 3.0,
                    "end": 3.8,
                    "probability": 0.993375837802887
                },
                {
                    "word": " and",
                    "start": 3.8,
                    "end": 4.22,
                    "probability": 0.9973971843719482
                },
                {
                    "word": " opportunities,",
                    "start": 4.22,
                    "end": 4.62,
                    "probability": 0.9992303848266602
                },
                {
                    "word": " can",
                    "start": 4.94,
                    "end": 5.28,
                    "probability": 0.9909533262252808
                },
                {
                    "word": " you",
                    "start": 5.28,
                    "end": 5.48,
                    "probability": 0.9998403787612915
                },
                {
                    "word": " compare",
                    "start": 5.48,
                    "end": 6.08,
                    "probability": 0.9986327290534973
                },
                {
                    "word": " and",
                    "start": 6.08,
                    "end": 6.32,
                    "probability": 0.9976212382316589
                },
                {
                    "word": " contrast",
                    "start": 6.32,
                    "end": 6.62,
                    "probability": 0.9995044469833374
                },
                {
                    "word": " for",
                    "start": 6.62,
                    "end": 6.94,
                    "probability": 0.9864730834960938
                },
                {
                    "word": " me",
                    "start": 6.94,
                    "end": 7.1,
                    "probability": 0.9996201992034912
                },
                {
                    "word": " what",
                    "start": 7.1,
                    "end": 7.34,
                    "probability": 0.9299936890602112
                },
                {
                    "word": " your",
                    "start": 7.34,
                    "end": 7.72,
                    "probability": 0.996279776096344
                },
                {
                    "word": " personal",
                    "start": 7.72,
                    "end": 8.54,
                    "probability": 0.9993645548820496
                },
                {
                    "word": " view",
                    "start": 8.54,
                    "end": 8.84,
                    "probability": 0.9991438388824463
                },
                {
                    "word": " of",
                    "start": 8.84,
                    "end": 9.2,
                    "probability": 0.9993359446525574
                },
                {
                    "word": " being",
                    "start": 9.2,
                    "end": 9.74,
                    "probability": 0.9963037967681885
                },
                {
                    "word": " independent",
                    "start": 9.74,
                    "end": 10.34,
                    "probability": 0.9948134422302246
                },
                {
                    "word": " versus",
                    "start": 10.34,
                    "end": 11.1,
                    "probability": 0.9881417155265808
                },
                {
                    "word": " an",
                    "start": 11.1,
                    "end": 11.4,
                    "probability": 0.9908578991889954
                },
                {
                    "word": " institutional",
                    "start": 11.4,
                    "end": 11.82,
                    "probability": 0.9977307915687561
                },
                {
                    "word": " trader",
                    "start": 11.82,
                    "end": 12.32,
                    "probability": 0.9958309531211853
                },
                {
                    "word": " really",
                    "start": 12.32,
                    "end": 12.72,