{
    "text": " So as it sits today, maybe before we dive into all the details of your process and all the little nuggets you're going to give us, maybe we can just start with what is sort of the underlying philosophy of the way you're approaching the markets in your investment process?",
    "segments": [
        {
            "id": 0,
            "seek": 0,
            "start": 0.0,
            "end": 13.22,
            "text": " So as it sits today, maybe before we dive into all the details of your process and all the little nuggets you're going to give us, maybe we can just start with what is sort of the underlying philosophy of the way you're approaching the markets in your investment process?",
            "tokens": [
                50365,
                407,
                382,
                309,
                12696,
                965,
                11,
                1310,
                949,
                321,
                9192,
                666,
                439,
                264,
                4365,
                295,
                428,
                1399,
                293,
                439,
                264,
                707,
                42663,
                291,
                434,
                516,
                281,
                976,
                505,
                11,
                1310,
                321,
                393,
                445,
                722,
                365,
                437,
                307,
                1333,
                295,
                264,
                14217,
                10675,
                295,
                264,
                636,
                291,
                434,
                14908,
                264,
                8383,
                294,
                428,
                6078,
                1399,
                30,
                51048
            ],
            "temperature": 0.0,
            "avg_logprob": -0.0699351327172641,
            "compression_ratio": 1.5664739884393064,
            "no_speech_prob": 0.0011415212647989392,
            "words": [
                {
                    "word": " So",
                    "start": 0.0,
                    "end": 0.16,
                    "probability": 0.8375400900840759
                },
                {
                    "word": " as",
                    "start": 0.16,
                    "end": 0.38,
                    "probability": 0.9219407439231873
                },
                {
                    "word": " it",
                    "start": 0.38,
                    "end": 0.66,
                    "probability": 0.9991151690483093
                },
                {
                    "word": " sits",
                    "start": 0.66,
                    "end": 1.04,
                    "probability": 0.9982998967170715
                },
                {
                    "word": " today,",
                    "start": 1.04,
                    "end": 1.44,
                    "probability": 0.9960683584213257
                },
                {
                    "word": " maybe",
                    "start": 1.54,
                    "end": 1.78,
                    "probability": 0.9778832197189331
                },
                {
                    "word": " before",
                    "start": 1.78,
                    "end": 2.02,
                    "probability": 0.9975134134292603
                },
                {
                    "word": " we",
                    "start": 2.02,
                    "end": 2.2,
                    "probability": 0.9995495676994324
                },
                {
                    "word": " dive",
                    "start": 2.2,
                    "end": 2.44,
                    "probability": 0.9979003667831421
                },
                {
                    "word": " into",
                    "start": 2.44,
                    "end": 2.7,
                    "probability": 0.9967222809791565
                },
                {
                    "word": " all",
                    "start": 2.7,
                    "end": 2.9,
                    "probability": 0.9991022348403931
                },
                {
                    "word": " the",
                    "start": 2.9,
                    "end": 3.04,
                    "probability": 0.9972299933433533
                },
                {
                    "word": " details",
                    "start": 3.04,
                    "end": 3.42,
                    "probability": 0.9996180534362793
                },
                {
                    "word": " of",
                    "start": 3.42,
                    "end": 3.64,
                    "probability": 0.9993150234222412
                },
                {
                    "word": " your",
                    "start": 3.64,
                    "end": 3.74,
                    "probability": 0.9995366334915161
                },
                {
                    "word": " process",
                    "start": 3.74,
                    "end": 4.2,
                    "probability": 0.9992109537124634
                },
                {
                    "word": " and",
                    "start": 4.2,
                    "end": 4.56,
                    "probability": 0.8841261863708496
                },
                {
                    "word": " all",
                    "start": 4.56,
                    "end": 4.7,
                    "probability": 0.9993821382522583
                },
                {
                    "word": " the",
                    "start": 4.7,
                    "end": 4.84,
                    "probability": 0.9992398023605347
                },
                {
                    "word": " little",
                    "start": 4.84,
                    "end": 4.98,
                    "probability": 0.9994015693664551
                },
                {
                    "word": " nuggets",
                    "start": 4.98,
                    "end": 5.32,
                    "probability": 0.9978443384170532
                },
                {
                    "word": " you're",
                    "start": 5.32,
                    "end": 5.54,
                    "probability": 0.9582552909851074
                },
                {
                    "word": " going",
                    "start": 5.54,
                    "end": 5.58,
                    "probability": 0.9145691990852356
                },
                {
                    "word": " to",
                    "start": 5.58,
                    "end": 5.68,
                    "probability": 0.9995051622390747
                },
                {
                    "word": " give",
                    "start": 5.68,
                    "end": 5.84,
                    "probability": 0.9997528195381165
                },
                {
                    "word": " us,",
                    "start": 5.84,
                    "end": 6.12,
                    "probability": 0.999546229839325
                },
                {
                    "word": " maybe",
                    "start": 6.2,
                    "end": 6.6,
                    "probability": 0.9965638518333435
                },
                {
                    "word": " we",
                    "start": 6.6,
                    "end": 6.76,
                    "probability": 0.9995099306106567
                },
                {
                    "word": " can",
                    "start": 6.76,
                    "end": 6.92,
                    "probability": 0.999755322933197
                },
                {
                    "word": " just",
                    "start": 6.92,
                    "end": 7.04,