{
    "text": " that.",
    "segments": [
        {
            "id": 0,
            "seek": 0,
            "start": 0.0,
            "end": 0.02,
            "text": " that.",
            "tokens": [
                50365,
                300,
                13,
                50368
            ],
            "temperature": 0.0,
            "avg_logprob": -0.8829464912414551,
            "compression_ratio": 0.38461538461538464,
            "no_speech_prob": 0.8260262608528137,
            "words": [
                {
                    "word": " that.",
                    "start": 0.0,
                    "end": 0.02,
                    "probability": 0.1314251571893692
                }
            ]
        }
    ],
    "language": "en"
}