{
    "text": " Can you read?",
    "segments": [
        {
            "id": 0,
            "seek": 0,
            "start": 0.0,
            "end": 0.32,
            "text": " Can you read?",
            "tokens": [
                50365,
                1664,
                291,
                1401,
                30,
                50404
            ],
            "temperature": 0.0,
            "avg_logprob": -0.349236147744315,
            "compression_ratio": 0.6190476190476191,
            "no_speech_prob": 0.3799744248390198,
            "words": [
                {
                    "word": " Can",
                    "start": 0.0,
                    "end": 0.0,
                    "probability": 0.340920627117157
                },
                {
                    "word": " you",
                    "start": 0.0,
                    "end": 0.28,
                    "probability": 0.9969430565834045
                },
                {
                    "word": " read?",
                    "start": 0.28,
                    "end": 0.32,
                    "probability": 0.6271833181381226
                }
            ]
        }
    ],
    "language": "en"
}