{
    "text": " Exactly.",
    "segments": [
        {
            "id": 0,
            "seek": 0,
            "start": 0.0,
            "end": 0.22,
            "text": " Exactly.",
            "tokens": [
                50365,
                7587,
                13,
                50389
            ],
            "temperature": 0.0,
            "avg_logprob": -0.07654036283493042,
            "compression_ratio": 0.5,
            "no_speech_prob": 0.08911634981632233,
            "words": [
                {
                    "word": " Exactly.",
                    "start": 0.0,
                    "end": 0.22,
                    "probability": 0.9270161390304565
                }
            ]
        }
    ],
    "language": "en"
}