{
    "text": " Was this a discretion?",
    "segments": [
        {
            "id": 0,
            "seek": 0,
            "start": 0.0,
            "end": 0.6,
            "text": " Was this a discretion?",
            "tokens": [
                50365,
                3027,
                341,
                257,
                30140,
                30,
                50406
            ],
            "temperature": 0.0,
            "avg_logprob": -0.11903048306703568,
            "compression_ratio": 0.7333333333333333,
            "no_speech_prob": 0.02036357671022415,
            "words": [
                {
                    "word": " Was",
                    "start": 0.0,
                    "end": 0.12,
                    "probability": 0.9074707627296448
                },
                {
                    "word": " this",
                    "start": 0.12,
                    "end": 0.24,
                    "probability": 0.9930821061134338
                },
                {
                    "word": " a",
                    "start": 0.24,
                    "end": 0.38,
                    "probability": 0.9852268695831299
                },
                {
                    "word": " discretion?",
                    "start": 0.38,
                    "end": 0.6,
                    "probability": 0.9403055906295776
                }
            ]
        }
    ],
    "language": "en"
}