{
    "text": " missionary man.",
    "segments": [
        {
            "id": 0,
            "seek": 0,
            "start": 0.0,
            "end": 0.32,
            "text": " missionary man.",
            "tokens": [
                50365,
                45418,
                587,
                13,
                50388
            ],
            "temperature": 0.0,
            "avg_logprob": -0.5222029288609823,
            "compression_ratio": 0.6521739130434783,
            "no_speech_prob": 0.04136590287089348,
            "words": [
                {
                    "word": " missionary",
                    "start": 0.0,
                    "end": 0.22,
                    "probability": 0.14814677834510803
                },
                {
                    "word": " man.",
                    "start": 0.22,
                    "end": 0.32,
                    "probability": 0.8341030478477478
                }
            ]
        }
    ],
    "language": "en"
}