{
    "text": " Yeah, yeah. What do you think about the role of discretionary versus quant in long short? Is this a realm where quant has a greater edge than discretionary? Are there certain types of long short portfolios that discretionary might have an edge over quant?",
    "segments": [
        {
            "id": 0,
            "seek": 0,
            "start": 0.0,
            "end": 0.6,
            "text": " Yeah, yeah.",
            "tokens": [
                50365,
                865,
                11,
                1338,
                13,
                50403
            ],
            "temperature": 0.0,
            "avg_logprob": -0.10180012111006112,
            "compression_ratio": 1.5644171779141105,
            "no_speech_prob": 0.003272278932854533,
            "words": [
                {
                    "word": " Yeah,",
                    "start": 0.0,
                    "end": 0.26,
                    "probability": 0.5054607391357422
                },
                {
                    "word": " yeah.",
                    "start": 0.26,
                    "end": 0.6,
                    "probability": 0.9963526725769043
                }
            ]
        },
        {
            "id": 1,
            "seek": 0,
            "start": 0.72,
            "end": 13.38,
            "text": " What do you think about the role of discretionary versus quant in long short? Is this a realm where quant has a greater edge than discretionary? Are there certain types of long short portfolios that discretionary might have an edge over quant?",
            "tokens": [
                50407,
                708,
                360,
                291,
                519,
                466,
                264,
                3090,
                295,
                30140,
                822,
                5717,
                4426,
                294,
                938,
                2099,
                30,
                1119,
                341,
                257,
                15355,
                689,
                4426,
                575,
                257,
                5044,
                4691,
                813,
                30140,
                822,
                30,
                2014,
                456,
                1629,
                3467,
                295,
                938,
                2099,
                11688,
                2717,
                300,
                30140,
                822,
                1062,
                362,
                364,
                4691,
                670,
                4426,
                30,
                51047
            ],
            "temperature": 0.0,
            "avg_logprob": -0.10180012111006112,
            "compression_ratio": 1.5644171779141105,
            "no_speech_prob": 0.003272278932854533,
            "words": [
                {
                    "word": " What",
                    "start": 0.72,
                    "end": 0.9,
                    "probability": 0.9953957200050354
                },
                {
                    "word": " do",
                    "start": 0.9,
                    "end": 1.04,
                    "probability": 0.9998939037322998
                },
                {
                    "word": " you",
                    "start": 1.04,
                    "end": 1.08,
                    "probability": 0.9999792575836182
                },
                {
                    "word": " think",
                    "start": 1.08,
                    "end": 1.3,
                    "probability": 0.9999771118164062
                },
                {
                    "word": " about",
                    "start": 1.3,
                    "end": 1.6,
                    "probability": 0.9999196529388428
                },
                {
                    "word": " the",
                    "start": 1.6,
                    "end": 2.08,
                    "probability": 0.9998990297317505
                },
                {
                    "word": " role",
                    "start": 2.08,
                    "end": 2.32,
                    "probability": 0.9998962879180908
                },
                {
                    "word": " of",
                    "start": 2.32,
                    "end": 2.66,
                    "probability": 0.9999793767929077
                },
                {
                    "word": " discretionary",
                    "start": 2.66,
                    "end": 3.64,
                    "probability": 0.9958492815494537
                },
                {
                    "word": " versus",
                    "start": 3.64,
                    "end": 3.82,
                    "probability": 0.9986873269081116
                },
                {
                    "word": " quant",
                    "start": 3.82,
                    "end": 4.54,
                    "probability": 0.9941667318344116
                },
                {
                    "word": " in",
                    "start": 4.54,
                    "end": 4.86,
                    "probability": 0.9506495594978333
                },
                {
                    "word": " long",
                    "start": 4.86,
                    "end": 5.08,
                    "probability": 0.9874266386032104
                },
                {
                    "word": " short?",
                    "start": 5.08,
                    "end": 5.42,
                    "probability": 0.8453795313835144
                },
                {
                    "word": " Is",
                    "start": 5.54,
                    "end": 5.68,
                    "probability": 0.999886155128479
                },
                {
                    "word": " this",
                    "start": 5.68,
                    "end": 5.82,
                    "probability": 0.9999920129776001
                },
                {
                    "word": " a",
                    "start": 5.82,
                    "end": 5.96,
                    "probability": 0.9999849796295166
                },
                {
                    "word": " realm",
                    "start": 5.96,
                    "end": 6.32,
                    "probability": 0.9999809265136719
                },
                {
                    "word": " where",
                    "start": 6.32,
                    "end": 6.72,
                    "probability": 0.9999916553497314
                },
                {
                    "word": " quant",
                    "start": 6.72,
                    "end": 7.2,
                    "probability": 0.9996073842048645
                },
                {
                    "word": " has",
                    "start": 7.2,
                    "end": 7.46,
                    "probability": 0.9999892711639404
                },
                {
                    "word": " a",
                    "start": 7.46,
                    "end": 7.64,
                    "probability": 0.9999959468841553
                },
                {
                    "word": " greater",
                    "start": 7.64,
                    "end": 7.82,
                    "probability": 0.9999740123748779
                },
                {
                    "word": " edge",
                    "start": 7.82,
                    "end": 8.1,
                    "probability": 0.9999673366546631
                },
                {
                    "word": " than",
                    "start": 8.1,
                    "end": 8.3,
                    "probability": 0.999987006187439
                },
                {
                    "word": " discretionary?",
                    "start": 8.3,
                    "end": 8.86,