{
    "text": " I don't want to put words in your mouth, but it sounds like what you're saying is instead of trying to think about getting rid of the left tail, you're talking about adding an asset that will exhibit right tail behavior at the same time as that left tail is exhibited.",
    "segments": [
        {
            "id": 0,
            "seek": 0,
            "start": 0.0,
            "end": 11.42,
            "text": " I don't want to put words in your mouth, but it sounds like what you're saying is instead of trying to think about getting rid of the left tail, you're talking about adding an asset that will exhibit right tail behavior at the same time as that left tail is exhibited.",
            "tokens": [
                50365,
                286,
                500,
                380,
                528,
                281,
                829,
                2283,
                294,
                428,
                4525,
                11,
                457,
                309,
                3263,
                411,
                437,
                291,
                434,
                1566,
                307,
                2602,
                295,
                1382,
                281,
                519,
                466,
                1242,
                3973,
                295,
                264,
                1411,
                6838,
                11,
                291,
                434,
                1417,
                466,
                5127,
                364,
                11999,
                300,
                486,
                20487,
                558,
                6838,
                5223,
                412,
                264,
                912,
                565,
                382,
                300,
                1411,
                6838,
                307,
                49446,
                13,
                50941
            ],
            "temperature": 0.0,
            "avg_logprob": -0.06413281758626302,
            "compression_ratio": 1.6047904191616766,
            "no_speech_prob": 0.009556642733514309,
            "words": [
                {
                    "word": " I",
                    "start": 0.0,
                    "end": 0.1,
                    "probability": 0.768463671207428
                },
                {
                    "word": " don't",
                    "start": 0.1,
                    "end": 0.2,
                    "probability": 0.9982378482818604
                },
                {
                    "word": " want",
                    "start": 0.2,
                    "end": 0.26,
                    "probability": 0.8401822447776794
                },
                {
                    "word": " to",
                    "start": 0.26,
                    "end": 0.32,
                    "probability": 0.9788163900375366
                },
                {
                    "word": " put",
                    "start": 0.32,
                    "end": 0.36,
                    "probability": 0.9831019043922424
                },
                {
                    "word": " words",
                    "start": 0.36,
                    "end": 0.58,
                    "probability": 0.9970123767852783
                },
                {
                    "word": " in",
                    "start": 0.58,
                    "end": 0.68,
                    "probability": 0.997056245803833
                },
                {
                    "word": " your",
                    "start": 0.68,
                    "end": 0.76,
                    "probability": 0.9988783001899719
                },
                {
                    "word": " mouth,",
                    "start": 0.76,
                    "end": 0.94,
                    "probability": 0.9993040561676025
                },
                {
                    "word": " but",
                    "start": 1.0,
                    "end": 1.12,
                    "probability": 0.9991210103034973
                },
                {
                    "word": " it",
                    "start": 1.12,
                    "end": 1.2,
                    "probability": 0.9978343844413757
                },
                {
                    "word": " sounds",
                    "start": 1.2,
                    "end": 1.42,
                    "probability": 0.9992879033088684
                },
                {
                    "word": " like",
                    "start": 1.42,
                    "end": 1.64,
                    "probability": 0.9990552067756653
                },
                {
                    "word": " what",
                    "start": 1.64,
                    "end": 1.76,
                    "probability": 0.99739670753479
                },
                {
                    "word": " you're",
                    "start": 1.76,
                    "end": 1.92,
                    "probability": 0.9975845515727997
                },
                {
                    "word": " saying",
                    "start": 1.92,
                    "end": 2.12,
                    "probability": 0.9995346069335938
                },
                {
                    "word": " is",
                    "start": 2.12,
                    "end": 2.3,
                    "probability": 0.9864532351493835
                },
                {
                    "word": " instead",
                    "start": 2.3,
                    "end": 2.48,
                    "probability": 0.9512814283370972
                },
                {
                    "word": " of",
                    "start": 2.48,
                    "end": 2.68,
                    "probability": 0.9992782473564148
                },
                {
                    "word": " trying",
                    "start": 2.68,
                    "end": 2.82,
                    "probability": 0.998961329460144
                },
                {
                    "word": " to",
                    "start": 2.82,
                    "end": 2.98,
                    "probability": 0.9994944334030151
                },
                {
                    "word": " think",
                    "start": 2.98,
                    "end": 3.18,
                    "probability": 0.9990293979644775
                },
                {
                    "word": " about",
                    "start": 3.18,
                    "end": 3.48,
                    "probability": 0.9995002746582031
                },
                {
                    "word": " getting",
                    "start": 3.48,
                    "end": 3.82,
                    "probability": 0.99562668800354
                },
                {
                    "word": " rid",
                    "start": 3.82,
                    "end": 4.06,
                    "probability": 0.9995571970939636
                },
                {
                    "word": " of",
                    "start": 4.06,
                    "end": 4.26,
                    "probability": 0.9997217059135437
                },
                {
                    "word": " the",
                    "start": 4.26,
                    "end": 4.32,
                    "probability": 0.9990247488021851
                },
                {
                    "word": " left",
                    "start": 4.32,
                    "end": 4.56,
                    "probability": 0.9964087605476379
                },
                {
                    "word": " tail,",
                    "start": 4.56,
                    "end": 4.82,
                    "probability": 0.9900770783424377
                },
                {
                    "word": " you're",
                    "start": 5.0,