{
    "text": " not",
    "segments": [
        {
            "id": 0,
            "seek": 0,
            "start": 0.0,
            "end": 0.14,
            "text": " not",
            "tokens": [
                50365,
                406,
                50375
            ],
            "temperature": 0.0,
            "avg_logprob": -0.6633322238922119,
            "compression_ratio": 0.2727272727272727,
            "no_speech_prob": 0.8739057183265686,
            "words": [
                {
                    "word": " not",
                    "start": 0.0,
                    "end": 0.14,
                    "probability": 0.4242696762084961
                }
            ]
        }
    ],
    "language": "en"
}