{
    "text": " Not really.",
    "segments": [
        {
            "id": 0,
            "seek": 0,
            "start": 0.0,
            "end": 0.22,
            "text": " Not really.",
            "tokens": [
                50365,
                1726,
                534,
                13,
                50402
            ],
            "temperature": 0.0,
            "avg_logprob": -0.07969434559345245,
            "compression_ratio": 0.5789473684210527,
            "no_speech_prob": 0.013385428115725517,
            "words": [
                {
                    "word": " Not",
                    "start": 0.0,
                    "end": 0.0,
                    "probability": 0.28189319372177124
                },
                {
                    "word": " really.",
                    "start": 0.0,
                    "end": 0.22,
                    "probability": 0.9973992109298706
                }
            ]
        }
    ],
    "language": "en"
}