{
    "text": " you",
    "segments": [
        {
            "id": 0,
            "seek": 0,
            "start": 0.0,
            "end": 0.04,
            "text": " you",
            "tokens": [
                50365,
                291,
                50396
            ],
            "temperature": 0.0,
            "avg_logprob": -0.8473580479621887,
            "compression_ratio": 0.2727272727272727,
            "no_speech_prob": 0.8632596135139465,
            "words": [
                {
                    "word": " you",
                    "start": 0.0,
                    "end": 0.04,
                    "probability": 0.28250765800476074
                }
            ]
        }
    ],
    "language": "en"
}