{
    "text": " huge",
    "segments": [
        {
            "id": 0,
            "seek": 0,
            "start": 0.0,
            "end": 0.34,
            "text": " huge",
            "tokens": [
                50365,
                2603,
                50384
            ],
            "temperature": 0.0,
            "avg_logprob": -0.30408158898353577,
            "compression_ratio": 0.3333333333333333,
            "no_speech_prob": 0.09571415930986404,
            "words": [
                {
                    "word": " huge",
                    "start": 0.0,
                    "end": 0.34,
                    "probability": 0.4105360805988312
                }
            ]
        }
    ],
    "language": "en"
}