{
    "text": " you",
    "segments": [
        {
            "id": 0,
            "seek": 0,
            "start": 0.0,
            "end": 0.14,
            "text": " you",
            "tokens": [
                50365,
                291,
                50465
            ],
            "temperature": 0.0,
            "avg_logprob": -0.9617317318916321,
            "compression_ratio": 0.2727272727272727,
            "no_speech_prob": 0.87270587682724,
            "words": [
                {
                    "word": " you",
                    "start": 0.0,
                    "end": 0.14,
                    "probability": 0.2604076862335205
                }
            ]
        }
    ],
    "language": "en"
}