{
    "text": " Yeah.",
    "segments": [
        {
            "id": 0,
            "seek": 0,
            "start": 0.0,
            "end": 0.28,
            "text": " Yeah.",
            "tokens": [
                50365,
                865,
                13,
                50381
            ],
            "temperature": 0.0,
            "avg_logprob": -0.25344717502593994,
            "compression_ratio": 0.38461538461538464,
            "no_speech_prob": 0.20366467535495758,
            "words": [
                {
                    "word": " Yeah.",
                    "start": 0.0,
                    "end": 0.28,
                    "probability": 0.23802629113197327
                }
            ]
        }
    ],
    "language": "en"
}