{
    "text": " I agree. Absolutely, yes.",
    "segments": [
        {
            "id": 0,
            "seek": 0,
            "start": 0.0,
            "end": 0.4,
            "text": " I agree.",
            "tokens": [
                50365,
                286,
                3986,
                13,
                50415
            ],
            "temperature": 0.0,
            "avg_logprob": -0.2552034258842468,
            "compression_ratio": 0.7575757575757576,
            "no_speech_prob": 0.0018209473928436637,
            "words": [
                {
                    "word": " I",
                    "start": 0.0,
                    "end": 0.14,
                    "probability": 0.7441431283950806
                },
                {
                    "word": " agree.",
                    "start": 0.14,
                    "end": 0.4,
                    "probability": 0.9974297881126404
                }
            ]
        },
        {
            "id": 1,
            "seek": 0,
            "start": 0.74,
            "end": 1.58,
            "text": " Absolutely, yes.",
            "tokens": [
                50415,
                7021,
                11,
                2086,
                13,
                50459
            ],
            "temperature": 0.0,
            "avg_logprob": -0.2552034258842468,
            "compression_ratio": 0.7575757575757576,
            "no_speech_prob": 0.0018209473928436637,
            "words": [
                {
                    "word": " Absolutely,",
                    "start": 0.74,
                    "end": 1.14,
                    "probability": 0.9956834316253662
                },
                {
                    "word": " yes.",
                    "start": 1.38,
                    "end": 1.58,
                    "probability": 0.9944503307342529
                }
            ]
        }
    ],
    "language": "en"
}