{
    "text": " The cat's out of the bag. I know the season's already been released, so you know the final question. You've gotten to prepare more than other guests. But the final question of the season has been, looking back on your career to date, what do you think the luckiest break you've had has been?",
    "segments": [
        {
            "id": 0,
            "seek": 0,
            "start": 0.0,
            "end": 14.62,
            "text": " The cat's out of the bag. I know the season's already been released, so you know the final question. You've gotten to prepare more than other guests. But the final question of the season has been, looking back on your career to date, what do you think the luckiest break you've had has been?",
            "tokens": [
                50365,
                440,
                3857,
                311,
                484,
                295,
                264,
                3411,
                13,
                286,
                458,
                264,
                3196,
                311,
                1217,
                668,
                4736,
                11,
                370,
                291,
                458,
                264,
                2572,
                1168,
                13,
                509,
                600,
                5768,
                281,
                5940,
                544,
                813,
                661,
                9804,
                13,
                583,
                264,
                2572,
                1168,
                295,
                264,
                3196,
                575,
                668,
                11,
                1237,
                646,
                322,
                428,
                3988,
                281,
                4002,
                11,
                437,
                360,
                291,
                519,
                264,
                3668,
                6495,
                1821,
                291,
                600,
                632,
                575,
                668,
                30,
                51106
            ],
            "temperature": 0.0,
            "avg_logprob": -0.06157510176948879,
            "compression_ratio": 1.572972972972973,
            "no_speech_prob": 0.00013764295727014542,
            "words": [
                {
                    "word": " The",
                    "start": 0.0,
                    "end": 0.02,
                    "probability": 0.3382548987865448
                },
                {
                    "word": " cat's",
                    "start": 0.02,
                    "end": 0.2,
                    "probability": 0.9971009194850922
                },
                {
                    "word": " out",
                    "start": 0.2,
                    "end": 0.3,
                    "probability": 0.9999388456344604
                },
                {
                    "word": " of",
                    "start": 0.3,
                    "end": 0.38,
                    "probability": 0.9999936819076538
                },
                {
                    "word": " the",
                    "start": 0.38,
                    "end": 0.4,
                    "probability": 0.9999880790710449
                },
                {
                    "word": " bag.",
                    "start": 0.4,
                    "end": 0.68,
                    "probability": 0.9999926090240479
                },
                {
                    "word": " I",
                    "start": 0.72,
                    "end": 0.82,
                    "probability": 0.9995735287666321
                },
                {
                    "word": " know",
                    "start": 0.82,
                    "end": 0.9,
                    "probability": 0.999934196472168
                },
                {
                    "word": " the",
                    "start": 0.9,
                    "end": 1.0,
                    "probability": 0.999295711517334
                },
                {
                    "word": " season's",
                    "start": 1.0,
                    "end": 1.36,
                    "probability": 0.9973292648792267
                },
                {
                    "word": " already",
                    "start": 1.36,
                    "end": 1.52,
                    "probability": 0.9999217987060547
                },
                {
                    "word": " been",
                    "start": 1.52,
                    "end": 1.68,
                    "probability": 0.9999945163726807
                },
                {
                    "word": " released,",
                    "start": 1.68,
                    "end": 1.96,
                    "probability": 0.9999567270278931
                },
                {
                    "word": " so",
                    "start": 2.0,
                    "end": 2.16,
                    "probability": 0.9996607303619385
                },
                {
                    "word": " you",
                    "start": 2.16,
                    "end": 2.26,
                    "probability": 0.9975528120994568
                },
                {
                    "word": " know",
                    "start": 2.26,
                    "end": 2.44,
                    "probability": 0.999975323677063
                },
                {
                    "word": " the",
                    "start": 2.44,
                    "end": 2.56,
                    "probability": 0.9919078350067139
                },
                {
                    "word": " final",
                    "start": 2.56,
                    "end": 2.76,
                    "probability": 0.9998192191123962
                },
                {
                    "word": " question.",
                    "start": 2.76,
                    "end": 3.1,
                    "probability": 0.9999603033065796
                },
                {
                    "word": " You've",
                    "start": 3.18,
                    "end": 3.32,
                    "probability": 0.9986050426959991
                },
                {
                    "word": " gotten",
                    "start": 3.32,
                    "end": 3.5,
                    "probability": 0.9998199343681335
                },
                {
                    "word": " to",
                    "start": 3.5,
                    "end": 3.64,
                    "probability": 0.9885762333869934
                },
                {
                    "word": " prepare",
                    "start": 3.64,
                    "end": 3.84,
                    "probability": 0.9973365664482117
                },
                {
                    "word": " more",
                    "start": 3.84,
                    "end": 4.08,
                    "probability": 0.9999815225601196
                },
                {
                    "word": " than",
                    "start": 4.08,
                    "end": 4.26,
                    "probability": 0.9999797344207764
                },
                {
                    "word": " other",
                    "start": 4.26,
                    "end": 4.4,
                    "probability": 0.9996294975280762
                },
                {
                    "word": " guests.",
                    "start": 4.4,
                    "end": 4.74,
                    "probability": 0.9998956918716431
                },
                {
                    "word": " But",
                    "start": 4.94,
                    "end": 5.26,
                    "probability": 0.959571123123169
                },
                {
                    "word": " the",