{
    "text": " My pleasure, my friend.",
    "segments": [
        {
            "id": 0,
            "seek": 0,
            "start": 0.0,
            "end": 0.7,
            "text": " My pleasure, my friend.",
            "tokens": [
                50365,
                1222,
                6834,
                11,
                452,
                1277,
                13,
                50403
            ],
            "temperature": 0.0,
            "avg_logprob": -0.07355493307113647,
            "compression_ratio": 0.7419354838709677,
            "no_speech_prob": 0.0042582363821566105,
            "words": [
                {
                    "word": " My",
                    "start": 0.0,
                    "end": 0.12,
                    "probability": 0.9821823239326477
                },
                {
                    "word": " pleasure,",
                    "start": 0.12,
                    "end": 0.38,
                    "probability": 0.9999370574951172
                },
                {
                    "word": " my",
                    "start": 0.4,
                    "end": 0.48,
                    "probability": 0.9998818635940552
                },
                {
                    "word": " friend.",
                    "start": 0.48,
                    "end": 0.7,
                    "probability": 0.9999703168869019
                }
            ]
        }
    ],
    "language": "en"
}