{
    "text": " Yeah, probably not.",
    "segments": [
        {
            "id": 0,
            "seek": 0,
            "start": 0.0,
            "end": 0.78,
            "text": " Yeah, probably not.",
            "tokens": [
                50365,
                865,
                11,
                1391,
                406,
                13,
                50417
            ],
            "temperature": 0.0,
            "avg_logprob": -0.1377638727426529,
            "compression_ratio": 0.7037037037037037,
            "no_speech_prob": 0.003966100513935089,
            "words": [
                {
                    "word": " Yeah,",
                    "start": 0.0,
                    "end": 0.14,
                    "probability": 0.6924750804901123
                },
                {
                    "word": " probably",
                    "start": 0.14,
                    "end": 0.38,
                    "probability": 0.9992432594299316
                },
                {
                    "word": " not.",
                    "start": 0.38,
                    "end": 0.78,
                    "probability": 0.9995183944702148
                }
            ]
        }
    ],
    "language": "en"
}