{
    "text": " So given the different types of flow trades that you categorized and that you've got this varying number of flow trades going on at any given time, how do you think about portfolio construction and diversification?",
    "segments": [
        {
            "id": 0,
            "seek": 0,
            "start": 0.0,
            "end": 14.08,
            "text": " So given the different types of flow trades that you categorized and that you've got this varying number of flow trades going on at any given time, how do you think about portfolio construction and diversification?",
            "tokens": [
                50365,
                407,
                2212,
                264,
                819,
                3467,
                295,
                3095,
                21287,
                300,
                291,
                19250,
                1602,
                293,
                300,
                291,
                600,
                658,
                341,
                22984,
                1230,
                295,
                3095,
                21287,
                516,
                322,
                412,
                604,
                2212,
                565,
                11,
                577,
                360,
                291,
                519,
                466,
                12583,
                6435,
                293,
                6111,
                3774,
                30,
                51093
            ],
            "temperature": 0.0,
            "avg_logprob": -0.09435488960959694,
            "compression_ratio": 1.4657534246575343,
            "no_speech_prob": 0.00015965414058882743,
            "words": [
                {
                    "word": " So",
                    "start": 0.0,
                    "end": 0.12,
                    "probability": 0.6173714399337769
                },
                {
                    "word": " given",
                    "start": 0.12,
                    "end": 0.58,
                    "probability": 0.9114067554473877
                },
                {
                    "word": " the",
                    "start": 0.58,
                    "end": 1.38,
                    "probability": 0.9982718229293823
                },
                {
                    "word": " different",
                    "start": 1.38,
                    "end": 1.62,
                    "probability": 0.9996199607849121
                },
                {
                    "word": " types",
                    "start": 1.62,
                    "end": 1.86,
                    "probability": 0.9993465542793274
                },
                {
                    "word": " of",
                    "start": 1.86,
                    "end": 2.12,
                    "probability": 0.9997425675392151
                },
                {
                    "word": " flow",
                    "start": 2.12,
                    "end": 2.62,
                    "probability": 0.9548446536064148
                },
                {
                    "word": " trades",
                    "start": 2.62,
                    "end": 2.9,
                    "probability": 0.9822008609771729
                },
                {
                    "word": " that",
                    "start": 2.9,
                    "end": 3.22,
                    "probability": 0.9963422417640686
                },
                {
                    "word": " you",
                    "start": 3.22,
                    "end": 3.48,
                    "probability": 0.999470055103302
                },
                {
                    "word": " categorized",
                    "start": 3.48,
                    "end": 4.74,
                    "probability": 0.9731249809265137
                },
                {
                    "word": " and",
                    "start": 4.74,
                    "end": 5.14,
                    "probability": 0.7604219317436218
                },
                {
                    "word": " that",
                    "start": 5.14,
                    "end": 5.42,
                    "probability": 0.9981260895729065
                },
                {
                    "word": " you've",
                    "start": 5.42,
                    "end": 5.6,
                    "probability": 0.9971172511577606
                },
                {
                    "word": " got",
                    "start": 5.6,
                    "end": 5.74,
                    "probability": 0.9998049139976501
                },
                {
                    "word": " this",
                    "start": 5.74,
                    "end": 5.88,
                    "probability": 0.997748076915741
                },
                {
                    "word": " varying",
                    "start": 5.88,
                    "end": 6.3,
                    "probability": 0.9985339641571045
                },
                {
                    "word": " number",
                    "start": 6.3,
                    "end": 6.8,
                    "probability": 0.9988282322883606
                },
                {
                    "word": " of",
                    "start": 6.8,
                    "end": 7.42,
                    "probability": 0.9996812343597412
                },
                {
                    "word": " flow",
                    "start": 7.42,
                    "end": 7.66,
                    "probability": 0.9960874319076538
                },
                {
                    "word": " trades",
                    "start": 7.66,
                    "end": 8.06,
                    "probability": 0.9972679615020752
                },
                {
                    "word": " going",
                    "start": 8.06,
                    "end": 8.48,
                    "probability": 0.9992249011993408
                },
                {
                    "word": " on",
                    "start": 8.48,
                    "end": 8.8,
                    "probability": 0.9998321533203125
                },
                {
                    "word": " at",
                    "start": 8.8,
                    "end": 8.94,
                    "probability": 0.9861975312232971
                },
                {
                    "word": " any",
                    "start": 8.94,
                    "end": 9.1,
                    "probability": 0.9996629953384399
                },
                {
                    "word": " given",
                    "start": 9.1,
                    "end": 9.34,
                    "probability": 0.9998185038566589
                },
                {
                    "word": " time,",
                    "start": 9.34,
                    "end": 9.76,
                    "probability": 0.9995867609977722
                },
                {
                    "word": " how",
                    "start": 9.84,
                    "end": 10.24,
                    "probability": 0.9963437914848328
                },
                {
                    "word": " do",
                    "start": 10.24,
                    "end": 10.34,
                    "probability": 0.9995604157447815
                },
                {
                    "word": " you",
                    "start": 10.34,
                    "end": 10.4,
                    "probability": 0.9994726777076721
                },
                {
                    "word": " think",
                    "start": 10.4,
                    "end": 10.5,
                    "probability": 0.999666690826416
                },
                {
                    "word": " about",
                    "start": 10.5,
                    "end": 10.66,