{
    "text": " Amen.",
    "segments": [
        {
            "id": 0,
            "seek": 0,
            "start": 0.0,
            "end": 0.04,
            "text": " Amen.",
            "tokens": [
                50365,
                14092,
                13,
                50368
            ],
            "temperature": 0.0,
            "avg_logprob": -0.6072586059570313,
            "compression_ratio": 0.38461538461538464,
            "no_speech_prob": 0.9858763813972473,
            "words": [
                {
                    "word": " Amen.",
                    "start": 0.0,
                    "end": 0.04,
                    "probability": 0.2426660805940628
                }
            ]
        }
    ],
    "language": "en"
}