{
    "text": " you were proven.",
    "segments": [
        {
            "id": 0,
            "seek": 0,
            "start": 0.0,
            "end": 0.42,
            "text": " you were proven.",
            "tokens": [
                50365,
                291,
                645,
                12785,
                13,
                50445
            ],
            "temperature": 0.0,
            "avg_logprob": -0.37311458587646484,
            "compression_ratio": 0.6666666666666666,
            "no_speech_prob": 0.0040024202316999435,
            "words": [
                {
                    "word": " you",
                    "start": 0.0,
                    "end": 0.08,
                    "probability": 0.2819924056529999
                },
                {
                    "word": " were",
                    "start": 0.08,
                    "end": 0.24,
                    "probability": 0.9459620714187622
                },
                {
                    "word": " proven.",
                    "start": 0.24,
                    "end": 0.42,
                    "probability": 0.7859137654304504
                }
            ]
        }
    ],
    "language": "en"
}