{
    "text": " I mean,",
    "segments": [
        {
            "id": 0,
            "seek": 0,
            "start": 0.0,
            "end": 0.08,
            "text": " I mean,",
            "tokens": [
                50365,
                286,
                914,
                11,
                50373
            ],
            "temperature": 0.0,
            "avg_logprob": -0.8881978193918864,
            "compression_ratio": 0.4666666666666667,
            "no_speech_prob": 0.8850553631782532,
            "words": [
                {
                    "word": " I",
                    "start": 0.0,
                    "end": 0.0,
                    "probability": 0.0729377493262291
                },
                {
                    "word": " mean,",
                    "start": 0.0,
                    "end": 0.08,
                    "probability": 0.2385973036289215
                }
            ]
        }
    ],
    "language": "en"
}