{
    "text": " That's it.",
    "segments": [
        {
            "id": 0,
            "seek": 0,
            "start": 0.0,
            "end": 0.32,
            "text": " That's it.",
            "tokens": [
                50365,
                663,
                311,
                309,
                13,
                50383
            ],
            "temperature": 0.0,
            "avg_logprob": -0.3465945039476667,
            "compression_ratio": 0.5555555555555556,
            "no_speech_prob": 0.2911178469657898,
            "words": [
                {
                    "word": " That's",
                    "start": 0.0,
                    "end": 0.32,
                    "probability": 0.5701785758137703
                },
                {
                    "word": " it.",
                    "start": 0.32,
                    "end": 0.32,
                    "probability": 0.622951328754425
                }
            ]
        }
    ],
    "language": "en"
}