{
    "text": " Absolutely.",
    "segments": [
        {
            "id": 0,
            "seek": 0,
            "start": 0.0,
            "end": 0.46,
            "text": " Absolutely.",
            "tokens": [
                50365,
                7021,
                13,
                50411
            ],
            "temperature": 0.0,
            "avg_logprob": -0.4717087268829346,
            "compression_ratio": 0.5789473684210527,
            "no_speech_prob": 0.01149210799485445,
            "words": [
                {
                    "word": " Absolutely.",
                    "start": 0.0,
                    "end": 0.46,
                    "probability": 0.8110827803611755
                }
            ]
        }
    ],
    "language": "en"
}