{
    "text": " knew who",
    "segments": [
        {
            "id": 0,
            "seek": 0,
            "start": 0.0,
            "end": 0.22,
            "text": " knew who",
            "tokens": [
                50365,
                2586,
                567,
                50386
            ],
            "temperature": 0.0,
            "avg_logprob": -0.642558479309082,
            "compression_ratio": 0.5,
            "no_speech_prob": 0.3462280035018921,
            "words": [
                {
                    "word": " knew",
                    "start": 0.0,
                    "end": 0.2,
                    "probability": 0.044765569269657135
                },
                {
                    "word": " who",
                    "start": 0.2,
                    "end": 0.22,
                    "probability": 0.8520455360412598
                }
            ]
        }
    ],
    "language": "en"
}