{
    "text": " What's the truth?",
    "segments": [
        {
            "id": 0,
            "seek": 0,
            "start": 0.0,
            "end": 0.4,
            "text": " What's the truth?",
            "tokens": [
                50365,
                708,
                311,
                264,
                3494,
                30,
                50386
            ],
            "temperature": 0.0,
            "avg_logprob": -0.3303261399269104,
            "compression_ratio": 0.68,
            "no_speech_prob": 0.04660944268107414,
            "words": [
                {
                    "word": " What's",
                    "start": 0.0,
                    "end": 0.2,
                    "probability": 0.7677495777606964
                },
                {
                    "word": " the",
                    "start": 0.2,
                    "end": 0.3,
                    "probability": 0.9868072867393494
                },
                {
                    "word": " truth?",
                    "start": 0.3,
                    "end": 0.4,
                    "probability": 0.24728305637836456
                }
            ]
        }
    ],
    "language": "en"
}