{
    "text": " ETF.",
    "segments": [
        {
            "id": 0,
            "seek": 0,
            "start": 0.0,
            "end": 0.16,
            "text": " ETF.",
            "tokens": [
                50365,
                37436,
                13,
                50381
            ],
            "temperature": 0.0,
            "avg_logprob": -0.5473478317260743,
            "compression_ratio": 0.3333333333333333,
            "no_speech_prob": 0.01619475893676281,
            "words": [
                {
                    "word": " ETF.",
                    "start": 0.0,
                    "end": 0.16,
                    "probability": 0.0621604397892952
                }
            ]
        }
    ],
    "language": "en"
}