{
    "text": " pairing.",
    "segments": [
        {
            "id": 0,
            "seek": 0,
            "start": 0.0,
            "end": 0.08,
            "text": " pairing.",
            "tokens": [
                50365,
                32735,
                13,
                50387
            ],
            "temperature": 0.0,
            "avg_logprob": -0.37246997356414796,
            "compression_ratio": 0.5,
            "no_speech_prob": 0.00037332542706280947,
            "words": [
                {
                    "word": " pairing.",
                    "start": 0.0,
                    "end": 0.08,
                    "probability": 0.19532904028892517
                }
            ]
        }
    ],
    "language": "en"
}