{
    "text": " You know?",
    "segments": [
        {
            "id": 0,
            "seek": 0,
            "start": 0.05999999999999997,
            "end": 0.12,
            "text": " You know?",
            "tokens": [
                50365,
                509,
                458,
                30,
                50378
            ],
            "temperature": 0.0,
            "avg_logprob": -0.3669718901316325,
            "compression_ratio": 0.5294117647058824,
            "no_speech_prob": 0.23842154443264008,
            "words": [
                {
                    "word": " You",
                    "start": 0.05999999999999997,
                    "end": 0.1,
                    "probability": 0.4265570640563965
                },
                {
                    "word": " know?",
                    "start": 0.1,
                    "end": 0.12,
                    "probability": 0.9961716532707214
                }
            ]
        }
    ],
    "language": "en"
}