{
    "text": " Well, Mike, we're coming to the end of the episode here. And the way I'm closing my season this year is with the question to all my guests, what is the luckiest thing, the luckiest break you've had or the most serendipitous moment in your career?",
    "segments": [
        {
            "id": 0,
            "seek": 0,
            "start": 0.0,
            "end": 15.88,
            "text": " Well, Mike, we're coming to the end of the episode here. And the way I'm closing my season this year is with the question to all my guests, what is the luckiest thing, the luckiest break you've had or the most serendipitous moment in your career?",
            "tokens": [
                50365,
                1042,
                11,
                6602,
                11,
                321,
                434,
                1348,
                281,
                264,
                917,
                295,
                264,
                3500,
                510,
                13,
                400,
                264,
                636,
                286,
                478,
                10377,
                452,
                3196,
                341,
                1064,
                307,
                365,
                264,
                1168,
                281,
                439,
                452,
                9804,
                11,
                437,
                307,
                264,
                3668,
                6495,
                551,
                11,
                264,
                3668,
                6495,
                1821,
                291,
                600,
                632,
                420,
                264,
                881,
                816,
                521,
                647,
                39831,
                1623,
                294,
                428,
                3988,
                30,
                51166
            ],
            "temperature": 0.0,
            "avg_logprob": -0.06299565708826459,
            "compression_ratio": 1.4819277108433735,
            "no_speech_prob": 0.48048678040504456,
            "words": [
                {
                    "word": " Well,",
                    "start": 0.0,
                    "end": 0.64,
                    "probability": 0.7318100929260254
                },
                {
                    "word": " Mike,",
                    "start": 0.7,
                    "end": 0.84,
                    "probability": 0.9984851479530334
                },
                {
                    "word": " we're",
                    "start": 0.9,
                    "end": 1.06,
                    "probability": 0.9999396800994873
                },
                {
                    "word": " coming",
                    "start": 1.06,
                    "end": 1.36,
                    "probability": 0.9999734163284302
                },
                {
                    "word": " to",
                    "start": 1.36,
                    "end": 1.5,
                    "probability": 0.999987006187439
                },
                {
                    "word": " the",
                    "start": 1.5,
                    "end": 1.62,
                    "probability": 0.9999878406524658
                },
                {
                    "word": " end",
                    "start": 1.62,
                    "end": 1.96,
                    "probability": 0.9999905824661255
                },
                {
                    "word": " of",
                    "start": 1.96,
                    "end": 2.1,
                    "probability": 0.999964714050293
                },
                {
                    "word": " the",
                    "start": 2.1,
                    "end": 2.24,
                    "probability": 0.9999673366546631
                },
                {
                    "word": " episode",
                    "start": 2.24,
                    "end": 2.82,
                    "probability": 0.9999549388885498
                },
                {
                    "word": " here.",
                    "start": 2.82,
                    "end": 3.18,
                    "probability": 0.9996411800384521
                },
                {
                    "word": " And",
                    "start": 3.5,
                    "end": 3.98,
                    "probability": 0.9951202273368835
                },
                {
                    "word": " the",
                    "start": 3.98,
                    "end": 4.76,
                    "probability": 0.999729335308075
                },
                {
                    "word": " way",
                    "start": 4.76,
                    "end": 4.92,
                    "probability": 0.9999978542327881
                },
                {
                    "word": " I'm",
                    "start": 4.92,
                    "end": 5.02,
                    "probability": 0.9999962449073792
                },
                {
                    "word": " closing",
                    "start": 5.02,
                    "end": 5.34,
                    "probability": 0.9999910593032837
                },
                {
                    "word": " my",
                    "start": 5.34,
                    "end": 5.66,
                    "probability": 0.9999889135360718
                },
                {
                    "word": " season",
                    "start": 5.66,
                    "end": 6.1,
                    "probability": 0.9999842643737793
                },
                {
                    "word": " this",
                    "start": 6.1,
                    "end": 6.36,
                    "probability": 0.9999642372131348
                },
                {
                    "word": " year",
                    "start": 6.36,
                    "end": 6.58,
                    "probability": 0.9999973773956299
                },
                {
                    "word": " is",
                    "start": 6.58,
                    "end": 6.8,
                    "probability": 0.99979168176651
                },
                {
                    "word": " with",
                    "start": 6.8,
                    "end": 7.36,
                    "probability": 0.9972955584526062
                },
                {
                    "word": " the",
                    "start": 7.36,
                    "end": 7.48,
                    "probability": 0.9997733235359192
                },
                {
                    "word": " question",
                    "start": 7.48,
                    "end": 7.92,
                    "probability": 0.9997221827507019
                },
                {
                    "word": " to",
                    "start": 7.92,
                    "end": 8.16,
                    "probability": 0.9991074204444885
                },
                {
                    "word": " all",
                    "start": 8.16,
                    "end": 8.26,
                    "probability": 0.99998939037323
                },
                {
                    "word": " my",
                    "start": 8.26,
                    "end": 8.44,
                    "probability": 0.9999818801879883
                },
                {
                    "word": " guests,",
                    "start": 8.44,
                    "end": 8.74,
                    "probability": 0.9999501705169678
                },
                {
                    "word": " what",
                    "start": 8.94,
                    "end": 9.42,
                    "probability": 0.999616265296936
                },
                {
                    "word": " is",
                    "start": 9.42,