{
    "text": " Thank you.",
    "segments": [
        {
            "id": 0,
            "seek": 0,
            "start": 0.0,
            "end": 0.24,
            "text": " Thank you.",
            "tokens": [
                50365,
                1044,
                291,
                13,
                50377
            ],
            "temperature": 0.0,
            "avg_logprob": -0.5300136804580688,
            "compression_ratio": 0.5555555555555556,
            "no_speech_prob": 0.930874764919281,
            "words": [
                {
                    "word": " Thank",
                    "start": 0.0,
                    "end": 0.24,
                    "probability": 0.25426027178764343
                },
                {
                    "word": " you.",
                    "start": 0.24,
                    "end": 0.24,
                    "probability": 0.9985381364822388
                }
            ]
        }
    ],
    "language": "en"
}