{
    "text": " Thank you.",
    "segments": [
        {
            "id": 0,
            "seek": 0,
            "start": 0.0,
            "end": 0.46,
            "text": " Thank you.",
            "tokens": [
                50365,
                1044,
                291,
                13,
                50390
            ],
            "temperature": 0.0,
            "avg_logprob": -0.15622793634732565,
            "compression_ratio": 0.5555555555555556,
            "no_speech_prob": 0.10292690992355347,
            "words": [
                {
                    "word": " Thank",
                    "start": 0.0,
                    "end": 0.28,
                    "probability": 0.5625829696655273
                },
                {
                    "word": " you.",
                    "start": 0.28,
                    "end": 0.46,
                    "probability": 0.9935176372528076
                }
            ]
        }
    ],
    "language": "en"
}