{
    "text": " SPORTS.",
    "segments": [
        {
            "id": 0,
            "seek": 0,
            "start": 0.0,
            "end": 0.14,
            "text": " SPORTS.",
            "tokens": [
                50365,
                8420,
                2483,
                7327,
                13,
                50373
            ],
            "temperature": 0.0,
            "avg_logprob": -0.9651434080941337,
            "compression_ratio": 0.4666666666666667,
            "no_speech_prob": 0.9428531527519226,
            "words": [
                {
                    "word": " SPORTS.",
                    "start": 0.0,
                    "end": 0.14,
                    "probability": 0.41153835132718086
                }
            ]
        }
    ],
    "language": "en"
}