{
    "text": " you",
    "segments": [
        {
            "id": 0,
            "seek": 0,
            "start": 0.0,
            "end": 0.02,
            "text": " you",
            "tokens": [
                50365,
                291,
                50367
            ],
            "temperature": 0.0,
            "avg_logprob": -0.9603294730186462,
            "compression_ratio": 0.2727272727272727,
            "no_speech_prob": 0.9406330585479736,
            "words": [
                {
                    "word": " you",
                    "start": 0.0,
                    "end": 0.02,
                    "probability": 0.2687883973121643
                }
            ]
        }
    ],
    "language": "en"
}