{
    "text": " Well, before",
    "segments": [
        {
            "id": 0,
            "seek": 0,
            "start": 0.0,
            "end": 0.28,
            "text": " Well, before",
            "tokens": [
                50365,
                1042,
                11,
                949,
                50388
            ],
            "temperature": 0.0,
            "avg_logprob": -0.19351200262705484,
            "compression_ratio": 0.6,
            "no_speech_prob": 0.02908952720463276,
            "words": [
                {
                    "word": " Well,",
                    "start": 0.0,
                    "end": 0.14,
                    "probability": 0.33518505096435547
                },
                {
                    "word": " before",
                    "start": 0.16,
                    "end": 0.28,
                    "probability": 0.9917610883712769
                }
            ]
        }
    ],
    "language": "en"
}