{
    "text": " So the core idea of MEV then is basically looking at the existing mempool of a block that hasn't been struck and then taking actions to try to profit on the standing transactions in the mempool.",
    "segments": [
        {
            "id": 0,
            "seek": 0,
            "start": 0.0,
            "end": 14.34,
            "text": " So the core idea of MEV then is basically looking at the existing mempool of a block that hasn't been struck and then taking actions to try to profit on the standing transactions in the mempool.",
            "tokens": [
                50365,
                407,
                264,
                4965,
                1558,
                295,
                12003,
                53,
                550,
                307,
                1936,
                1237,
                412,
                264,
                6741,
                1334,
                17374,
                295,
                257,
                3461,
                300,
                6132,
                380,
                668,
                13159,
                293,
                550,
                1940,
                5909,
                281,
                853,
                281,
                7475,
                322,
                264,
                4877,
                16856,
                294,
                264,
                1334,
                17374,
                13,
                51090
            ],
            "temperature": 0.0,
            "avg_logprob": -0.13192459669980136,
            "compression_ratio": 1.4696969696969697,
            "no_speech_prob": 0.0005227746441960335,
            "words": [
                {
                    "word": " So",
                    "start": 0.0,
                    "end": 0.08,
                    "probability": 0.8122278451919556
                },
                {
                    "word": " the",
                    "start": 0.08,
                    "end": 0.14,
                    "probability": 0.9340734481811523
                },
                {
                    "word": " core",
                    "start": 0.14,
                    "end": 0.36,
                    "probability": 0.9958996176719666
                },
                {
                    "word": " idea",
                    "start": 0.36,
                    "end": 0.62,
                    "probability": 0.9979419112205505
                },
                {
                    "word": " of",
                    "start": 0.62,
                    "end": 0.84,
                    "probability": 0.9985336065292358
                },
                {
                    "word": " MEV",
                    "start": 0.84,
                    "end": 1.1,
                    "probability": 0.7588094174861908
                },
                {
                    "word": " then",
                    "start": 1.1,
                    "end": 1.28,
                    "probability": 0.8590020537376404
                },
                {
                    "word": " is",
                    "start": 1.28,
                    "end": 1.5,
                    "probability": 0.9723986387252808
                },
                {
                    "word": " basically",
                    "start": 1.5,
                    "end": 1.86,
                    "probability": 0.9953256845474243
                },
                {
                    "word": " looking",
                    "start": 1.86,
                    "end": 2.52,
                    "probability": 0.9949250221252441
                },
                {
                    "word": " at",
                    "start": 2.52,
                    "end": 2.92,
                    "probability": 0.9997557997703552
                },
                {
                    "word": " the",
                    "start": 2.92,
                    "end": 3.38,
                    "probability": 0.9982627034187317
                },
                {
                    "word": " existing",
                    "start": 3.38,
                    "end": 4.22,
                    "probability": 0.9988058805465698
                },
                {
                    "word": " mempool",
                    "start": 4.22,
                    "end": 4.96,
                    "probability": 0.9000627398490906
                },
                {
                    "word": " of",
                    "start": 4.96,
                    "end": 5.5,
                    "probability": 0.9913824200630188
                },
                {
                    "word": " a",
                    "start": 5.5,
                    "end": 5.62,
                    "probability": 0.9987128973007202
                },
                {
                    "word": " block",
                    "start": 5.62,
                    "end": 6.04,
                    "probability": 0.9973958730697632
                },
                {
                    "word": " that",
                    "start": 6.04,
                    "end": 6.32,
                    "probability": 0.9984299540519714
                },
                {
                    "word": " hasn't",
                    "start": 6.32,
                    "end": 6.72,
                    "probability": 0.9987760186195374
                },
                {
                    "word": " been",
                    "start": 6.72,
                    "end": 6.9,
                    "probability": 0.9997630715370178
                },
                {
                    "word": " struck",
                    "start": 6.9,
                    "end": 7.38,
                    "probability": 0.9971529245376587
                },
                {
                    "word": " and",
                    "start": 7.38,
                    "end": 8.32,
                    "probability": 0.6343342661857605
                },
                {
                    "word": " then",
                    "start": 8.32,
                    "end": 8.48,
                    "probability": 0.9987922310829163
                },
                {
                    "word": " taking",
                    "start": 8.48,
                    "end": 8.76,
                    "probability": 0.99909508228302
                },
                {
                    "word": " actions",
                    "start": 8.76,
                    "end": 9.26,
                    "probability": 0.9510919451713562
                },
                {
                    "word": " to",
                    "start": 9.26,
                    "end": 9.5,
                    "probability": 0.9909461736679077
                },
                {
                    "word": " try",
                    "start": 9.5,
                    "end": 9.68,
                    "probability": 0.9992179870605469
                },
                {
                    "word": " to",
                    "start": 9.68,
                    "end": 9.76,
                    "probability": 0.9974746108055115
                },
                {
                    "word": " profit",
                    "start": 9.76,
                    "end": 10.26,
                    "probability": 0.9993423819541931
                },
                {
                    "word": " on",
                    "start": 10.26,
                    "end": 10.66,
                    "probability": 0.998284637928009
                },
                {
                    "word": " the",
                    "start": 10.66,
                    "end": 11.72,
                    "probability": 0.9934256076812744
                },
                {
                    "word": " standing",
                    "start": 11.72,
                    "end": 12.08,