{
    "text": " any of my",
    "segments": [
        {
            "id": 0,
            "seek": 0,
            "start": 0.0,
            "end": 0.38,
            "text": " any of my",
            "tokens": [
                50365,
                604,
                295,
                452,
                50390
            ],
            "temperature": 0.0,
            "avg_logprob": -0.3450411558151245,
            "compression_ratio": 0.5294117647058824,
            "no_speech_prob": 0.3092571496963501,
            "words": [
                {
                    "word": " any",
                    "start": 0.0,
                    "end": 0.16,
                    "probability": 0.3846379816532135
                },
                {
                    "word": " of",
                    "start": 0.16,
                    "end": 0.24,
                    "probability": 0.8280506134033203
                },
                {
                    "word": " my",
                    "start": 0.24,
                    "end": 0.38,
                    "probability": 0.6119751334190369
                }
            ]
        }
    ],
    "language": "en"
}