{
    "text": " I am ready.",
    "segments": [
        {
            "id": 0,
            "seek": 0,
            "start": 0.0,
            "end": 0.44,
            "text": " I am ready.",
            "tokens": [
                50365,
                286,
                669,
                1919,
                13,
                50394
            ],
            "temperature": 0.0,
            "avg_logprob": -0.30195627893720356,
            "compression_ratio": 0.5789473684210527,
            "no_speech_prob": 0.05958710238337517,
            "words": [
                {
                    "word": " I",
                    "start": 0.0,
                    "end": 0.18,
                    "probability": 0.9485381841659546
                },
                {
                    "word": " am",
                    "start": 0.18,
                    "end": 0.26,
                    "probability": 0.956199049949646
                },
                {
                    "word": " ready.",
                    "start": 0.26,
                    "end": 0.44,
                    "probability": 0.996587872505188
                }
            ]
        }
    ],
    "language": "en"
}