{
    "text": " that I",
    "segments": [
        {
            "id": 0,
            "seek": 0,
            "start": 0.0,
            "end": 0.34,
            "text": " that I",
            "tokens": [
                50365,
                300,
                286,
                50384
            ],
            "temperature": 0.0,
            "avg_logprob": -0.5017802238464355,
            "compression_ratio": 0.42857142857142855,
            "no_speech_prob": 0.1211874932050705,
            "words": [
                {
                    "word": " that",
                    "start": 0.0,
                    "end": 0.3,
                    "probability": 0.2246592938899994
                },
                {
                    "word": " I",
                    "start": 0.3,
                    "end": 0.34,
                    "probability": 0.7746561169624329
                }
            ]
        }
    ],
    "language": "en"
}