{
    "text": " me.",
    "segments": [
        {
            "id": 0,
            "seek": 0,
            "start": 0.0,
            "end": 0.06,
            "text": " me.",
            "tokens": [
                50365,
                385,
                13,
                50373
            ],
            "temperature": 0.0,
            "avg_logprob": -0.6585531234741211,
            "compression_ratio": 0.2727272727272727,
            "no_speech_prob": 0.5585144758224487,
            "words": [
                {
                    "word": " me.",
                    "start": 0.0,
                    "end": 0.06,
                    "probability": 0.14716269075870514
                }
            ]
        }
    ],
    "language": "en"
}