{
    "text": " the signal.",
    "segments": [
        {
            "id": 0,
            "seek": 0,
            "start": 0.0,
            "end": 0.5,
            "text": " the signal.",
            "tokens": [
                50365,
                264,
                6358,
                13,
                50402
            ],
            "temperature": 0.0,
            "avg_logprob": -0.44673240184783936,
            "compression_ratio": 0.5789473684210527,
            "no_speech_prob": 0.20796239376068115,
            "words": [
                {
                    "word": " the",
                    "start": 0.0,
                    "end": 0.12,
                    "probability": 0.2017979919910431
                },
                {
                    "word": " signal.",
                    "start": 0.12,
                    "end": 0.5,
                    "probability": 0.8835247159004211
                }
            ]
        }
    ],
    "language": "en"
}