{
    "text": " that",
    "segments": [
        {
            "id": 0,
            "seek": 0,
            "start": 0.0,
            "end": 0.22,
            "text": " that",
            "tokens": [
                50365,
                300,
                50383
            ],
            "temperature": 0.0,
            "avg_logprob": -0.5469618439674377,
            "compression_ratio": 0.3333333333333333,
            "no_speech_prob": 0.301120787858963,
            "words": [
                {
                    "word": " that",
                    "start": 0.0,
                    "end": 0.22,
                    "probability": 0.14385157823562622
                }
            ]
        }
    ],
    "language": "en"
}