{
    "text": " you're",
    "segments": [
        {
            "id": 0,
            "seek": 0,
            "start": 0.0,
            "end": 0.1,
            "text": " you're",
            "tokens": [
                50365,
                291,
                434,
                50376
            ],
            "temperature": 0.0,
            "avg_logprob": -0.9928807258605957,
            "compression_ratio": 0.42857142857142855,
            "no_speech_prob": 0.10317520052194595,
            "words": [
                {
                    "word": " you're",
                    "start": 0.0,
                    "end": 0.1,
                    "probability": 0.0999920591711998
                }
            ]
        }
    ],
    "language": "en"
}