{
    "text": " Yes.",
    "segments": [
        {
            "id": 0,
            "seek": 0,
            "start": 0.0,
            "end": 0.12,
            "text": " Yes.",
            "tokens": [
                50365,
                1079,
                13,
                50374
            ],
            "temperature": 0.0,
            "avg_logprob": -0.5231302738189697,
            "compression_ratio": 0.3333333333333333,
            "no_speech_prob": 0.8472192883491516,
            "words": [
                {
                    "word": " Yes.",
                    "start": 0.0,
                    "end": 0.12,
                    "probability": 0.14284715056419373
                }
            ]
        }
    ],
    "language": "en"
}