{
    "text": " Thank you.",
    "segments": [
        {
            "id": 0,
            "seek": 0,
            "start": 0.0,
            "end": 0.02,
            "text": " Thank you.",
            "tokens": [
                50365,
                1044,
                291,
                13,
                50367
            ],
            "temperature": 0.0,
            "avg_logprob": -0.7709847291310629,
            "compression_ratio": 0.5555555555555556,
            "no_speech_prob": 0.9680846929550171,
            "words": [
                {
                    "word": " Thank",
                    "start": 0.0,
                    "end": 0.0,
                    "probability": 0.21437066793441772
                },
                {
                    "word": " you.",
                    "start": 0.0,
                    "end": 0.02,
                    "probability": 0.9882263541221619
                }
            ]
        }
    ],
    "language": "en"
}