{
    "text": " trade fast momentum. But we know that again, at different times, we might have very strong trend of the medium to slow speed in equities as well. So to go back to your question, yes, harder to access market. You don't have that risk at all.",
    "segments": [
        {
            "id": 0,
            "seek": 0,
            "start": 0.0,
            "end": 1.04,
            "text": " trade fast momentum.",
            "tokens": [
                50365,
                4923,
                2370,
                11244,
                13,
                50449
            ],
            "temperature": 0.0,
            "avg_logprob": -0.2868111243614784,
            "compression_ratio": 1.411764705882353,
            "no_speech_prob": 0.011781970039010048,
            "words": [
                {
                    "word": " trade",
                    "start": 0.0,
                    "end": 0.38,
                    "probability": 0.5005889534950256
                },
                {
                    "word": " fast",
                    "start": 0.38,
                    "end": 0.62,
                    "probability": 0.8926920294761658
                },
                {
                    "word": " momentum.",
                    "start": 0.62,
                    "end": 1.04,
                    "probability": 0.9759644865989685
                }
            ]
        },
        {
            "id": 1,
            "seek": 0,
            "start": 1.62,
            "end": 10.36,
            "text": " But we know that again, at different times, we might have very strong trend of the medium to slow speed in equities as well.",
            "tokens": [
                50476,
                583,
                321,
                458,
                300,
                797,
                11,
                412,
                819,
                1413,
                11,
                321,
                1062,
                362,
                588,
                2068,
                6028,
                295,
                264,
                6399,
                281,
                2964,
                3073,
                294,
                1267,
                1088,
                382,
                731,
                13,
                50896
            ],
            "temperature": 0.0,
            "avg_logprob": -0.2868111243614784,
            "compression_ratio": 1.411764705882353,
            "no_speech_prob": 0.011781970039010048,
            "words": [
                {
                    "word": " But",
                    "start": 1.62,
                    "end": 2.1,
                    "probability": 0.9861654043197632
                },
                {
                    "word": " we",
                    "start": 2.1,
                    "end": 2.58,
                    "probability": 0.9839851260185242
                },
                {
                    "word": " know",
                    "start": 2.58,
                    "end": 2.84,
                    "probability": 0.9969714879989624
                },
                {
                    "word": " that",
                    "start": 2.84,
                    "end": 3.08,
                    "probability": 0.9919706583023071
                },
                {
                    "word": " again,",
                    "start": 3.08,
                    "end": 3.62,
                    "probability": 0.5853530764579773
                },
                {
                    "word": " at",
                    "start": 3.78,
                    "end": 3.9,
                    "probability": 0.46184206008911133
                },
                {
                    "word": " different",
                    "start": 3.9,
                    "end": 4.14,
                    "probability": 0.5846459865570068
                },
                {
                    "word": " times,",
                    "start": 4.14,
                    "end": 4.86,
                    "probability": 0.9981269240379333
                },
                {
                    "word": " we",
                    "start": 5.04,
                    "end": 5.22,
                    "probability": 0.9951829314231873
                },
                {
                    "word": " might",
                    "start": 5.22,
                    "end": 5.44,
                    "probability": 0.7607172131538391
                },
                {
                    "word": " have",
                    "start": 5.44,
                    "end": 5.6,
                    "probability": 0.977903425693512
                },
                {
                    "word": " very",
                    "start": 5.6,
                    "end": 5.84,
                    "probability": 0.6748620271682739
                },
                {
                    "word": " strong",
                    "start": 5.84,
                    "end": 6.34,
                    "probability": 0.9989311099052429
                },
                {
                    "word": " trend",
                    "start": 6.34,
                    "end": 6.8,
                    "probability": 0.982559084892273
                },
                {
                    "word": " of",
                    "start": 6.8,
                    "end": 7.24,
                    "probability": 0.9861184358596802
                },
                {
                    "word": " the",
                    "start": 7.24,
                    "end": 7.58,
                    "probability": 0.9682555794715881
                },
                {
                    "word": " medium",
                    "start": 7.58,
                    "end": 7.92,
                    "probability": 0.9948453903198242
                },
                {
                    "word": " to",
                    "start": 7.92,
                    "end": 8.22,
                    "probability": 0.9830238223075867
                },
                {
                    "word": " slow",
                    "start": 8.22,
                    "end": 8.38,
                    "probability": 0.6434979438781738
                },
                {
                    "word": " speed",
                    "start": 8.38,
                    "end": 8.74,
                    "probability": 0.9837454557418823
                },
                {
                    "word": " in",
                    "start": 8.74,
                    "end": 9.36,
                    "probability": 0.7254211902618408
                },
                {
                    "word": " equities",
                    "start": 9.36,
                    "end": 9.84,
                    "probability": 0.9824307560920715
                },
                {
                    "word": " as",
                    "start": 9.84,
                    "end": 10.02,
                    "probability": 0.9846581220626831
                },
                {
                    "word": " well.",
                    "start": 10.02,
                    "end": 10.36,
                    "probability": 0.9992751479148865
                }
            ]
        },
        {
            "id": 2,
            "seek": 0,
            "start": 10.52,
            "end": 14.54,
            "text": " So to go back to your question, yes, harder to access market.",
            "tokens": [
                50896,
                407,
                281,
                352,
                646,
                281,
                428,
                1168,
                11,
                2086,
                11,
                6081,
                281,
                2105,
                2142,
                13,
                51106
            ],
            "temperature": 0.0,
            "avg_logprob": -0.2868111243614784,