{
    "text": " You don't.",
    "segments": [
        {
            "id": 0,
            "seek": 0,
            "start": 0.0,
            "end": 0.32,
            "text": " You don't.",
            "tokens": [
                50365,
                509,
                500,
                380,
                13,
                50384
            ],
            "temperature": 0.0,
            "avg_logprob": -0.3824101175580706,
            "compression_ratio": 0.5555555555555556,
            "no_speech_prob": 0.23468171060085297,
            "words": [
                {
                    "word": " You",
                    "start": 0.0,
                    "end": 0.16,
                    "probability": 0.26671040058135986
                },
                {
                    "word": " don't.",
                    "start": 0.16,
                    "end": 0.32,
                    "probability": 0.8839179873466492
                }
            ]
        }
    ],
    "language": "en"
}