{
    "text": " and analyze your office.",
    "segments": [
        {
            "id": 0,
            "seek": 0,
            "start": 0.0,
            "end": 0.6,
            "text": " and analyze your office.",
            "tokens": [
                50365,
                293,
                12477,
                428,
                3398,
                13,
                50400
            ],
            "temperature": 0.0,
            "avg_logprob": -0.6689392924308777,
            "compression_ratio": 0.75,
            "no_speech_prob": 0.8215081095695496,
            "words": [
                {
                    "word": " and",
                    "start": 0.0,
                    "end": 0.06,
                    "probability": 0.14570365846157074
                },
                {
                    "word": " analyze",
                    "start": 0.06,
                    "end": 0.28,
                    "probability": 0.5847169756889343
                },
                {
                    "word": " your",
                    "start": 0.28,
                    "end": 0.52,
                    "probability": 0.8267934918403625
                },
                {
                    "word": " office.",
                    "start": 0.52,
                    "end": 0.6,
                    "probability": 0.21528774499893188
                }
            ]
        }
    ],
    "language": "en"
}