{
    "text": " No.",
    "segments": [
        {
            "id": 0,
            "seek": 0,
            "start": 0.0,
            "end": 0.08,
            "text": " No.",
            "tokens": [
                50365,
                883,
                13,
                50373
            ],
            "temperature": 0.0,
            "avg_logprob": -0.7168027877807617,
            "compression_ratio": 0.2727272727272727,
            "no_speech_prob": 0.8069782257080078,
            "words": [
                {
                    "word": " No.",
                    "start": 0.0,
                    "end": 0.08,
                    "probability": 0.041878778487443924
                }
            ]
        }
    ],
    "language": "en"
}