{
    "text": " whatever.",
    "segments": [
        {
            "id": 0,
            "seek": 0,
            "start": 0.0,
            "end": 0.06,
            "text": " whatever.",
            "tokens": [
                50365,
                2035,
                13,
                50376
            ],
            "temperature": 0.0,
            "avg_logprob": -0.21270973682403566,
            "compression_ratio": 0.5294117647058824,
            "no_speech_prob": 0.0009078887524083257,
            "words": [
                {
                    "word": " whatever.",
                    "start": 0.0,
                    "end": 0.06,
                    "probability": 0.6844078898429871
                }
            ]
        }
    ],
    "language": "en"
}