{
    "text": " Let's go.",
    "segments": [
        {
            "id": 0,
            "seek": 0,
            "start": 0.0,
            "end": 0.08,
            "text": " Let's go.",
            "tokens": [
                50365,
                961,
                311,
                352,
                13,
                50369
            ],
            "temperature": 0.0,
            "avg_logprob": -0.570932149887085,
            "compression_ratio": 0.5294117647058824,
            "no_speech_prob": 0.7524930238723755,
            "words": [
                {
                    "word": " Let's",
                    "start": 0.0,
                    "end": 0.06,
                    "probability": 0.5594444833695889
                },
                {
                    "word": " go.",
                    "start": 0.06,
                    "end": 0.08,
                    "probability": 0.2999824285507202
                }
            ]
        }
    ],
    "language": "en"
}