{
    "text": " I'd be like,",
    "segments": [
        {
            "id": 0,
            "seek": 0,
            "start": 0.0,
            "end": 0.1,
            "text": " I'd be like,",
            "tokens": [
                50365,
                286,
                1116,
                312,
                411,
                11,
                50372
            ],
            "temperature": 0.0,
            "avg_logprob": -0.8534373044967651,
            "compression_ratio": 0.6,
            "no_speech_prob": 0.4019869565963745,
            "words": [
                {
                    "word": " I'd",
                    "start": 0.0,
                    "end": 0.1,
                    "probability": 0.2800149843096733
                },
                {
                    "word": " be",
                    "start": 0.1,
                    "end": 0.1,
                    "probability": 0.6623879075050354
                },
                {
                    "word": " like,",
                    "start": 0.1,
                    "end": 0.1,
                    "probability": 0.15415924787521362
                }
            ]
        }
    ],
    "language": "en"
}