{
    "text": " Wonderful, thank you.",
    "segments": [
        {
            "id": 0,
            "seek": 0,
            "start": 0.0,
            "end": 0.74,
            "text": " Wonderful, thank you.",
            "tokens": [
                50365,
                22768,
                11,
                1309,
                291,
                13,
                50417
            ],
            "temperature": 0.0,
            "avg_logprob": -0.15720295906066895,
            "compression_ratio": 0.7241379310344828,
            "no_speech_prob": 0.0016046424861997366,
            "words": [
                {
                    "word": " Wonderful,",
                    "start": 0.0,
                    "end": 0.3,
                    "probability": 0.7084550261497498
                },
                {
                    "word": " thank",
                    "start": 0.36,
                    "end": 0.52,
                    "probability": 0.992988646030426
                },
                {
                    "word": " you.",
                    "start": 0.52,
                    "end": 0.74,
                    "probability": 0.9991254210472107
                }
            ]
        }
    ],
    "language": "en"
}