{
    "text": " to",
    "segments": [
        {
            "id": 0,
            "seek": 0,
            "start": 0.0,
            "end": 0.08,
            "text": " to",
            "tokens": [
                50365,
                281,
                50370
            ],
            "temperature": 0.0,
            "avg_logprob": -0.8068837523460388,
            "compression_ratio": 0.2,
            "no_speech_prob": 0.9326730966567993,
            "words": [
                {
                    "word": " to",
                    "start": 0.0,
                    "end": 0.08,
                    "probability": 0.1645280420780182
                }
            ]
        }
    ],
    "language": "en"
}