{
    "text": " That's good.",
    "segments": [
        {
            "id": 0,
            "seek": 0,
            "start": 0.0,
            "end": 0.2,
            "text": " That's good.",
            "tokens": [
                50365,
                663,
                311,
                665,
                13,
                50380
            ],
            "temperature": 0.0,
            "avg_logprob": -0.23214845997946604,
            "compression_ratio": 0.6,
            "no_speech_prob": 0.734102725982666,
            "words": [
                {
                    "word": " That's",
                    "start": 0.0,
                    "end": 0.14,
                    "probability": 0.477668896317482
                },
                {
                    "word": " good.",
                    "start": 0.14,
                    "end": 0.2,
                    "probability": 0.9882196187973022
                }
            ]
        }
    ],
    "language": "en"
}