{
    "text": "",
    "segments": [
        {
            "id": 0,
            "seek": 0,
            "start": 0.0,
            "end": 0.0,
            "text": "",
            "tokens": [],
            "temperature": 0.0,
            "avg_logprob": -0.6533767223358155,
            "compression_ratio": 0.38461538461538464,
            "no_speech_prob": 0.03747015818953514,
            "words": []
        }
    ],
    "language": "en"
}