{
    "text": " Well, cheers.",
    "segments": [
        {
            "id": 0,
            "seek": 0,
            "start": 0.0,
            "end": 0.24,
            "text": " Well, cheers.",
            "tokens": [
                50365,
                1042,
                11,
                15301,
                13,
                50396
            ],
            "temperature": 0.0,
            "avg_logprob": -0.2856431177684239,
            "compression_ratio": 0.6190476190476191,
            "no_speech_prob": 0.0037584418896585703,
            "words": [
                {
                    "word": " Well,",
                    "start": 0.0,
                    "end": 0.14,
                    "probability": 0.38818079233169556
                },
                {
                    "word": " cheers.",
                    "start": 0.16,
                    "end": 0.24,
                    "probability": 0.9909500479698181
                }
            ]
        }
    ],
    "language": "en"
}