{
    "text": " in doing",
    "segments": [
        {
            "id": 0,
            "seek": 0,
            "start": 0.0,
            "end": 0.28,
            "text": " in doing",
            "tokens": [
                50365,
                294,
                884,
                50396
            ],
            "temperature": 0.0,
            "avg_logprob": -0.39042704105377196,
            "compression_ratio": 0.5,
            "no_speech_prob": 0.07190541177988052,
            "words": [
                {
                    "word": " in",
                    "start": 0.0,
                    "end": 0.24,
                    "probability": 0.1848372519016266
                },
                {
                    "word": " doing",
                    "start": 0.24,
                    "end": 0.28,
                    "probability": 0.947826623916626
                }
            ]
        }
    ],
    "language": "en"
}