{
    "text": " Yeah. You know, what's really fascinating to me is I remember 10 years ago when I got started, our bread and butter was trend equity strategies. Mentioning that you were momentum or trend was like those were dirty words. I'll give credit to folks at AQR who have done, you know, publishing a paper in 2012 about trend suddenly made trend a positive thing.",
    "segments": [
        {
            "id": 0,
            "seek": 0,
            "start": 0.0,
            "end": 0.36,
            "text": " Yeah.",
            "tokens": [
                50365,
                865,
                13,
                50415
            ],
            "temperature": 0.0,
            "avg_logprob": -0.2850210290206106,
            "compression_ratio": 1.5042372881355932,
            "no_speech_prob": 0.00011145629832753912,
            "words": [
                {
                    "word": " Yeah.",
                    "start": 0.0,
                    "end": 0.36,
                    "probability": 0.6303302645683289
                }
            ]
        },
        {
            "id": 1,
            "seek": 0,
            "start": 0.8,
            "end": 4.84,
            "text": " You know, what's really fascinating to me is I remember 10 years ago when I got",
            "tokens": [
                50446,
                509,
                458,
                11,
                437,
                311,
                534,
                10343,
                281,
                385,
                307,
                286,
                1604,
                1266,
                924,
                2057,
                562,
                286,
                658,
                50611
            ],
            "temperature": 0.0,
            "avg_logprob": -0.2850210290206106,
            "compression_ratio": 1.5042372881355932,
            "no_speech_prob": 0.00011145629832753912,
            "words": [
                {
                    "word": " You",
                    "start": 0.8,
                    "end": 1.46,
                    "probability": 0.9056638479232788
                },
                {
                    "word": " know,",
                    "start": 1.46,
                    "end": 1.82,
                    "probability": 0.999961256980896
                },
                {
                    "word": " what's",
                    "start": 1.82,
                    "end": 1.98,
                    "probability": 0.9878612458705902
                },
                {
                    "word": " really",
                    "start": 1.98,
                    "end": 2.1,
                    "probability": 0.9998849630355835
                },
                {
                    "word": " fascinating",
                    "start": 2.1,
                    "end": 2.5,
                    "probability": 0.9999212026596069
                },
                {
                    "word": " to",
                    "start": 2.5,
                    "end": 2.7,
                    "probability": 0.9999125003814697
                },
                {
                    "word": " me",
                    "start": 2.7,
                    "end": 2.82,
                    "probability": 0.9999879598617554
                },
                {
                    "word": " is",
                    "start": 2.82,
                    "end": 2.94,
                    "probability": 0.9940207600593567
                },
                {
                    "word": " I",
                    "start": 2.94,
                    "end": 3.02,
                    "probability": 0.9839164614677429
                },
                {
                    "word": " remember",
                    "start": 3.02,
                    "end": 3.28,
                    "probability": 0.9995162487030029
                },
                {
                    "word": " 10",
                    "start": 3.28,
                    "end": 4.04,
                    "probability": 0.9664589166641235
                },
                {
                    "word": " years",
                    "start": 4.04,
                    "end": 4.26,
                    "probability": 0.9999867677688599
                },
                {
                    "word": " ago",
                    "start": 4.26,
                    "end": 4.5,
                    "probability": 0.9999842643737793
                },
                {
                    "word": " when",
                    "start": 4.5,
                    "end": 4.62,
                    "probability": 0.9918529391288757
                },
                {
                    "word": " I",
                    "start": 4.62,
                    "end": 4.72,
                    "probability": 0.9999076128005981
                },
                {
                    "word": " got",
                    "start": 4.72,
                    "end": 4.84,
                    "probability": 0.9998353719711304
                }
            ]
        },
        {
            "id": 2,
            "seek": 0,
            "start": 4.84,
            "end": 8.76,
            "text": " started, our bread and butter was trend equity strategies.",
            "tokens": [
                50611,
                1409,
                11,
                527,
                5961,
                293,
                5517,
                390,
                6028,
                10769,
                9029,
                13,
                50821
            ],
            "temperature": 0.0,
            "avg_logprob": -0.2850210290206106,
            "compression_ratio": 1.5042372881355932,
            "no_speech_prob": 0.00011145629832753912,
            "words": [
                {
                    "word": " started,",
                    "start": 4.84,
                    "end": 5.32,
                    "probability": 0.9999293088912964
                },
                {
                    "word": " our",
                    "start": 5.46,
                    "end": 6.56,
                    "probability": 0.9986178874969482
                },
                {
                    "word": " bread",
                    "start": 6.56,
                    "end": 6.74,
                    "probability": 0.9999749660491943
                },
                {
                    "word": " and",
                    "start": 6.74,
                    "end": 6.9,
                    "probability": 0.9998891353607178
                },
                {
                    "word": " butter",
                    "start": 6.9,
                    "end": 7.16,
                    "probability": 0.9999727010726929
                },
                {
                    "word": " was",
                    "start": 7.16,
                    "end": 7.48,
                    "probability": 0.9999380111694336
                },
                {
                    "word": " trend",
                    "start": 7.48,
                    "end": 7.88,
                    "probability": 0.9867364764213562
                },
                {
                    "word": " equity",
                    "start": 7.88,
                    "end": 8.12,
                    "probability": 0.9993759989738464
                },
                {
                    "word": " strategies.",
                    "start": 8.12,
                    "end": 8.76,
                    "probability": 0.999750554561615
                }
            ]
        },
        {
            "id": 3,
            "seek": 0,
            "start": 9.38,
            "end": 12.44,
            "text": " Mentioning that you were momentum or trend was",