{
    "text": " You're unintelligent.",
    "segments": [
        {
            "id": 0,
            "seek": 0,
            "start": 0.0,
            "end": 0.82,
            "text": " You're unintelligent.",
            "tokens": [
                50365,
                509,
                434,
                517,
                20761,
                25002,
                13,
                50427
            ],
            "temperature": 0.0,
            "avg_logprob": -0.10504539145363702,
            "compression_ratio": 0.7241379310344828,
            "no_speech_prob": 0.00015682083903811872,
            "words": [
                {
                    "word": " You're",
                    "start": 0.0,
                    "end": 0.12,
                    "probability": 0.7646684348583221
                },
                {
                    "word": " unintelligent.",
                    "start": 0.12,
                    "end": 0.82,
                    "probability": 0.9719400604565939
                }
            ]
        }
    ],
    "language": "en"
}