{
    "text": " This is bar talk.",
    "segments": [
        {
            "id": 0,
            "seek": 0,
            "start": 0.8200000000000001,
            "end": 1.72,
            "text": " This is bar talk.",
            "tokens": [
                50365,
                639,
                307,
                2159,
                751,
                13,
                50467
            ],
            "temperature": 0.0,
            "avg_logprob": -0.39821282029151917,
            "compression_ratio": 0.7391304347826086,
            "no_speech_prob": 0.016056574881076813,
            "words": [
                {
                    "word": " This",
                    "start": 0.8200000000000001,
                    "end": 1.18,
                    "probability": 0.12455106526613235
                },
                {
                    "word": " is",
                    "start": 1.18,
                    "end": 1.22,
                    "probability": 0.9823609590530396
                },
                {
                    "word": " bar",
                    "start": 1.22,
                    "end": 1.4,
                    "probability": 0.4970802366733551
                },
                {
                    "word": " talk.",
                    "start": 1.4,
                    "end": 1.72,
                    "probability": 0.9974650144577026
                }
            ]
        }
    ],
    "language": "en"
}