{
    "text": " I'm not.",
    "segments": [
        {
            "id": 0,
            "seek": 0,
            "start": 0.0,
            "end": 0.26,
            "text": " I'm not.",
            "tokens": [
                50365,
                286,
                478,
                406,
                13,
                50380
            ],
            "temperature": 0.0,
            "avg_logprob": -0.39711018971034456,
            "compression_ratio": 0.5,
            "no_speech_prob": 0.45637714862823486,
            "words": [
                {
                    "word": " I'm",
                    "start": 0.0,
                    "end": 0.18,
                    "probability": 0.3854875788092613
                },
                {
                    "word": " not.",
                    "start": 0.18,
                    "end": 0.26,
                    "probability": 0.8674556016921997
                }
            ]
        }
    ],
    "language": "en"
}