{
    "text": " Yeah.",
    "segments": [
        {
            "id": 0,
            "seek": 0,
            "start": 0.0,
            "end": 0.2,
            "text": " Yeah.",
            "tokens": [
                50365,
                865,
                13,
                50405
            ],
            "temperature": 0.0,
            "avg_logprob": -0.5559542655944825,
            "compression_ratio": 0.38461538461538464,
            "no_speech_prob": 0.6450173854827881,
            "words": [
                {
                    "word": " Yeah.",
                    "start": 0.0,
                    "end": 0.2,
                    "probability": 0.4530320167541504
                }
            ]
        }
    ],
    "language": "en"
}