{
    "text": " Okay, okay.",
    "segments": [
        {
            "id": 0,
            "seek": 0,
            "start": 0.21999999999999997,
            "end": 0.3,
            "text": " Okay, okay.",
            "tokens": [
                50365,
                1033,
                11,
                1392,
                13,
                50411
            ],
            "temperature": 0.0,
            "avg_logprob": -0.3026793343680246,
            "compression_ratio": 0.6470588235294118,
            "no_speech_prob": 0.08929608762264252,
            "words": [
                {
                    "word": " Okay,",
                    "start": 0.21999999999999997,
                    "end": 0.26,
                    "probability": 0.14271830022335052
                },
                {
                    "word": " okay.",
                    "start": 0.28,
                    "end": 0.3,
                    "probability": 0.980537474155426
                }
            ]
        }
    ],
    "language": "en"
}