{
    "text": " This is bar talk.",
    "segments": [
        {
            "id": 0,
            "seek": 0,
            "start": 0.0,
            "end": 0.46,
            "text": " This is bar talk.",
            "tokens": [
                50365,
                639,
                307,
                2159,
                751,
                13,
                50400
            ],
            "temperature": 0.0,
            "avg_logprob": -0.2431231290102005,
            "compression_ratio": 0.7391304347826086,
            "no_speech_prob": 0.21643492579460144,
            "words": [
                {
                    "word": " This",
                    "start": 0.0,
                    "end": 0.06,
                    "probability": 0.8099886775016785
                },
                {
                    "word": " is",
                    "start": 0.06,
                    "end": 0.16,
                    "probability": 0.9963749051094055
                },
                {
                    "word": " bar",
                    "start": 0.16,
                    "end": 0.26,
                    "probability": 0.5344518423080444
                },
                {
                    "word": " talk.",
                    "start": 0.26,
                    "end": 0.46,
                    "probability": 0.958225429058075
                }
            ]
        }
    ],
    "language": "en"
}