{
    "text": " Right.",
    "segments": [
        {
            "id": 0,
            "seek": 0,
            "start": 0.0,
            "end": 0.18,
            "text": " Right.",
            "tokens": [
                50365,
                1779,
                13,
                50390
            ],
            "temperature": 0.0,
            "avg_logprob": -0.10383692979812623,
            "compression_ratio": 0.42857142857142855,
            "no_speech_prob": 0.07990248501300812,
            "words": [
                {
                    "word": " Right.",
                    "start": 0.0,
                    "end": 0.18,
                    "probability": 0.8318824768066406
                }
            ]
        }
    ],
    "language": "en"
}