{
    "text": " Void.",
    "segments": [
        {
            "id": 0,
            "seek": 0,
            "start": 0.0,
            "end": 0.22,
            "text": " Void.",
            "tokens": [
                50365,
                7518,
                327,
                13,
                50380
            ],
            "temperature": 0.0,
            "avg_logprob": -0.4724240303039551,
            "compression_ratio": 0.38461538461538464,
            "no_speech_prob": 0.578669011592865,
            "words": [
                {
                    "word": " Void.",
                    "start": 0.0,
                    "end": 0.22,
                    "probability": 0.5690781474113464
                }
            ]
        }
    ],
    "language": "en"
}