{
    "text": " Thank you.",
    "segments": [
        {
            "id": 0,
            "seek": 0,
            "start": 0.0,
            "end": 0.02,
            "text": " Thank you.",
            "tokens": [
                50365,
                1044,
                291,
                13,
                50368
            ],
            "temperature": 0.0,
            "avg_logprob": -0.7783389091491699,
            "compression_ratio": 0.5555555555555556,
            "no_speech_prob": 0.9595897793769836,
            "words": [
                {
                    "word": " Thank",
                    "start": 0.0,
                    "end": 0.02,
                    "probability": 0.12271604686975479
                },
                {
                    "word": " you.",
                    "start": 0.02,
                    "end": 0.02,
                    "probability": 0.9968345761299133
                }
            ]
        }
    ],
    "language": "en"
}