{
    "text": " Yeah.",
    "segments": [
        {
            "id": 0,
            "seek": 0,
            "start": 0.0,
            "end": 0.2,
            "text": " Yeah.",
            "tokens": [
                50365,
                865,
                13,
                50382
            ],
            "temperature": 0.0,
            "avg_logprob": -0.11437360048294068,
            "compression_ratio": 0.38461538461538464,
            "no_speech_prob": 0.09062785655260086,
            "words": [
                {
                    "word": " Yeah.",
                    "start": 0.0,
                    "end": 0.2,
                    "probability": 0.6170568466186523
                }
            ]
        }
    ],
    "language": "en"
}