{
    "text": " Right.",
    "segments": [
        {
            "id": 0,
            "seek": 0,
            "start": 0.0,
            "end": 0.14,
            "text": " Right.",
            "tokens": [
                50365,
                1779,
                13,
                50379
            ],
            "temperature": 0.0,
            "avg_logprob": -0.25222632884979246,
            "compression_ratio": 0.42857142857142855,
            "no_speech_prob": 0.10161374509334564,
            "words": [
                {
                    "word": " Right.",
                    "start": 0.0,
                    "end": 0.14,
                    "probability": 0.8185421824455261
                }
            ]
        }
    ],
    "language": "en"
}