{
    "text": " if you",
    "segments": [
        {
            "id": 0,
            "seek": 0,
            "start": 0.0,
            "end": 0.32,
            "text": " if you",
            "tokens": [
                50365,
                498,
                291,
                50385
            ],
            "temperature": 0.0,
            "avg_logprob": -0.5649805545806885,
            "compression_ratio": 0.42857142857142855,
            "no_speech_prob": 0.6136071681976318,
            "words": [
                {
                    "word": " if",
                    "start": 0.0,
                    "end": 0.2,
                    "probability": 0.09409160912036896
                },
                {
                    "word": " you",
                    "start": 0.2,
                    "end": 0.32,
                    "probability": 0.9769772291183472
                }
            ]
        }
    ],
    "language": "en"
}