{
    "text": " Right.",
    "segments": [
        {
            "id": 0,
            "seek": 0,
            "start": 0.0,
            "end": 0.08,
            "text": " Right.",
            "tokens": [
                50365,
                1779,
                13,
                50384
            ],
            "temperature": 0.0,
            "avg_logprob": -0.10162631273269654,
            "compression_ratio": 0.42857142857142855,
            "no_speech_prob": 0.041964128613471985,
            "words": [
                {
                    "word": " Right.",
                    "start": 0.0,
                    "end": 0.08,
                    "probability": 0.6704502105712891
                }
            ]
        }
    ],
    "language": "en"
}