{
    "text": " all mathematically linked, right?",
    "segments": [
        {
            "id": 0,
            "seek": 0,
            "start": 0.0,
            "end": 1.78,
            "text": " all mathematically linked, right?",
            "tokens": [
                50365,
                439,
                44003,
                9408,
                11,
                558,
                30,
                50479
            ],
            "temperature": 0.0,
            "avg_logprob": -0.20916436778174508,
            "compression_ratio": 0.8461538461538461,
            "no_speech_prob": 0.0004440453485585749,
            "words": [
                {
                    "word": " all",
                    "start": 0.0,
                    "end": 0.06,
                    "probability": 0.4650890827178955
                },
                {
                    "word": " mathematically",
                    "start": 0.06,
                    "end": 0.5,
                    "probability": 0.9974433183670044
                },
                {
                    "word": " linked,",
                    "start": 0.5,
                    "end": 1.12,
                    "probability": 0.9991787075996399
                },
                {
                    "word": " right?",
                    "start": 1.34,
                    "end": 1.78,
                    "probability": 0.9559530019760132
                }
            ]
        }
    ],
    "language": "en"
}