{
    "text": " Yeah, that's all.",
    "segments": [
        {
            "id": 0,
            "seek": 0,
            "start": 0.5399999999999996,
            "end": 0.98,
            "text": " Yeah, that's all.",
            "tokens": [
                50365,
                865,
                11,
                300,
                311,
                439,
                13,
                50436
            ],
            "temperature": 0.0,
            "avg_logprob": -0.5071356031629775,
            "compression_ratio": 0.68,
            "no_speech_prob": 0.0022488869726657867,
            "words": [
                {
                    "word": " Yeah,",
                    "start": 0.5399999999999996,
                    "end": 0.7399999999999998,
                    "probability": 0.9163467288017273
                },
                {
                    "word": " that's",
                    "start": 0.7399999999999998,
                    "end": 0.94,
                    "probability": 0.8595877587795258
                },
                {
                    "word": " all.",
                    "start": 0.94,
                    "end": 0.98,
                    "probability": 0.3184182047843933
                }
            ]
        }
    ],
    "language": "en"
}