{
    "text": " a third customer.",
    "segments": [
        {
            "id": 0,
            "seek": 0,
            "start": 0.08000000000000002,
            "end": 0.2,
            "text": " a third customer.",
            "tokens": [
                50365,
                257,
                2636,
                5474,
                13,
                50416
            ],
            "temperature": 0.0,
            "avg_logprob": -0.5596929618290493,
            "compression_ratio": 0.68,
            "no_speech_prob": 0.01738516055047512,
            "words": [
                {
                    "word": " a",
                    "start": 0.08000000000000002,
                    "end": 0.14,
                    "probability": 0.06543155014514923
                },
                {
                    "word": " third",
                    "start": 0.14,
                    "end": 0.16,
                    "probability": 0.800970196723938
                },
                {
                    "word": " customer.",
                    "start": 0.16,
                    "end": 0.2,
                    "probability": 0.3745885193347931
                }
            ]
        }
    ],
    "language": "en"
}