{
    "text": " Yeah, exactly.",
    "segments": [
        {
            "id": 0,
            "seek": 0,
            "start": 0.0,
            "end": 0.46,
            "text": " Yeah, exactly.",
            "tokens": [
                50365,
                865,
                11,
                2293,
                13,
                50399
            ],
            "temperature": 0.0,
            "avg_logprob": -0.1358016218457903,
            "compression_ratio": 0.6363636363636364,
            "no_speech_prob": 0.005434516351670027,
            "words": [
                {
                    "word": " Yeah,",
                    "start": 0.0,
                    "end": 0.14,
                    "probability": 0.35345178842544556
                },
                {
                    "word": " exactly.",
                    "start": 0.26,
                    "end": 0.46,
                    "probability": 0.9698728919029236
                }
            ]
        }
    ],
    "language": "en"
}