{
    "text": " Time's free.",
    "segments": [
        {
            "id": 0,
            "seek": 0,
            "start": 0.0,
            "end": 0.3,
            "text": " Time's free.",
            "tokens": [
                50365,
                6161,
                311,
                1737,
                13,
                50384
            ],
            "temperature": 0.0,
            "avg_logprob": -0.9239178385053363,
            "compression_ratio": 0.6,
            "no_speech_prob": 0.44191351532936096,
            "words": [
                {
                    "word": " Time's",
                    "start": 0.0,
                    "end": 0.24,
                    "probability": 0.3332071751356125
                },
                {
                    "word": " free.",
                    "start": 0.24,
                    "end": 0.3,
                    "probability": 0.08587723970413208
                }
            ]
        }
    ],
    "language": "en"
}