{
    "text": " Thank you.",
    "segments": [
        {
            "id": 0,
            "seek": 0,
            "start": 0.0,
            "end": 0.28,
            "text": " Thank you.",
            "tokens": [
                50365,
                1044,
                291,
                13,
                50413
            ],
            "temperature": 0.0,
            "avg_logprob": -0.2884686589241028,
            "compression_ratio": 0.5555555555555556,
            "no_speech_prob": 0.012979347258806229,
            "words": [
                {
                    "word": " Thank",
                    "start": 0.0,
                    "end": 0.26,
                    "probability": 0.2770669758319855
                },
                {
                    "word": " you.",
                    "start": 0.26,
                    "end": 0.28,
                    "probability": 0.9967113733291626
                }
            ]
        }
    ],
    "language": "en"
}