{
    "text": " Thank you.",
    "segments": [
        {
            "id": 0,
            "seek": 0,
            "start": 0.0,
            "end": 0.36,
            "text": " Thank you.",
            "tokens": [
                50365,
                1044,
                291,
                13,
                50395
            ],
            "temperature": 0.0,
            "avg_logprob": -0.3472490708033244,
            "compression_ratio": 0.5555555555555556,
            "no_speech_prob": 0.09998439252376556,
            "words": [
                {
                    "word": " Thank",
                    "start": 0.0,
                    "end": 0.26,
                    "probability": 0.7442367076873779
                },
                {
                    "word": " you.",
                    "start": 0.26,
                    "end": 0.36,
                    "probability": 0.9943575263023376
                }
            ]
        }
    ],
    "language": "en"
}