{
    "text": " Yeah, why not?",
    "segments": [
        {
            "id": 0,
            "seek": 0,
            "start": 1.0599999999999998,
            "end": 1.72,
            "text": " Yeah, why not?",
            "tokens": [
                50365,
                865,
                11,
                983,
                406,
                30,
                50540
            ],
            "temperature": 0.0,
            "avg_logprob": -0.37681615352630615,
            "compression_ratio": 0.6363636363636364,
            "no_speech_prob": 0.02531391754746437,
            "words": [
                {
                    "word": " Yeah,",
                    "start": 1.0599999999999998,
                    "end": 1.34,
                    "probability": 0.6582066416740417
                },
                {
                    "word": " why",
                    "start": 1.4,
                    "end": 1.54,
                    "probability": 0.9933385252952576
                },
                {
                    "word": " not?",
                    "start": 1.54,
                    "end": 1.72,
                    "probability": 0.9962489008903503
                }
            ]
        }
    ],
    "language": "en"
}