{
    "text": " song.",
    "segments": [
        {
            "id": 0,
            "seek": 0,
            "start": 0.0,
            "end": 0.14,
            "text": " song.",
            "tokens": [
                50365,
                2153,
                13,
                50387
            ],
            "temperature": 0.0,
            "avg_logprob": -0.15432134866714478,
            "compression_ratio": 0.38461538461538464,
            "no_speech_prob": 0.0010403478518128395,
            "words": [
                {
                    "word": " song.",
                    "start": 0.0,
                    "end": 0.14,
                    "probability": 0.7189927101135254
                }
            ]
        }
    ],
    "language": "en"
}