{
    "text": " Cheers. Thank you.",
    "segments": [
        {
            "id": 0,
            "seek": 0,
            "start": 0.0,
            "end": 0.34,
            "text": " Cheers.",
            "tokens": [
                50365,
                13006,
                13,
                50377
            ],
            "temperature": 0.0,
            "avg_logprob": -0.5744320392608643,
            "compression_ratio": 0.6923076923076923,
            "no_speech_prob": 0.014705492183566093,
            "words": [
                {
                    "word": " Cheers.",
                    "start": 0.0,
                    "end": 0.34,
                    "probability": 0.41374969482421875
                }
            ]
        },
        {
            "id": 1,
            "seek": 0,
            "start": 1.0400000000000003,
            "end": 1.52,
            "text": " Thank you.",
            "tokens": [
                50418,
                1044,
                291,
                13,
                50454
            ],
            "temperature": 0.0,
            "avg_logprob": -0.5744320392608643,
            "compression_ratio": 0.6923076923076923,
            "no_speech_prob": 0.014705492183566093,
            "words": [
                {
                    "word": " Thank",
                    "start": 1.0400000000000003,
                    "end": 1.36,
                    "probability": 0.9577125310897827
                },
                {
                    "word": " you.",
                    "start": 1.36,
                    "end": 1.52,
                    "probability": 0.9994527697563171
                }
            ]
        }
    ],
    "language": "en"
}