{
    "text": " you",
    "segments": [
        {
            "id": 0,
            "seek": 0,
            "start": -0.02,
            "end": 0.0,
            "text": " you",
            "tokens": [
                50365,
                291,
                50369
            ],
            "temperature": 0.0,
            "avg_logprob": -0.9492624998092651,
            "compression_ratio": 0.2727272727272727,
            "no_speech_prob": 0.9217602014541626,
            "words": [
                {
                    "word": " you",
                    "start": -0.02,
                    "end": 0.0,
                    "probability": 0.3007717728614807
                }
            ]
        }
    ],
    "language": "en"
}