{
    "text": " democratization of",
    "segments": [
        {
            "id": 0,
            "seek": 0,
            "start": 0.0,
            "end": 1.14,
            "text": " democratization of",
            "tokens": [
                50365,
                37221,
                2144,
                295,
                50432
            ],
            "temperature": 0.0,
            "avg_logprob": -0.4730111360549927,
            "compression_ratio": 0.75,
            "no_speech_prob": 0.01892399787902832,
            "words": [
                {
                    "word": " democratization",
                    "start": 0.0,
                    "end": 1.0,
                    "probability": 0.5259619280695915
                },
                {
                    "word": " of",
                    "start": 1.0,
                    "end": 1.14,
                    "probability": 0.7320796251296997
                }
            ]
        }
    ],
    "language": "en"
}