{
    "text": " Cheers.",
    "segments": [
        {
            "id": 0,
            "seek": 0,
            "start": 0.0,
            "end": 0.1,
            "text": " Cheers.",
            "tokens": [
                50365,
                13006,
                13,
                50377
            ],
            "temperature": 0.0,
            "avg_logprob": -0.1535654306411743,
            "compression_ratio": 0.4666666666666667,
            "no_speech_prob": 0.041246045380830765,
            "words": [
                {
                    "word": " Cheers.",
                    "start": 0.0,
                    "end": 0.1,
                    "probability": 0.6085733771324158
                }
            ]
        }
    ],
    "language": "en"
}