{
    "text": " Of course.",
    "segments": [
        {
            "id": 0,
            "seek": 0,
            "start": 0.05999999999999997,
            "end": 0.12,
            "text": " Of course.",
            "tokens": [
                50365,
                2720,
                1164,
                13,
                50376
            ],
            "temperature": 0.0,
            "avg_logprob": -0.36887391408284503,
            "compression_ratio": 0.5555555555555556,
            "no_speech_prob": 0.05564288794994354,
            "words": [
                {
                    "word": " Of",
                    "start": 0.05999999999999997,
                    "end": 0.1,
                    "probability": 0.10265665501356125
                },
                {
                    "word": " course.",
                    "start": 0.1,
                    "end": 0.12,
                    "probability": 0.9971662163734436
                }
            ]
        }
    ],
    "language": "en"
}