{
    "text": " Right. These are.",
    "segments": [
        {
            "id": 0,
            "seek": 0,
            "start": 0.0,
            "end": 0.36,
            "text": " Right. These are.",
            "tokens": [
                50365,
                1779,
                13,
                1981,
                366,
                13,
                50422
            ],
            "temperature": 0.0,
            "avg_logprob": -0.5232915282249451,
            "compression_ratio": 0.68,
            "no_speech_prob": 0.065492644906044,
            "words": [
                {
                    "word": " Right.",
                    "start": 0.0,
                    "end": 0.08,
                    "probability": 0.2530243396759033
                },
                {
                    "word": " These",
                    "start": 0.08,
                    "end": 0.34,
                    "probability": 0.6979151964187622
                },
                {
                    "word": " are.",
                    "start": 0.34,
                    "end": 0.36,
                    "probability": 0.9989264607429504
                }
            ]
        }
    ],
    "language": "en"
}