{
    "text": " Must be.",
    "segments": [
        {
            "id": 0,
            "seek": 0,
            "start": 0.0,
            "end": 0.24,
            "text": " Must be.",
            "tokens": [
                50365,
                13252,
                312,
                13,
                50385
            ],
            "temperature": 0.0,
            "avg_logprob": -0.5129678646723429,
            "compression_ratio": 0.5,
            "no_speech_prob": 0.2546970248222351,
            "words": [
                {
                    "word": " Must",
                    "start": 0.0,
                    "end": 0.12,
                    "probability": 0.25072067975997925
                },
                {
                    "word": " be.",
                    "start": 0.12,
                    "end": 0.24,
                    "probability": 0.6378467679023743
                }
            ]
        }
    ],
    "language": "en"
}