{
    "text": " Sharp ratio.",
    "segments": [
        {
            "id": 0,
            "seek": 0,
            "start": 0.0,
            "end": 0.32,
            "text": " Sharp ratio.",
            "tokens": [
                50365,
                31654,
                8509,
                13,
                50407
            ],
            "temperature": 0.0,
            "avg_logprob": -0.574125607808431,
            "compression_ratio": 0.6,
            "no_speech_prob": 0.09040884673595428,
            "words": [
                {
                    "word": " Sharp",
                    "start": 0.0,
                    "end": 0.22,
                    "probability": 0.03596782684326172
                },
                {
                    "word": " ratio.",
                    "start": 0.22,
                    "end": 0.32,
                    "probability": 0.9085076451301575
                }
            ]
        }
    ],
    "language": "en"
}