{
    "text": " Right?",
    "segments": [
        {
            "id": 0,
            "seek": 0,
            "start": 0.0,
            "end": 0.18,
            "text": " Right?",
            "tokens": [
                50365,
                1779,
                30,
                50404
            ],
            "temperature": 0.0,
            "avg_logprob": -0.23505790233612062,
            "compression_ratio": 0.42857142857142855,
            "no_speech_prob": 0.02166707068681717,
            "words": [
                {
                    "word": " Right?",
                    "start": 0.0,
                    "end": 0.18,
                    "probability": 0.39178186655044556
                }
            ]
        }
    ],
    "language": "en"
}