{
    "text": " Right. Right? From an",
    "segments": [
        {
            "id": 0,
            "seek": 0,
            "start": 0.0,
            "end": 0.18,
            "text": " Right.",
            "tokens": [
                50365,
                1779,
                13,
                50377
            ],
            "temperature": 0.0,
            "avg_logprob": -0.6180796990027795,
            "compression_ratio": 0.8076923076923077,
            "no_speech_prob": 0.0001262851874344051,
            "words": [
                {
                    "word": " Right.",
                    "start": 0.0,
                    "end": 0.18,
                    "probability": 0.6910101175308228
                }
            ]
        },
        {
            "id": 1,
            "seek": 0,
            "start": 0.2,
            "end": 0.48,
            "text": " Right?",
            "tokens": [
                50381,
                1779,
                30,
                50393
            ],
            "temperature": 0.0,
            "avg_logprob": -0.6180796990027795,
            "compression_ratio": 0.8076923076923077,
            "no_speech_prob": 0.0001262851874344051,
            "words": [
                {
                    "word": " Right?",
                    "start": 0.2,
                    "end": 0.48,
                    "probability": 0.9036797881126404
                }
            ]
        },
        {
            "id": 2,
            "seek": 0,
            "start": 0.52,
            "end": 0.82,
            "text": " From an",
            "tokens": [
                50397,
                3358,
                364,
                50408
            ],
            "temperature": 0.0,
            "avg_logprob": -0.6180796990027795,
            "compression_ratio": 0.8076923076923077,
            "no_speech_prob": 0.0001262851874344051,
            "words": [
                {
                    "word": " From",
                    "start": 0.52,
                    "end": 0.82,
                    "probability": 0.12848368287086487
                },
                {
                    "word": " an",
                    "start": 0.82,
                    "end": 0.82,
                    "probability": 0.9817226529121399
                }
            ]
        }
    ],
    "language": "en"
}