{
    "text": " Right, exactly.",
    "segments": [
        {
            "id": 0,
            "seek": 0,
            "start": 0.0,
            "end": 0.54,
            "text": " Right, exactly.",
            "tokens": [
                50365,
                1779,
                11,
                2293,
                13,
                50403
            ],
            "temperature": 0.0,
            "avg_logprob": -0.38060453959873747,
            "compression_ratio": 0.6521739130434783,
            "no_speech_prob": 0.0018499713623896241,
            "words": [
                {
                    "word": " Right,",
                    "start": 0.0,
                    "end": 0.18,
                    "probability": 0.7912262082099915
                },
                {
                    "word": " exactly.",
                    "start": 0.24,
                    "end": 0.54,
                    "probability": 0.9967615008354187
                }
            ]
        }
    ],
    "language": "en"
}