{
    "text": " Definitely.",
    "segments": [
        {
            "id": 0,
            "seek": 0,
            "start": 0.0,
            "end": 0.32,
            "text": " Definitely.",
            "tokens": [
                50365,
                12151,
                13,
                50394
            ],
            "temperature": 0.0,
            "avg_logprob": -0.3836738348007202,
            "compression_ratio": 0.5789473684210527,
            "no_speech_prob": 0.2957170605659485,
            "words": [
                {
                    "word": " Definitely.",
                    "start": 0.0,
                    "end": 0.32,
                    "probability": 0.5654403567314148
                }
            ]
        }
    ],
    "language": "en"
}