{
    "text": " There you go.",
    "segments": [
        {
            "id": 0,
            "seek": 0,
            "start": 0.0,
            "end": 0.04,
            "text": " There you go.",
            "tokens": [
                50365,
                821,
                291,
                352,
                13,
                50368
            ],
            "temperature": 0.0,
            "avg_logprob": -0.7751265934535435,
            "compression_ratio": 0.6190476190476191,
            "no_speech_prob": 0.8852042555809021,
            "words": [
                {
                    "word": " There",
                    "start": 0.0,
                    "end": 0.02,
                    "probability": 0.06820336729288101
                },
                {
                    "word": " you",
                    "start": 0.02,
                    "end": 0.04,
                    "probability": 0.6522122621536255
                },
                {
                    "word": " go.",
                    "start": 0.04,
                    "end": 0.04,
                    "probability": 0.9953631162643433
                }
            ]
        }
    ],
    "language": "en"
}