{
    "text": " Rolling 30.",
    "segments": [
        {
            "id": 0,
            "seek": 0,
            "start": 0.0,
            "end": 0.54,
            "text": " Rolling 30.",
            "tokens": [
                50365,
                36457,
                2217,
                13,
                50403
            ],
            "temperature": 0.0,
            "avg_logprob": -0.14704217513402304,
            "compression_ratio": 0.5789473684210527,
            "no_speech_prob": 0.002075147582218051,
            "words": [
                {
                    "word": " Rolling",
                    "start": 0.0,
                    "end": 0.28,
                    "probability": 0.8320147395133972
                },
                {
                    "word": " 30.",
                    "start": 0.28,
                    "end": 0.54,
                    "probability": 0.6587167978286743
                }
            ]
        }
    ],
    "language": "en"
}