{
    "text": " Sign.",
    "segments": [
        {
            "id": 0,
            "seek": 0,
            "start": 0.0,
            "end": 0.24,
            "text": " Sign.",
            "tokens": [
                50365,
                13515,
                13,
                50382
            ],
            "temperature": 0.0,
            "avg_logprob": -0.6778263092041016,
            "compression_ratio": 0.38461538461538464,
            "no_speech_prob": 0.10202255100011826,
            "words": [
                {
                    "word": " Sign.",
                    "start": 0.0,
                    "end": 0.24,
                    "probability": 0.48116248846054077
                }
            ]
        }
    ],
    "language": "en"
}