{
    "text": " in the world.",
    "segments": [
        {
            "id": 0,
            "seek": 0,
            "start": 0.0,
            "end": 0.34,
            "text": " in the world.",
            "tokens": [
                50365,
                294,
                264,
                1002,
                13,
                50395
            ],
            "temperature": 0.0,
            "avg_logprob": -0.1551264865057809,
            "compression_ratio": 0.6190476190476191,
            "no_speech_prob": 0.010846246033906937,
            "words": [
                {
                    "word": " in",
                    "start": 0.0,
                    "end": 0.12,
                    "probability": 0.6974965929985046
                },
                {
                    "word": " the",
                    "start": 0.12,
                    "end": 0.2,
                    "probability": 0.9988634586334229
                },
                {
                    "word": " world.",
                    "start": 0.2,
                    "end": 0.34,
                    "probability": 0.9991262555122375
                }
            ]
        }
    ],
    "language": "en"
}