{
    "text": " Highlights of the game.",
    "segments": [
        {
            "id": 0,
            "seek": 0,
            "start": 0.0,
            "end": 0.5,
            "text": " Highlights of the game.",
            "tokens": [
                50365,
                5229,
                20827,
                295,
                264,
                1216,
                13,
                50394
            ],
            "temperature": 0.0,
            "avg_logprob": -0.31906965043809676,
            "compression_ratio": 0.7931034482758621,
            "no_speech_prob": 0.08301301300525665,
            "words": [
                {
                    "word": " Highlights",
                    "start": 0.0,
                    "end": 0.24,
                    "probability": 0.4933595135807991
                },
                {
                    "word": " of",
                    "start": 0.24,
                    "end": 0.24,
                    "probability": 0.9506800770759583
                },
                {
                    "word": " the",
                    "start": 0.24,
                    "end": 0.4,
                    "probability": 0.9925879836082458
                },
                {
                    "word": " game.",
                    "start": 0.4,
                    "end": 0.5,
                    "probability": 0.8601211309432983
                }
            ]
        }
    ],
    "language": "en"
}