{
    "text": " My fault.",
    "segments": [
        {
            "id": 0,
            "seek": 0,
            "start": 0.0,
            "end": 0.24,
            "text": " My fault.",
            "tokens": [
                50365,
                1222,
                7441,
                13,
                50395
            ],
            "temperature": 0.0,
            "avg_logprob": -0.48552648226420086,
            "compression_ratio": 0.5294117647058824,
            "no_speech_prob": 0.01642950251698494,
            "words": [
                {
                    "word": " My",
                    "start": 0.0,
                    "end": 0.1,
                    "probability": 0.3453729450702667
                },
                {
                    "word": " fault.",
                    "start": 0.1,
                    "end": 0.24,
                    "probability": 0.3685046136379242
                }
            ]
        }
    ],
    "language": "en"
}