{
    "text": " 2018.",
    "segments": [
        {
            "id": 0,
            "seek": 0,
            "start": 0.0,
            "end": 0.18,
            "text": " 2018.",
            "tokens": [
                50365,
                6096,
                13,
                50380
            ],
            "temperature": 0.0,
            "avg_logprob": -0.43804116249084474,
            "compression_ratio": 0.38461538461538464,
            "no_speech_prob": 0.2354927510023117,
            "words": [
                {
                    "word": " 2018.",
                    "start": 0.0,
                    "end": 0.18,
                    "probability": 0.8317139744758606
                }
            ]
        }
    ],
    "language": "en"
}