{
    "text": " Thank you.",
    "segments": [
        {
            "id": 0,
            "seek": 0,
            "start": 0.0,
            "end": 0.18,
            "text": " Thank you.",
            "tokens": [
                50365,
                1044,
                291,
                13,
                50374
            ],
            "temperature": 0.0,
            "avg_logprob": -0.6006997028986613,
            "compression_ratio": 0.5555555555555556,
            "no_speech_prob": 0.9246421456336975,
            "words": [
                {
                    "word": " Thank",
                    "start": 0.0,
                    "end": 0.12,
                    "probability": 0.0826575830578804
                },
                {
                    "word": " you.",
                    "start": 0.12,
                    "end": 0.18,
                    "probability": 0.99471116065979
                }
            ]
        }
    ],
    "language": "en"
}