{
    "text": " That's it.",
    "segments": [
        {
            "id": 0,
            "seek": 0,
            "start": 0.0,
            "end": 0.3,
            "text": " That's it.",
            "tokens": [
                50365,
                663,
                311,
                309,
                13,
                50392
            ],
            "temperature": 0.0,
            "avg_logprob": -0.34072491100856234,
            "compression_ratio": 0.5555555555555556,
            "no_speech_prob": 0.00039444133290089667,
            "words": [
                {
                    "word": " That's",
                    "start": 0.0,
                    "end": 0.3,
                    "probability": 0.9002434313297272
                },
                {
                    "word": " it.",
                    "start": 0.3,
                    "end": 0.3,
                    "probability": 0.9299459457397461
                }
            ]
        }
    ],
    "language": "en"
}