{
    "text": " Okay.",
    "segments": [
        {
            "id": 0,
            "seek": 0,
            "start": 0.0,
            "end": 0.12,
            "text": " Okay.",
            "tokens": [
                50365,
                1033,
                13,
                50378
            ],
            "temperature": 0.0,
            "avg_logprob": -0.2545902967453003,
            "compression_ratio": 0.38461538461538464,
            "no_speech_prob": 0.4393802881240845,
            "words": [
                {
                    "word": " Okay.",
                    "start": 0.0,
                    "end": 0.12,
                    "probability": 0.8071206212043762
                }
            ]
        }
    ],
    "language": "en"
}