{
    "text": " Okay.",
    "segments": [
        {
            "id": 0,
            "seek": 0,
            "start": 0.0,
            "end": 0.06,
            "text": " Okay.",
            "tokens": [
                50365,
                1033,
                13,
                50372
            ],
            "temperature": 0.0,
            "avg_logprob": -0.40758047103881834,
            "compression_ratio": 0.38461538461538464,
            "no_speech_prob": 0.6007334589958191,
            "words": [
                {
                    "word": " Okay.",
                    "start": 0.0,
                    "end": 0.06,
                    "probability": 0.6504780054092407
                }
            ]
        }
    ],
    "language": "en"
}