{
    "text": " Background.",
    "segments": [
        {
            "id": 0,
            "seek": 0,
            "start": 0.0,
            "end": 0.52,
            "text": " Background.",
            "tokens": [
                50365,
                36904,
                13,
                50399
            ],
            "temperature": 0.0,
            "avg_logprob": -0.2242605447769165,
            "compression_ratio": 0.5789473684210527,
            "no_speech_prob": 0.09880627691745758,
            "words": [
                {
                    "word": " Background.",
                    "start": 0.0,
                    "end": 0.52,
                    "probability": 0.25624340772628784
                }
            ]
        }
    ],
    "language": "en"
}