{
    "text": " always present, right?",
    "segments": [
        {
            "id": 0,
            "seek": 0,
            "start": 0.0,
            "end": 0.88,
            "text": " always present, right?",
            "tokens": [
                50365,
                1009,
                1974,
                11,
                558,
                30,
                50426
            ],
            "temperature": 0.0,
            "avg_logprob": -0.2671798765659332,
            "compression_ratio": 0.7333333333333333,
            "no_speech_prob": 0.010003612376749516,
            "words": [
                {
                    "word": " always",
                    "start": 0.0,
                    "end": 0.42,
                    "probability": 0.11431501060724258
                },
                {
                    "word": " present,",
                    "start": 0.42,
                    "end": 0.7,
                    "probability": 0.965103268623352
                },
                {
                    "word": " right?",
                    "start": 0.86,
                    "end": 0.88,
                    "probability": 0.9958022236824036
                }
            ]
        }
    ],
    "language": "en"
}