{
    "text": " Right?",
    "segments": [
        {
            "id": 0,
            "seek": 0,
            "start": 0.0,
            "end": 0.04,
            "text": " Right?",
            "tokens": [
                50365,
                1779,
                30,
                50373
            ],
            "temperature": 0.0,
            "avg_logprob": -0.3580012798309326,
            "compression_ratio": 0.42857142857142855,
            "no_speech_prob": 0.3058446943759918,
            "words": [
                {
                    "word": " Right?",
                    "start": 0.0,
                    "end": 0.04,
                    "probability": 0.3845696747303009
                }
            ]
        }
    ],
    "language": "en"
}