{
    "text": " It's not,",
    "segments": [
        {
            "id": 0,
            "seek": 0,
            "start": 0.0,
            "end": 0.52,
            "text": " It's not,",
            "tokens": [
                50365,
                467,
                311,
                406,
                11,
                50404
            ],
            "temperature": 0.0,
            "avg_logprob": -0.16180832045418875,
            "compression_ratio": 0.5294117647058824,
            "no_speech_prob": 0.0008224531775340438,
            "words": [
                {
                    "word": " It's",
                    "start": 0.0,
                    "end": 0.36,
                    "probability": 0.9183687269687653
                },
                {
                    "word": " not,",
                    "start": 0.36,
                    "end": 0.52,
                    "probability": 0.9977326393127441
                }
            ]
        }
    ],
    "language": "en"
}