{
    "text": " one",
    "segments": [
        {
            "id": 0,
            "seek": 0,
            "start": 0.0,
            "end": 0.1,
            "text": " one",
            "tokens": [
                50365,
                472,
                50377
            ],
            "temperature": 0.0,
            "avg_logprob": -0.4269038438796997,
            "compression_ratio": 0.2727272727272727,
            "no_speech_prob": 0.5425674319267273,
            "words": [
                {
                    "word": " one",
                    "start": 0.0,
                    "end": 0.1,
                    "probability": 0.27546265721321106
                }
            ]
        }
    ],
    "language": "en"
}