{
    "text": " Cheers.",
    "segments": [
        {
            "id": 0,
            "seek": 0,
            "start": 0.0,
            "end": 0.12,
            "text": " Cheers.",
            "tokens": [
                50365,
                13006,
                13,
                50378
            ],
            "temperature": 0.0,
            "avg_logprob": -0.6201175212860107,
            "compression_ratio": 0.4666666666666667,
            "no_speech_prob": 0.4737553298473358,
            "words": [
                {
                    "word": " Cheers.",
                    "start": 0.0,
                    "end": 0.12,
                    "probability": 0.1525607705116272
                }
            ]
        }
    ],
    "language": "en"
}