{
    "text": " Up 30, yeah.",
    "segments": [
        {
            "id": 0,
            "seek": 0,
            "start": 0.0,
            "end": 0.72,
            "text": " Up 30, yeah.",
            "tokens": [
                50365,
                5858,
                2217,
                11,
                1338,
                13,
                50409
            ],
            "temperature": 0.0,
            "avg_logprob": -0.2527885138988495,
            "compression_ratio": 0.6,
            "no_speech_prob": 0.0011964448494836688,
            "words": [
                {
                    "word": " Up",
                    "start": 0.0,
                    "end": 0.32,
                    "probability": 0.1690615713596344
                },
                {
                    "word": " 30,",
                    "start": 0.32,
                    "end": 0.32,
                    "probability": 0.9851149916648865
                },
                {
                    "word": " yeah.",
                    "start": 0.52,
                    "end": 0.72,
                    "probability": 0.9232218861579895
                }
            ]
        }
    ],
    "language": "en"
}