{
    "text": " You're looking every month.",
    "segments": [
        {
            "id": 0,
            "seek": 0,
            "start": 0.0,
            "end": 0.6,
            "text": " You're looking every month.",
            "tokens": [
                50365,
                509,
                434,
                1237,
                633,
                1618,
                13,
                50401
            ],
            "temperature": 0.0,
            "avg_logprob": -0.1929215987523397,
            "compression_ratio": 0.7714285714285715,
            "no_speech_prob": 0.0034171573352068663,
            "words": [
                {
                    "word": " You're",
                    "start": 0.0,
                    "end": 0.12,
                    "probability": 0.8699771463871002
                },
                {
                    "word": " looking",
                    "start": 0.12,
                    "end": 0.2,
                    "probability": 0.9942254424095154
                },
                {
                    "word": " every",
                    "start": 0.2,
                    "end": 0.38,
                    "probability": 0.7684144377708435
                },
                {
                    "word": " month.",
                    "start": 0.38,
                    "end": 0.6,
                    "probability": 0.9953924417495728
                }
            ]
        }
    ],
    "language": "en"
}