{
    "text": " Canadian.",
    "segments": [
        {
            "id": 0,
            "seek": 0,
            "start": 0.0,
            "end": 0.36,
            "text": " Canadian.",
            "tokens": [
                50365,
                12641,
                13,
                50396
            ],
            "temperature": 0.0,
            "avg_logprob": -0.46570577621459963,
            "compression_ratio": 0.5294117647058824,
            "no_speech_prob": 0.05949335917830467,
            "words": [
                {
                    "word": " Canadian.",
                    "start": 0.0,
                    "end": 0.36,
                    "probability": 0.12207864969968796
                }
            ]
        }
    ],
    "language": "en"
}