{
    "text": " truly independent.",
    "segments": [
        {
            "id": 0,
            "seek": 0,
            "start": 0.0,
            "end": 0.36,
            "text": " truly independent.",
            "tokens": [
                50365,
                4908,
                6695,
                13,
                50391
            ],
            "temperature": 0.0,
            "avg_logprob": -0.5649497111638387,
            "compression_ratio": 0.75,
            "no_speech_prob": 0.4408175051212311,
            "words": [
                {
                    "word": " truly",
                    "start": 0.0,
                    "end": 0.22,
                    "probability": 0.06673085689544678
                },
                {
                    "word": " independent.",
                    "start": 0.22,
                    "end": 0.36,
                    "probability": 0.9486056566238403
                }
            ]
        }
    ],
    "language": "en"
}