{
    "text": " Right.",
    "segments": [
        {
            "id": 0,
            "seek": 0,
            "start": 0.0,
            "end": 0.12,
            "text": " Right.",
            "tokens": [
                50365,
                1779,
                13,
                50379
            ],
            "temperature": 0.0,
            "avg_logprob": -0.16847277879714967,
            "compression_ratio": 0.42857142857142855,
            "no_speech_prob": 0.014425386674702168,
            "words": [
                {
                    "word": " Right.",
                    "start": 0.0,
                    "end": 0.12,
                    "probability": 0.6965452432632446
                }
            ]
        }
    ],
    "language": "en"
}