{
    "text": " Yep.",
    "segments": [
        {
            "id": 0,
            "seek": 0,
            "start": 0.0,
            "end": 0.12,
            "text": " Yep.",
            "tokens": [
                50365,
                7010,
                13,
                50375
            ],
            "temperature": 0.0,
            "avg_logprob": -0.2507929801940918,
            "compression_ratio": 0.3333333333333333,
            "no_speech_prob": 0.30264219641685486,
            "words": [
                {
                    "word": " Yep.",
                    "start": 0.0,
                    "end": 0.12,
                    "probability": 0.5266834497451782
                }
            ]
        }
    ],
    "language": "en"
}