{
    "text": " No, I didn't.",
    "segments": [
        {
            "id": 0,
            "seek": 0,
            "start": 0.07999999999999996,
            "end": 0.14,
            "text": " No, I didn't.",
            "tokens": [
                50365,
                883,
                11,
                286,
                994,
                380,
                13,
                50374
            ],
            "temperature": 0.0,
            "avg_logprob": -0.5070713890923394,
            "compression_ratio": 0.6190476190476191,
            "no_speech_prob": 0.6054828763008118,
            "words": [
                {
                    "word": " No,",
                    "start": 0.07999999999999996,
                    "end": 0.12,
                    "probability": 0.23936213552951813
                },
                {
                    "word": " I",
                    "start": 0.14,
                    "end": 0.14,
                    "probability": 0.7939430475234985
                },
                {
                    "word": " didn't.",
                    "start": 0.14,
                    "end": 0.14,
                    "probability": 0.6133688539266586
                }
            ]
        }
    ],
    "language": "en"
}