{
    "text": " Right.",
    "segments": [
        {
            "id": 0,
            "seek": 0,
            "start": 0.0,
            "end": 0.16,
            "text": " Right.",
            "tokens": [
                50365,
                1779,
                13,
                50379
            ],
            "temperature": 0.0,
            "avg_logprob": -0.35620865821838377,
            "compression_ratio": 0.42857142857142855,
            "no_speech_prob": 0.06544595211744308,
            "words": [
                {
                    "word": " Right.",
                    "start": 0.0,
                    "end": 0.16,
                    "probability": 0.8591374754905701
                }
            ]
        }
    ],
    "language": "en"
}