{
    "text": " Nope. It's still a...",
    "segments": [
        {
            "id": 0,
            "seek": 0,
            "start": 0.0,
            "end": 1.44,
            "text": " Nope. It's still a...",
            "tokens": [
                50365,
                12172,
                13,
                467,
                311,
                920,
                257,
                485,
                50438
            ],
            "temperature": 0.0,
            "avg_logprob": -0.3866211175918579,
            "compression_ratio": 0.7241379310344828,
            "no_speech_prob": 0.0029026377014815807,
            "words": [
                {
                    "word": " Nope.",
                    "start": 0.0,
                    "end": 0.22,
                    "probability": 0.43392765522003174
                },
                {
                    "word": " It's",
                    "start": 0.4,
                    "end": 0.84,
                    "probability": 0.9296171069145203
                },
                {
                    "word": " still",
                    "start": 0.84,
                    "end": 0.98,
                    "probability": 0.9951751232147217
                },
                {
                    "word": " a...",
                    "start": 0.98,
                    "end": 1.44,
                    "probability": 0.5012039840221405
                }
            ]
        }
    ],
    "language": "en"
}