{
    "text": " Still play independent.",
    "segments": [
        {
            "id": 0,
            "seek": 0,
            "start": 0.0,
            "end": 0.44,
            "text": " Still play independent.",
            "tokens": [
                50365,
                8291,
                862,
                6695,
                13,
                50407
            ],
            "temperature": 0.0,
            "avg_logprob": -0.5526879174368722,
            "compression_ratio": 0.7931034482758621,
            "no_speech_prob": 0.020230775699019432,
            "words": [
                {
                    "word": " Still",
                    "start": 0.0,
                    "end": 0.16,
                    "probability": 0.46423351764678955
                },
                {
                    "word": " play",
                    "start": 0.16,
                    "end": 0.28,
                    "probability": 0.27324533462524414
                },
                {
                    "word": " independent.",
                    "start": 0.28,
                    "end": 0.44,
                    "probability": 0.6935120224952698
                }
            ]
        }
    ],
    "language": "en"
}