{
    "text": " You're just",
    "segments": [
        {
            "id": 0,
            "seek": 0,
            "start": 0.0,
            "end": 0.2,
            "text": " You're just",
            "tokens": [
                50365,
                509,
                434,
                445,
                50384
            ],
            "temperature": 0.0,
            "avg_logprob": -0.584239641825358,
            "compression_ratio": 0.5789473684210527,
            "no_speech_prob": 0.17717519402503967,
            "words": [
                {
                    "word": " You're",
                    "start": 0.0,
                    "end": 0.18,
                    "probability": 0.34860914945602417
                },
                {
                    "word": " just",
                    "start": 0.18,
                    "end": 0.2,
                    "probability": 0.8039698004722595
                }
            ]
        }
    ],
    "language": "en"
}