{
    "text": " Yeah, yeah.",
    "segments": [
        {
            "id": 0,
            "seek": 0,
            "start": 0.0,
            "end": 0.28,
            "text": " Yeah, yeah.",
            "tokens": [
                50365,
                865,
                11,
                1338,
                13,
                50388
            ],
            "temperature": 0.0,
            "avg_logprob": -0.2547492640359061,
            "compression_ratio": 0.6470588235294118,
            "no_speech_prob": 0.18109004199504852,
            "words": [
                {
                    "word": " Yeah,",
                    "start": 0.0,
                    "end": 0.12,
                    "probability": 0.7338822484016418
                },
                {
                    "word": " yeah.",
                    "start": 0.24,
                    "end": 0.28,
                    "probability": 0.9816345572471619
                }
            ]
        }
    ],
    "language": "en"
}