{
    "text": " You're right.",
    "segments": [
        {
            "id": 0,
            "seek": 0,
            "start": 0.0,
            "end": 0.14,
            "text": " You're right.",
            "tokens": [
                50365,
                509,
                434,
                558,
                13,
                50374
            ],
            "temperature": 0.0,
            "avg_logprob": -0.5037387439182827,
            "compression_ratio": 0.6190476190476191,
            "no_speech_prob": 0.6574522256851196,
            "words": [
                {
                    "word": " You're",
                    "start": 0.0,
                    "end": 0.14,
                    "probability": 0.3040217012166977
                },
                {
                    "word": " right.",
                    "start": 0.14,
                    "end": 0.14,
                    "probability": 0.6583149433135986
                }
            ]
        }
    ],
    "language": "en"
}