{
    "text": " All right.",
    "segments": [
        {
            "id": 0,
            "seek": 0,
            "start": 0.0,
            "end": 0.16,
            "text": " All right.",
            "tokens": [
                50365,
                1057,
                558,
                13,
                50374
            ],
            "temperature": 0.0,
            "avg_logprob": -0.33331767717997235,
            "compression_ratio": 0.5555555555555556,
            "no_speech_prob": 0.8473728895187378,
            "words": [
                {
                    "word": " All",
                    "start": 0.0,
                    "end": 0.14,
                    "probability": 0.34750843048095703
                },
                {
                    "word": " right.",
                    "start": 0.14,
                    "end": 0.16,
                    "probability": 0.9990921020507812
                }
            ]
        }
    ],
    "language": "en"
}