{
    "text": " Thank you.",
    "segments": [
        {
            "id": 0,
            "seek": 0,
            "start": 0.0,
            "end": 0.08,
            "text": " Thank you.",
            "tokens": [
                50365,
                1044,
                291,
                13,
                50370
            ],
            "temperature": 0.0,
            "avg_logprob": -0.7397569020589193,
            "compression_ratio": 0.5555555555555556,
            "no_speech_prob": 0.9511010050773621,
            "words": [
                {
                    "word": " Thank",
                    "start": 0.0,
                    "end": 0.08,
                    "probability": 0.10065127909183502
                },
                {
                    "word": " you.",
                    "start": 0.08,
                    "end": 0.08,
                    "probability": 0.9923489093780518
                }
            ]
        }
    ],
    "language": "en"
}