{
    "text": " That's a good one.",
    "segments": [
        {
            "id": 0,
            "seek": 0,
            "start": 0.0,
            "end": 0.18,
            "text": " That's a good one.",
            "tokens": [
                50365,
                663,
                311,
                257,
                665,
                472,
                13,
                50375
            ],
            "temperature": 0.0,
            "avg_logprob": -0.4133587148454454,
            "compression_ratio": 0.6923076923076923,
            "no_speech_prob": 0.10180620104074478,
            "words": [
                {
                    "word": " That's",
                    "start": 0.0,
                    "end": 0.16,
                    "probability": 0.6967010647058487
                },
                {
                    "word": " a",
                    "start": 0.16,
                    "end": 0.16,
                    "probability": 0.2271614670753479
                },
                {
                    "word": " good",
                    "start": 0.16,
                    "end": 0.18,
                    "probability": 0.7742692232131958
                },
                {
                    "word": " one.",
                    "start": 0.18,
                    "end": 0.18,
                    "probability": 0.5781275033950806
                }
            ]
        }
    ],
    "language": "en"
}