{
    "text": " even worse.",
    "segments": [
        {
            "id": 0,
            "seek": 0,
            "start": 0.0,
            "end": 0.2,
            "text": " even worse.",
            "tokens": [
                50365,
                754,
                5324,
                13,
                50393
            ],
            "temperature": 0.0,
            "avg_logprob": -0.2382427453994751,
            "compression_ratio": 0.5789473684210527,
            "no_speech_prob": 0.003644875017926097,
            "words": [
                {
                    "word": " even",
                    "start": 0.0,
                    "end": 0.14,
                    "probability": 0.38211482763290405
                },
                {
                    "word": " worse.",
                    "start": 0.14,
                    "end": 0.2,
                    "probability": 0.9955940842628479
                }
            ]
        }
    ],
    "language": "en"
}