{
    "text": " Right?",
    "segments": [
        {
            "id": 0,
            "seek": 0,
            "start": 0.0,
            "end": 0.28,
            "text": " Right?",
            "tokens": [
                50365,
                1779,
                30,
                50395
            ],
            "temperature": 0.0,
            "avg_logprob": -0.38740196228027346,
            "compression_ratio": 0.42857142857142855,
            "no_speech_prob": 0.12034307420253754,
            "words": [
                {
                    "word": " Right?",
                    "start": 0.0,
                    "end": 0.28,
                    "probability": 0.3897012174129486
                }
            ]
        }
    ],
    "language": "en"
}