{
    "text": " Correct me.",
    "segments": [
        {
            "id": 0,
            "seek": 0,
            "start": 0.0,
            "end": 0.34,
            "text": " Correct me.",
            "tokens": [
                50365,
                12753,
                385,
                13,
                50393
            ],
            "temperature": 0.0,
            "avg_logprob": -0.373696247736613,
            "compression_ratio": 0.5789473684210527,
            "no_speech_prob": 0.013298099860548973,
            "words": [
                {
                    "word": " Correct",
                    "start": 0.0,
                    "end": 0.24,
                    "probability": 0.3398347496986389
                },
                {
                    "word": " me.",
                    "start": 0.24,
                    "end": 0.34,
                    "probability": 0.31187352538108826
                }
            ]
        }
    ],
    "language": "en"
}