{
    "text": " Right.",
    "segments": [
        {
            "id": 0,
            "seek": 0,
            "start": 0.0,
            "end": 0.2,
            "text": " Right.",
            "tokens": [
                50365,
                1779,
                13,
                50389
            ],
            "temperature": 0.0,
            "avg_logprob": -0.10707573890686035,
            "compression_ratio": 0.42857142857142855,
            "no_speech_prob": 0.01190536841750145,
            "words": [
                {
                    "word": " Right.",
                    "start": 0.0,
                    "end": 0.2,
                    "probability": 0.6417117118835449
                }
            ]
        }
    ],
    "language": "en"
}