{
    "text": "",
    "segments": [
        {
            "id": 0,
            "seek": 0,
            "start": -0.02,
            "end": -0.02,
            "text": "",
            "tokens": [],
            "temperature": 0.0,
            "avg_logprob": -0.7824079990386963,
            "compression_ratio": 0.5555555555555556,
            "no_speech_prob": 0.9376205801963806,
            "words": []
        }
    ],
    "language": "en"
}