{
    "text": " Amen.",
    "segments": [
        {
            "id": 0,
            "seek": 0,
            "start": 0.0,
            "end": 0.16,
            "text": " Amen.",
            "tokens": [
                50365,
                14092,
                13,
                50374
            ],
            "temperature": 0.0,
            "avg_logprob": -0.4926156044006348,
            "compression_ratio": 0.38461538461538464,
            "no_speech_prob": 0.8149917125701904,
            "words": [
                {
                    "word": " Amen.",
                    "start": 0.0,
                    "end": 0.16,
                    "probability": 0.36253464221954346
                }
            ]
        }
    ],
    "language": "en"
}