{
    "text": " Here we are.",
    "segments": [
        {
            "id": 0,
            "seek": 0,
            "start": 0.0,
            "end": 0.28,
            "text": " Here we are.",
            "tokens": [
                50365,
                1692,
                321,
                366,
                13,
                50406
            ],
            "temperature": 0.0,
            "avg_logprob": -0.16128473622458323,
            "compression_ratio": 0.6,
            "no_speech_prob": 0.021892163902521133,
            "words": [
                {
                    "word": " Here",
                    "start": 0.0,
                    "end": 0.16,
                    "probability": 0.4447152614593506
                },
                {
                    "word": " we",
                    "start": 0.16,
                    "end": 0.2,
                    "probability": 0.9946122169494629
                },
                {
                    "word": " are.",
                    "start": 0.2,
                    "end": 0.28,
                    "probability": 0.9929788708686829
                }
            ]
        }
    ],
    "language": "en"
}