{
    "text": " Correct.",
    "segments": [
        {
            "id": 0,
            "seek": 0,
            "start": 0.0,
            "end": 0.22,
            "text": " Correct.",
            "tokens": [
                50365,
                12753,
                13,
                50392
            ],
            "temperature": 0.0,
            "avg_logprob": -0.08188250660896301,
            "compression_ratio": 0.5,
            "no_speech_prob": 0.0055709038861095905,
            "words": [
                {
                    "word": " Correct.",
                    "start": 0.0,
                    "end": 0.22,
                    "probability": 0.7241775393486023
                }
            ]
        }
    ],
    "language": "en"
}