{
    "text": " Right.",
    "segments": [
        {
            "id": 0,
            "seek": 0,
            "start": 0.0,
            "end": 0.22,
            "text": " Right.",
            "tokens": [
                50365,
                1779,
                13,
                50384
            ],
            "temperature": 0.0,
            "avg_logprob": -0.17128267288208007,
            "compression_ratio": 0.42857142857142855,
            "no_speech_prob": 0.07718390971422195,
            "words": [
                {
                    "word": " Right.",
                    "start": 0.0,
                    "end": 0.22,
                    "probability": 0.538744330406189
                }
            ]
        }
    ],
    "language": "en"
}