{
    "text": " it's a",
    "segments": [
        {
            "id": 0,
            "seek": 0,
            "start": 0.0,
            "end": 0.16,
            "text": " it's a",
            "tokens": [
                50365,
                309,
                311,
                257,
                50381
            ],
            "temperature": 0.0,
            "avg_logprob": -0.37642188866933185,
            "compression_ratio": 0.42857142857142855,
            "no_speech_prob": 0.01761811412870884,
            "words": [
                {
                    "word": " it's",
                    "start": 0.0,
                    "end": 0.14,
                    "probability": 0.6517544835805893
                },
                {
                    "word": " a",
                    "start": 0.14,
                    "end": 0.16,
                    "probability": 0.9742796421051025
                }
            ]
        }
    ],
    "language": "en"
}