{
    "text": " to",
    "segments": [
        {
            "id": 0,
            "seek": 0,
            "start": 0.0,
            "end": 0.06,
            "text": " to",
            "tokens": [
                50365,
                281,
                50371
            ],
            "temperature": 0.0,
            "avg_logprob": -0.9871630072593689,
            "compression_ratio": 0.2,
            "no_speech_prob": 0.862385630607605,
            "words": [
                {
                    "word": " to",
                    "start": 0.0,
                    "end": 0.06,
                    "probability": 0.06659399718046188
                }
            ]
        }
    ],
    "language": "en"
}