{
    "text": " then",
    "segments": [
        {
            "id": 0,
            "seek": 0,
            "start": 0.0,
            "end": 0.28,
            "text": " then",
            "tokens": [
                50365,
                550,
                50388
            ],
            "temperature": 0.0,
            "avg_logprob": -0.4317956268787384,
            "compression_ratio": 0.3333333333333333,
            "no_speech_prob": 0.40836313366889954,
            "words": [
                {
                    "word": " then",
                    "start": 0.0,
                    "end": 0.28,
                    "probability": 0.1477295160293579
                }
            ]
        }
    ],
    "language": "en"
}