{
    "text": " That's a classic exposure.",
    "segments": [
        {
            "id": 0,
            "seek": 0,
            "start": 0.0,
            "end": 1.14,
            "text": " That's a classic exposure.",
            "tokens": [
                50365,
                663,
                311,
                257,
                7230,
                10420,
                13,
                50438
            ],
            "temperature": 0.0,
            "avg_logprob": -0.22304805119832358,
            "compression_ratio": 0.7647058823529411,
            "no_speech_prob": 0.0016927372198551893,
            "words": [
                {
                    "word": " That's",
                    "start": 0.0,
                    "end": 0.54,
                    "probability": 0.6626838743686676
                },
                {
                    "word": " a",
                    "start": 0.54,
                    "end": 0.54,
                    "probability": 0.8630567789077759
                },
                {
                    "word": " classic",
                    "start": 0.54,
                    "end": 0.8,
                    "probability": 0.7054256200790405
                },
                {
                    "word": " exposure.",
                    "start": 0.8,
                    "end": 1.14,
                    "probability": 0.9619492292404175
                }
            ]
        }
    ],
    "language": "en"
}