{
    "text": " because I would",
    "segments": [
        {
            "id": 0,
            "seek": 0,
            "start": 0.0,
            "end": 0.2,
            "text": " because I would",
            "tokens": [
                50365,
                570,
                286,
                576,
                50381
            ],
            "temperature": 0.0,
            "avg_logprob": -0.24456129471460977,
            "compression_ratio": 0.6521739130434783,
            "no_speech_prob": 0.08118423819541931,
            "words": [
                {
                    "word": " because",
                    "start": 0.0,
                    "end": 0.1,
                    "probability": 0.21610014140605927
                },
                {
                    "word": " I",
                    "start": 0.1,
                    "end": 0.18,
                    "probability": 0.984143853187561
                },
                {
                    "word": " would",
                    "start": 0.18,
                    "end": 0.2,
                    "probability": 0.941872239112854
                }
            ]
        }
    ],
    "language": "en"
}