{
    "text": " Four or six.",
    "segments": [
        {
            "id": 0,
            "seek": 0,
            "start": 0.0,
            "end": 0.52,
            "text": " Four or six.",
            "tokens": [
                50365,
                7451,
                420,
                2309,
                13,
                50398
            ],
            "temperature": 0.0,
            "avg_logprob": -0.44336795806884766,
            "compression_ratio": 0.6,
            "no_speech_prob": 0.3312704265117645,
            "words": [
                {
                    "word": " Four",
                    "start": 0.0,
                    "end": 0.28,
                    "probability": 0.1206350028514862
                },
                {
                    "word": " or",
                    "start": 0.28,
                    "end": 0.3,
                    "probability": 0.5992591381072998
                },
                {
                    "word": " six.",
                    "start": 0.3,
                    "end": 0.52,
                    "probability": 0.9384979605674744
                }
            ]
        }
    ],
    "language": "en"
}