{
    "text": " What would you do?",
    "segments": [
        {
            "id": 0,
            "seek": 0,
            "start": 0.0,
            "end": 0.48,
            "text": " What would you do?",
            "tokens": [
                50365,
                708,
                576,
                291,
                360,
                30,
                50408
            ],
            "temperature": 0.0,
            "avg_logprob": -0.14614491164684296,
            "compression_ratio": 0.6923076923076923,
            "no_speech_prob": 0.000624125066678971,
            "words": [
                {
                    "word": " What",
                    "start": 0.0,
                    "end": 0.14,
                    "probability": 0.49985209107398987
                },
                {
                    "word": " would",
                    "start": 0.14,
                    "end": 0.24,
                    "probability": 0.9955621957778931
                },
                {
                    "word": " you",
                    "start": 0.24,
                    "end": 0.32,
                    "probability": 0.9995909333229065
                },
                {
                    "word": " do?",
                    "start": 0.32,
                    "end": 0.48,
                    "probability": 0.9985137581825256
                }
            ]
        }
    ],
    "language": "en"
}