{
    "text": " Right.",
    "segments": [
        {
            "id": 0,
            "seek": 0,
            "start": 0.0,
            "end": 0.16,
            "text": " Right.",
            "tokens": [
                50365,
                1779,
                13,
                50390
            ],
            "temperature": 0.0,
            "avg_logprob": -0.24441401958465575,
            "compression_ratio": 0.42857142857142855,
            "no_speech_prob": 0.045892536640167236,
            "words": [
                {
                    "word": " Right.",
                    "start": 0.0,
                    "end": 0.16,
                    "probability": 0.2920060455799103
                }
            ]
        }
    ],
    "language": "en"
}