{
    "text": " Exactly.",
    "segments": [
        {
            "id": 0,
            "seek": 0,
            "start": 0.0,
            "end": 0.42,
            "text": " Exactly.",
            "tokens": [
                50365,
                7587,
                13,
                50434
            ],
            "temperature": 0.0,
            "avg_logprob": -0.3492945432662964,
            "compression_ratio": 0.5,
            "no_speech_prob": 0.0020794200245290995,
            "words": [
                {
                    "word": " Exactly.",
                    "start": 0.0,
                    "end": 0.42,
                    "probability": 0.08542565256357193
                }
            ]
        }
    ],
    "language": "en"
}