{
    "text": " Definitely.",
    "segments": [
        {
            "id": 0,
            "seek": 0,
            "start": 0.0,
            "end": 0.4,
            "text": " Definitely.",
            "tokens": [
                50365,
                12151,
                13,
                50400
            ],
            "temperature": 0.0,
            "avg_logprob": -0.20629992485046386,
            "compression_ratio": 0.5789473684210527,
            "no_speech_prob": 0.003070511156693101,
            "words": [
                {
                    "word": " Definitely.",
                    "start": 0.0,
                    "end": 0.4,
                    "probability": 0.6749193072319031
                }
            ]
        }
    ],
    "language": "en"
}