{
    "text": " And I walked.",
    "segments": [
        {
            "id": 0,
            "seek": 0,
            "start": 0.0,
            "end": 0.36,
            "text": " And I walked.",
            "tokens": [
                50365,
                400,
                286,
                7628,
                13,
                50389
            ],
            "temperature": 0.0,
            "avg_logprob": -0.3121309961591448,
            "compression_ratio": 0.6190476190476191,
            "no_speech_prob": 0.09594704210758209,
            "words": [
                {
                    "word": " And",
                    "start": 0.0,
                    "end": 0.12,
                    "probability": 0.3093578517436981
                },
                {
                    "word": " I",
                    "start": 0.12,
                    "end": 0.18,
                    "probability": 0.9797326326370239
                },
                {
                    "word": " walked.",
                    "start": 0.18,
                    "end": 0.36,
                    "probability": 0.8343279957771301
                }
            ]
        }
    ],
    "language": "en"
}