{
    "text": " Bye.",
    "segments": [
        {
            "id": 0,
            "seek": 0,
            "start": 0.0,
            "end": 0.06,
            "text": " Bye.",
            "tokens": [
                50365,
                4621,
                13,
                50376
            ],
            "temperature": 0.0,
            "avg_logprob": -0.7813114643096923,
            "compression_ratio": 0.3333333333333333,
            "no_speech_prob": 0.6848962903022766,
            "words": [
                {
                    "word": " Bye.",
                    "start": 0.0,
                    "end": 0.06,
                    "probability": 0.14645780622959137
                }
            ]
        }
    ],
    "language": "en"
}