{
    "text": " or who's arguing.",
    "segments": [
        {
            "id": 0,
            "seek": 0,
            "start": 0.0,
            "end": 0.46,
            "text": " or who's arguing.",
            "tokens": [
                50365,
                420,
                567,
                311,
                19697,
                13,
                50401
            ],
            "temperature": 0.0,
            "avg_logprob": -0.23297260701656342,
            "compression_ratio": 0.68,
            "no_speech_prob": 0.001940839341841638,
            "words": [
                {
                    "word": " or",
                    "start": 0.0,
                    "end": 0.12,
                    "probability": 0.6110929250717163
                },
                {
                    "word": " who's",
                    "start": 0.12,
                    "end": 0.26,
                    "probability": 0.9263192415237427
                },
                {
                    "word": " arguing.",
                    "start": 0.26,
                    "end": 0.46,
                    "probability": 0.9969019889831543
                }
            ]
        }
    ],
    "language": "en"
}