{
    "text": " Yeah.",
    "segments": [
        {
            "id": 0,
            "seek": 0,
            "start": 0.0,
            "end": 0.16,
            "text": " Yeah.",
            "tokens": [
                50365,
                865,
                13,
                50377
            ],
            "temperature": 0.0,
            "avg_logprob": -0.20287044048309327,
            "compression_ratio": 0.38461538461538464,
            "no_speech_prob": 0.4341627061367035,
            "words": [
                {
                    "word": " Yeah.",
                    "start": 0.0,
                    "end": 0.16,
                    "probability": 0.4054684340953827
                }
            ]
        }
    ],
    "language": "en"
}