{
    "text": " All right.",
    "segments": [
        {
            "id": 0,
            "seek": 0,
            "start": 0.0,
            "end": 0.28,
            "text": " All right.",
            "tokens": [
                50365,
                1057,
                558,
                13,
                50401
            ],
            "temperature": 0.0,
            "avg_logprob": -0.19235289096832275,
            "compression_ratio": 0.5555555555555556,
            "no_speech_prob": 0.0358213409781456,
            "words": [
                {
                    "word": " All",
                    "start": 0.0,
                    "end": 0.16,
                    "probability": 0.4981623589992523
                },
                {
                    "word": " right.",
                    "start": 0.16,
                    "end": 0.28,
                    "probability": 0.9986955523490906
                }
            ]
        }
    ],
    "language": "en"
}