{
    "text": " Okay.",
    "segments": [
        {
            "id": 0,
            "seek": 0,
            "start": 0.0,
            "end": 0.2,
            "text": " Okay.",
            "tokens": [
                50365,
                1033,
                13,
                50391
            ],
            "temperature": 0.0,
            "avg_logprob": -0.40002169609069826,
            "compression_ratio": 0.38461538461538464,
            "no_speech_prob": 0.14488264918327332,
            "words": [
                {
                    "word": " Okay.",
                    "start": 0.0,
                    "end": 0.2,
                    "probability": 0.47611936926841736
                }
            ]
        }
    ],
    "language": "en"
}