{
    "text": " It totally is.",
    "segments": [
        {
            "id": 0,
            "seek": 0,
            "start": 0.0,
            "end": 0.54,
            "text": " It totally is.",
            "tokens": [
                50365,
                467,
                3879,
                307,
                13,
                50405
            ],
            "temperature": 0.0,
            "avg_logprob": -0.13592147827148438,
            "compression_ratio": 0.6363636363636364,
            "no_speech_prob": 0.001569344662129879,
            "words": [
                {
                    "word": " It",
                    "start": 0.0,
                    "end": 0.1,
                    "probability": 0.8535025715827942
                },
                {
                    "word": " totally",
                    "start": 0.1,
                    "end": 0.36,
                    "probability": 0.9988711476325989
                },
                {
                    "word": " is.",
                    "start": 0.36,
                    "end": 0.54,
                    "probability": 0.999200165271759
                }
            ]
        }
    ],
    "language": "en"
}