{
    "text": " It's prototypical.",
    "segments": [
        {
            "id": 0,
            "seek": 0,
            "start": 0.0,
            "end": 0.68,
            "text": " It's prototypical.",
            "tokens": [
                50365,
                467,
                311,
                46219,
                34061,
                13,
                50403
            ],
            "temperature": 0.0,
            "avg_logprob": -0.3554192781448364,
            "compression_ratio": 0.6923076923076923,
            "no_speech_prob": 0.01775885932147503,
            "words": [
                {
                    "word": " It's",
                    "start": 0.0,
                    "end": 0.16,
                    "probability": 0.9381217360496521
                },
                {
                    "word": " prototypical.",
                    "start": 0.16,
                    "end": 0.68,
                    "probability": 0.647133082151413
                }
            ]
        }
    ],
    "language": "en"
}