{
    "text": " around there.",
    "segments": [
        {
            "id": 0,
            "seek": 0,
            "start": 0.0,
            "end": 0.56,
            "text": " around there.",
            "tokens": [
                50365,
                926,
                456,
                13,
                50403
            ],
            "temperature": 0.0,
            "avg_logprob": -0.20097704728444418,
            "compression_ratio": 0.6190476190476191,
            "no_speech_prob": 0.0004650195478461683,
            "words": [
                {
                    "word": " around",
                    "start": 0.0,
                    "end": 0.38,
                    "probability": 0.47520768642425537
                },
                {
                    "word": " there.",
                    "start": 0.38,
                    "end": 0.56,
                    "probability": 0.9744563102722168
                }
            ]
        }
    ],
    "language": "en"
}