{
    "text": " Yeah.",
    "segments": [
        {
            "id": 0,
            "seek": 0,
            "start": 0.0,
            "end": 0.12,
            "text": " Yeah.",
            "tokens": [
                50365,
                865,
                13,
                50371
            ],
            "temperature": 0.0,
            "avg_logprob": -0.4242994785308838,
            "compression_ratio": 0.38461538461538464,
            "no_speech_prob": 0.6677826642990112,
            "words": [
                {
                    "word": " Yeah.",
                    "start": 0.0,
                    "end": 0.12,
                    "probability": 0.44463691115379333
                }
            ]
        }
    ],
    "language": "en"
}