{
    "text": " Absolutely, yes.",
    "segments": [
        {
            "id": 0,
            "seek": 0,
            "start": 0.0,
            "end": 0.5,
            "text": " Absolutely, yes.",
            "tokens": [
                50365,
                7021,
                11,
                2086,
                13,
                50406
            ],
            "temperature": 0.0,
            "avg_logprob": -0.21093056883130754,
            "compression_ratio": 0.6666666666666666,
            "no_speech_prob": 0.0035891744773834944,
            "words": [
                {
                    "word": " Absolutely,",
                    "start": 0.0,
                    "end": 0.32,
                    "probability": 0.562647819519043
                },
                {
                    "word": " yes.",
                    "start": 0.34,
                    "end": 0.5,
                    "probability": 0.9950810670852661
                }
            ]
        }
    ],
    "language": "en"
}