{
    "text": " Okay.",
    "segments": [
        {
            "id": 0,
            "seek": 0,
            "start": 0.0,
            "end": 0.92,
            "text": " Okay.",
            "tokens": [
                50365,
                1033,
                13,
                50432
            ],
            "temperature": 0.0,
            "avg_logprob": -0.4660623073577881,
            "compression_ratio": 0.38461538461538464,
            "no_speech_prob": 0.26689401268959045,
            "words": [
                {
                    "word": " Okay.",
                    "start": 0.0,
                    "end": 0.92,
                    "probability": 0.25906527042388916
                }
            ]
        }
    ],
    "language": "en"
}