{
    "text": " Right. Interesting.",
    "segments": [
        {
            "id": 0,
            "seek": 0,
            "start": 0.0,
            "end": 1.08,
            "text": " Right. Interesting.",
            "tokens": [
                50365,
                1779,
                13,
                14711,
                13,
                50439
            ],
            "temperature": 0.0,
            "avg_logprob": -0.22253586564745223,
            "compression_ratio": 0.7037037037037037,
            "no_speech_prob": 0.005920454394072294,
            "words": [
                {
                    "word": " Right.",
                    "start": 0.0,
                    "end": 0.18,
                    "probability": 0.7046026587486267
                },
                {
                    "word": " Interesting.",
                    "start": 0.7,
                    "end": 1.08,
                    "probability": 0.9895524382591248
                }
            ]
        }
    ],
    "language": "en"
}