{
    "text": " using them",
    "segments": [
        {
            "id": 0,
            "seek": 0,
            "start": 0.0,
            "end": 0.4,
            "text": " using them",
            "tokens": [
                50365,
                1228,
                552,
                50414
            ],
            "temperature": 0.0,
            "avg_logprob": -0.08343328237533569,
            "compression_ratio": 0.5555555555555556,
            "no_speech_prob": 0.0024419676046818495,
            "words": [
                {
                    "word": " using",
                    "start": 0.0,
                    "end": 0.26,
                    "probability": 0.6876802444458008
                },
                {
                    "word": " them",
                    "start": 0.26,
                    "end": 0.4,
                    "probability": 0.9936503767967224
                }
            ]
        }
    ],
    "language": "en"
}