{
    "text": " Right, so yeah.",
    "segments": [
        {
            "id": 0,
            "seek": 0,
            "start": 0.0,
            "end": 0.48,
            "text": " Right, so yeah.",
            "tokens": [
                50365,
                1779,
                11,
                370,
                1338,
                13,
                50406
            ],
            "temperature": 0.0,
            "avg_logprob": -0.26495876908302307,
            "compression_ratio": 0.6521739130434783,
            "no_speech_prob": 0.03898262605071068,
            "words": [
                {
                    "word": " Right,",
                    "start": 0.0,
                    "end": 0.22,
                    "probability": 0.45816293358802795
                },
                {
                    "word": " so",
                    "start": 0.22,
                    "end": 0.22,
                    "probability": 0.9729655981063843
                },
                {
                    "word": " yeah.",
                    "start": 0.22,
                    "end": 0.48,
                    "probability": 0.5796634554862976
                }
            ]
        }
    ],
    "language": "en"
}