{
    "text": " Correct.",
    "segments": [
        {
            "id": 0,
            "seek": 0,
            "start": 0.0,
            "end": 0.18,
            "text": " Correct.",
            "tokens": [
                50365,
                12753,
                13,
                50392
            ],
            "temperature": 0.0,
            "avg_logprob": -0.6250527858734131,
            "compression_ratio": 0.5,
            "no_speech_prob": 0.0027852472849190235,
            "words": [
                {
                    "word": " Correct.",
                    "start": 0.0,
                    "end": 0.18,
                    "probability": 0.32873082160949707
                }
            ]
        }
    ],
    "language": "en"
}