{
    "text": " Right?",
    "segments": [
        {
            "id": 0,
            "seek": 0,
            "start": 0.0,
            "end": 0.14,
            "text": " Right?",
            "tokens": [
                50365,
                1779,
                30,
                50410
            ],
            "temperature": 0.0,
            "avg_logprob": -0.2003709316253662,
            "compression_ratio": 0.42857142857142855,
            "no_speech_prob": 0.03851582109928131,
            "words": [
                {
                    "word": " Right?",
                    "start": 0.0,
                    "end": 0.14,
                    "probability": 0.5547703504562378
                }
            ]
        }
    ],
    "language": "en"
}