{
    "text": " Correct.",
    "segments": [
        {
            "id": 0,
            "seek": 0,
            "start": 0.0,
            "end": 0.22,
            "text": " Correct.",
            "tokens": [
                50365,
                12753,
                13,
                50390
            ],
            "temperature": 0.0,
            "avg_logprob": -0.028659898042678832,
            "compression_ratio": 0.5,
            "no_speech_prob": 0.009897219948470592,
            "words": [
                {
                    "word": " Correct.",
                    "start": 0.0,
                    "end": 0.22,
                    "probability": 0.9468798041343689
                }
            ]
        }
    ],
    "language": "en"
}