{
    "text": " If you don't.",
    "segments": [
        {
            "id": 0,
            "seek": 0,
            "start": 0.0,
            "end": 0.72,
            "text": " If you don't.",
            "tokens": [
                50365,
                759,
                291,
                500,
                380,
                13,
                50408
            ],
            "temperature": 0.0,
            "avg_logprob": -0.3297654390335083,
            "compression_ratio": 0.6190476190476191,
            "no_speech_prob": 0.03719203919172287,
            "words": [
                {
                    "word": " If",
                    "start": 0.0,
                    "end": 0.12,
                    "probability": 0.5592698454856873
                },
                {
                    "word": " you",
                    "start": 0.12,
                    "end": 0.36,
                    "probability": 0.9977422952651978
                },
                {
                    "word": " don't.",
                    "start": 0.36,
                    "end": 0.72,
                    "probability": 0.9986695051193237
                }
            ]
        }
    ],
    "language": "en"
}