{
    "text": " Yeah.",
    "segments": [
        {
            "id": 0,
            "seek": 0,
            "start": 0.0,
            "end": 0.28,
            "text": " Yeah.",
            "tokens": [
                50374,
                865,
                13,
                50392
            ],
            "temperature": 0.0,
            "avg_logprob": -0.5044209003448487,
            "compression_ratio": 0.38461538461538464,
            "no_speech_prob": 0.0040208459831774235,
            "words": [
                {
                    "word": " Yeah.",
                    "start": 0.0,
                    "end": 0.28,
                    "probability": 0.8583031892776489
                }
            ]
        }
    ],
    "language": "en"
}