{
    "text": " It's been great.",
    "segments": [
        {
            "id": 0,
            "seek": 0,
            "start": 0.0,
            "end": 0.38,
            "text": " It's been great.",
            "tokens": [
                50365,
                467,
                311,
                668,
                869,
                13,
                50394
            ],
            "temperature": 0.0,
            "avg_logprob": -0.14952921867370605,
            "compression_ratio": 0.6666666666666666,
            "no_speech_prob": 0.00780875189229846,
            "words": [
                {
                    "word": " It's",
                    "start": 0.0,
                    "end": 0.18,
                    "probability": 0.9587879776954651
                },
                {
                    "word": " been",
                    "start": 0.18,
                    "end": 0.26,
                    "probability": 0.9987899661064148
                },
                {
                    "word": " great.",
                    "start": 0.26,
                    "end": 0.38,
                    "probability": 0.9998719692230225
                }
            ]
        }
    ],
    "language": "en"
}