{
    "text": " Here we are.",
    "segments": [
        {
            "id": 0,
            "seek": 0,
            "start": 0.0,
            "end": 0.34,
            "text": " Here we are.",
            "tokens": [
                50365,
                1692,
                321,
                366,
                13,
                50404
            ],
            "temperature": 0.0,
            "avg_logprob": -0.14120808669498988,
            "compression_ratio": 0.6,
            "no_speech_prob": 0.028813520446419716,
            "words": [
                {
                    "word": " Here",
                    "start": 0.0,
                    "end": 0.14,
                    "probability": 0.6172053217887878
                },
                {
                    "word": " we",
                    "start": 0.14,
                    "end": 0.18,
                    "probability": 0.9983323216438293
                },
                {
                    "word": " are.",
                    "start": 0.18,
                    "end": 0.34,
                    "probability": 0.9985634684562683
                }
            ]
        }
    ],
    "language": "en"
}