{
    "text": " If you.",
    "segments": [
        {
            "id": 0,
            "seek": 0,
            "start": 0.0,
            "end": 0.24,
            "text": " If you.",
            "tokens": [
                50365,
                759,
                291,
                13,
                50384
            ],
            "temperature": 0.0,
            "avg_logprob": -0.6323371330897013,
            "compression_ratio": 0.4666666666666667,
            "no_speech_prob": 0.07728958874940872,
            "words": [
                {
                    "word": " If",
                    "start": 0.0,
                    "end": 0.12,
                    "probability": 0.1727643609046936
                },
                {
                    "word": " you.",
                    "start": 0.12,
                    "end": 0.24,
                    "probability": 0.977287769317627
                }
            ]
        }
    ],
    "language": "en"
}