{
    "text": " What's",
    "segments": [
        {
            "id": 0,
            "seek": 0,
            "start": 0.0,
            "end": 0.4,
            "text": " What's",
            "tokens": [
                50365,
                708,
                311,
                50390
            ],
            "temperature": 0.0,
            "avg_logprob": -0.5147395133972168,
            "compression_ratio": 0.42857142857142855,
            "no_speech_prob": 0.23577876389026642,
            "words": [
                {
                    "word": " What's",
                    "start": 0.0,
                    "end": 0.4,
                    "probability": 0.5673833414912224
                }
            ]
        }
    ],
    "language": "en"
}