{
    "text": " I'm not.",
    "segments": [
        {
            "id": 0,
            "seek": 0,
            "start": 0.0,
            "end": 0.24,
            "text": " I'm not.",
            "tokens": [
                50365,
                286,
                478,
                406,
                13,
                50387
            ],
            "temperature": 0.0,
            "avg_logprob": -0.21508831637246267,
            "compression_ratio": 0.5,
            "no_speech_prob": 0.0016946536488831043,
            "words": [
                {
                    "word": " I'm",
                    "start": 0.0,
                    "end": 0.2,
                    "probability": 0.5668321847915649
                },
                {
                    "word": " not.",
                    "start": 0.2,
                    "end": 0.24,
                    "probability": 0.8619961738586426
                }
            ]
        }
    ],
    "language": "en"
}