{
    "text": " when you look",
    "segments": [
        {
            "id": 0,
            "seek": 0,
            "start": 0.0,
            "end": 0.34,
            "text": " when you look",
            "tokens": [
                50365,
                562,
                291,
                574,
                50387
            ],
            "temperature": 0.0,
            "avg_logprob": -0.22035324573516846,
            "compression_ratio": 0.6190476190476191,
            "no_speech_prob": 0.0011301718186587095,
            "words": [
                {
                    "word": " when",
                    "start": 0.0,
                    "end": 0.1,
                    "probability": 0.3790002167224884
                },
                {
                    "word": " you",
                    "start": 0.1,
                    "end": 0.2,
                    "probability": 0.994383692741394
                },
                {
                    "word": " look",
                    "start": 0.2,
                    "end": 0.34,
                    "probability": 0.9470150470733643
                }
            ]
        }
    ],
    "language": "en"
}