{
    "text": " Yeah.",
    "segments": [
        {
            "id": 0,
            "seek": 0,
            "start": 0.0,
            "end": 0.2,
            "text": " Yeah.",
            "tokens": [
                50365,
                865,
                13,
                50394
            ],
            "temperature": 0.0,
            "avg_logprob": -0.16139901876449586,
            "compression_ratio": 0.38461538461538464,
            "no_speech_prob": 0.025232892483472824,
            "words": [
                {
                    "word": " Yeah.",
                    "start": 0.0,
                    "end": 0.2,
                    "probability": 0.14639432728290558
                }
            ]
        }
    ],
    "language": "en"
}