{
    "text": " Yep.",
    "segments": [
        {
            "id": 0,
            "seek": 0,
            "start": 0.0,
            "end": 0.14,
            "text": " Yep.",
            "tokens": [
                50365,
                7010,
                13,
                50375
            ],
            "temperature": 0.0,
            "avg_logprob": -0.4280075550079346,
            "compression_ratio": 0.3333333333333333,
            "no_speech_prob": 0.06813406199216843,
            "words": [
                {
                    "word": " Yep.",
                    "start": 0.0,
                    "end": 0.14,
                    "probability": 0.43396124243736267
                }
            ]
        }
    ],
    "language": "en"
}