{
    "text": "",
    "segments": [
        {
            "id": 0,
            "seek": 0,
            "start": -0.02,
            "end": -0.02,
            "text": "",
            "tokens": [],
            "temperature": 0.0,
            "avg_logprob": -0.6060279740227593,
            "compression_ratio": 0.7142857142857143,
            "no_speech_prob": 0.9495655298233032,
            "words": []
        }
    ],
    "language": "en"
}