{
    "text": " Yeah.",
    "segments": [
        {
            "id": 0,
            "seek": 0,
            "start": 0.0,
            "end": 0.1,
            "text": " Yeah.",
            "tokens": [
                50365,
                865,
                13,
                50377
            ],
            "temperature": 0.0,
            "avg_logprob": -0.08511127829551697,
            "compression_ratio": 0.38461538461538464,
            "no_speech_prob": 0.08410226553678513,
            "words": [
                {
                    "word": " Yeah.",
                    "start": 0.0,
                    "end": 0.1,
                    "probability": 0.8935917615890503
                }
            ]
        }
    ],
    "language": "en"
}