{
    "text": " I'm sorry.",
    "segments": [
        {
            "id": 0,
            "seek": 0,
            "start": 0.0,
            "end": 0.26,
            "text": " I'm sorry.",
            "tokens": [
                50365,
                286,
                478,
                2597,
                13,
                50389
            ],
            "temperature": 0.0,
            "avg_logprob": -0.9673727580479213,
            "compression_ratio": 0.5555555555555556,
            "no_speech_prob": 0.4796995222568512,
            "words": [
                {
                    "word": " I'm",
                    "start": 0.0,
                    "end": 0.04,
                    "probability": 0.0676033478230238
                },
                {
                    "word": " sorry.",
                    "start": 0.04,
                    "end": 0.26,
                    "probability": 0.28818753361701965
                }
            ]
        }
    ],
    "language": "en"
}