{
    "text": " Yeah, right.",
    "segments": [
        {
            "id": 0,
            "seek": 0,
            "start": 0.0,
            "end": 0.7,
            "text": " Yeah, right.",
            "tokens": [
                50365,
                865,
                11,
                558,
                13,
                50411
            ],
            "temperature": 0.0,
            "avg_logprob": -0.15659139837537492,
            "compression_ratio": 0.6,
            "no_speech_prob": 0.04862982779741287,
            "words": [
                {
                    "word": " Yeah,",
                    "start": 0.0,
                    "end": 0.18,
                    "probability": 0.5896798372268677
                },
                {
                    "word": " right.",
                    "start": 0.3,
                    "end": 0.7,
                    "probability": 0.9959394931793213
                }
            ]
        }
    ],
    "language": "en"
}