{
    "text": " property",
    "segments": [
        {
            "id": 0,
            "seek": 0,
            "start": 0.0,
            "end": 0.34,
            "text": " property",
            "tokens": [
                50365,
                4707,
                50401
            ],
            "temperature": 0.0,
            "avg_logprob": -0.18011131882667542,
            "compression_ratio": 0.5,
            "no_speech_prob": 0.017842020839452744,
            "words": [
                {
                    "word": " property",
                    "start": 0.0,
                    "end": 0.34,
                    "probability": 0.7344530820846558
                }
            ]
        }
    ],
    "language": "en"
}