{
    "text": " Yeah.",
    "segments": [
        {
            "id": 0,
            "seek": 0,
            "start": 0.0,
            "end": 0.16,
            "text": " Yeah.",
            "tokens": [
                50365,
                865,
                13,
                50386
            ],
            "temperature": 0.0,
            "avg_logprob": -0.31822025775909424,
            "compression_ratio": 0.38461538461538464,
            "no_speech_prob": 0.02613077498972416,
            "words": [
                {
                    "word": " Yeah.",
                    "start": 0.0,
                    "end": 0.16,
                    "probability": 0.7167409658432007
                }
            ]
        }
    ],
    "language": "en"
}