{
    "text": " Signal light.",
    "segments": [
        {
            "id": 0,
            "seek": 0,
            "start": 0.0,
            "end": 0.48,
            "text": " Signal light.",
            "tokens": [
                50365,
                43414,
                1442,
                13,
                50398
            ],
            "temperature": 0.0,
            "avg_logprob": -0.35517553488413495,
            "compression_ratio": 0.6190476190476191,
            "no_speech_prob": 0.10157881677150726,
            "words": [
                {
                    "word": " Signal",
                    "start": 0.0,
                    "end": 0.32,
                    "probability": 0.6239551901817322
                },
                {
                    "word": " light.",
                    "start": 0.32,
                    "end": 0.48,
                    "probability": 0.7597936987876892
                }
            ]
        }
    ],
    "language": "en"
}