{
    "text": " One three.",
    "segments": [
        {
            "id": 0,
            "seek": 0,
            "start": 0.0,
            "end": 0.32,
            "text": " One three.",
            "tokens": [
                50365,
                1485,
                1045,
                13,
                50400
            ],
            "temperature": 0.0,
            "avg_logprob": -0.4497230052947998,
            "compression_ratio": 0.5555555555555556,
            "no_speech_prob": 0.018080445006489754,
            "words": [
                {
                    "word": " One",
                    "start": 0.0,
                    "end": 0.12,
                    "probability": 0.2936032712459564
                },
                {
                    "word": " three.",
                    "start": 0.12,
                    "end": 0.32,
                    "probability": 0.5713664293289185
                }
            ]
        }
    ],
    "language": "en"
}