{
    "text": " or is it",
    "segments": [
        {
            "id": 0,
            "seek": 0,
            "start": 0.0,
            "end": 0.4,
            "text": " or is it",
            "tokens": [
                50365,
                420,
                307,
                309,
                50397
            ],
            "temperature": 0.0,
            "avg_logprob": -0.2466824253400167,
            "compression_ratio": 0.5,
            "no_speech_prob": 0.00012929308286402375,
            "words": [
                {
                    "word": " or",
                    "start": 0.0,
                    "end": 0.26,
                    "probability": 0.46258455514907837
                },
                {
                    "word": " is",
                    "start": 0.26,
                    "end": 0.4,
                    "probability": 0.9948157668113708
                },
                {
                    "word": " it",
                    "start": 0.4,
                    "end": 0.4,
                    "probability": 0.9982301592826843
                }
            ]
        }
    ],
    "language": "en"
}