{
    "text": " Rick.",
    "segments": [
        {
            "id": 0,
            "seek": 0,
            "start": 0.0,
            "end": 0.12,
            "text": " Rick.",
            "tokens": [
                50365,
                11224,
                13,
                50375
            ],
            "temperature": 0.0,
            "avg_logprob": -0.5114017963409424,
            "compression_ratio": 0.38461538461538464,
            "no_speech_prob": 0.6151584982872009,
            "words": [
                {
                    "word": " Rick.",
                    "start": 0.0,
                    "end": 0.12,
                    "probability": 0.2593788206577301
                }
            ]
        }
    ],
    "language": "en"
}