{
    "text": " That has very.",
    "segments": [
        {
            "id": 0,
            "seek": 0,
            "start": 0.0,
            "end": 0.28,
            "text": " That has very.",
            "tokens": [
                50365,
                663,
                575,
                588,
                13,
                50389
            ],
            "temperature": 0.0,
            "avg_logprob": -0.46986457279750277,
            "compression_ratio": 0.6363636363636364,
            "no_speech_prob": 0.07353592664003372,
            "words": [
                {
                    "word": " That",
                    "start": 0.0,
                    "end": 0.16,
                    "probability": 0.735431432723999
                },
                {
                    "word": " has",
                    "start": 0.16,
                    "end": 0.26,
                    "probability": 0.8784517645835876
                },
                {
                    "word": " very.",
                    "start": 0.26,
                    "end": 0.28,
                    "probability": 0.724821150302887
                }
            ]
        }
    ],
    "language": "en"
}