{
    "text": " Oh, my God.",
    "segments": [
        {
            "id": 0,
            "seek": 0,
            "start": 0.0,
            "end": 0.2,
            "text": " Oh, my God.",
            "tokens": [
                50365,
                876,
                11,
                452,
                1265,
                13,
                50376
            ],
            "temperature": 0.0,
            "avg_logprob": -0.7719470858573914,
            "compression_ratio": 0.5789473684210527,
            "no_speech_prob": 0.08182971179485321,
            "words": [
                {
                    "word": " Oh,",
                    "start": 0.0,
                    "end": 0.2,
                    "probability": 0.05821696296334267
                },
                {
                    "word": " my",
                    "start": 0.2,
                    "end": 0.2,
                    "probability": 0.242836132645607
                },
                {
                    "word": " God.",
                    "start": 0.2,
                    "end": 0.2,
                    "probability": 0.8031615614891052
                }
            ]
        }
    ],
    "language": "en"
}