{
    "text": " to many",
    "segments": [
        {
            "id": 0,
            "seek": 0,
            "start": 0.0,
            "end": 0.36,
            "text": " to many",
            "tokens": [
                50365,
                281,
                867,
                50417
            ],
            "temperature": 0.0,
            "avg_logprob": -0.09258593916893006,
            "compression_ratio": 0.4666666666666667,
            "no_speech_prob": 0.06059136614203453,
            "words": [
                {
                    "word": " to",
                    "start": 0.0,
                    "end": 0.14,
                    "probability": 0.7466968297958374
                },
                {
                    "word": " many",
                    "start": 0.14,
                    "end": 0.36,
                    "probability": 0.9919517040252686
                }
            ]
        }
    ],
    "language": "en"
}