{
    "text": " you",
    "segments": [
        {
            "id": 0,
            "seek": 0,
            "start": 0.0,
            "end": 0.08,
            "text": " you",
            "tokens": [
                50365,
                291,
                50369
            ],
            "temperature": 0.0,
            "avg_logprob": -0.912524938583374,
            "compression_ratio": 0.2727272727272727,
            "no_speech_prob": 0.947394609451294,
            "words": [
                {
                    "word": " you",
                    "start": 0.0,
                    "end": 0.08,
                    "probability": 0.17280402779579163
                }
            ]
        }
    ],
    "language": "en"
}