{
    "text": " Thank you.",
    "segments": [
        {
            "id": 0,
            "seek": 0,
            "start": 0.11999999999999997,
            "end": 0.18,
            "text": " Thank you.",
            "tokens": [
                50365,
                1044,
                291,
                13,
                50379
            ],
            "temperature": 0.0,
            "avg_logprob": -0.7582867940266927,
            "compression_ratio": 0.5555555555555556,
            "no_speech_prob": 0.8925855159759521,
            "words": [
                {
                    "word": " Thank",
                    "start": 0.11999999999999997,
                    "end": 0.16,
                    "probability": 0.0381479412317276
                },
                {
                    "word": " you.",
                    "start": 0.16,
                    "end": 0.18,
                    "probability": 0.9940259456634521
                }
            ]
        }
    ],
    "language": "en"
}