{
    "text": " Institutional portfolios.",
    "segments": [
        {
            "id": 0,
            "seek": 0,
            "start": 0.0,
            "end": 1.08,
            "text": " Institutional portfolios.",
            "tokens": [
                50365,
                2730,
                41859,
                11688,
                2717,
                13,
                50430
            ],
            "temperature": 0.0,
            "avg_logprob": -0.14787134528160095,
            "compression_ratio": 0.7575757575757576,
            "no_speech_prob": 0.0008350193384103477,
            "words": [
                {
                    "word": " Institutional",
                    "start": 0.0,
                    "end": 0.5,
                    "probability": 0.7717378437519073
                },
                {
                    "word": " portfolios.",
                    "start": 0.5,
                    "end": 1.08,
                    "probability": 0.8350247144699097
                }
            ]
        }
    ],
    "language": "en"
}