{
    "text": " Yeah, absolutely.",
    "segments": [
        {
            "id": 0,
            "seek": 0,
            "start": 0.0,
            "end": 0.52,
            "text": " Yeah, absolutely.",
            "tokens": [
                50365,
                865,
                11,
                3122,
                13,
                50400
            ],
            "temperature": 0.0,
            "avg_logprob": -0.21885890620095388,
            "compression_ratio": 0.68,
            "no_speech_prob": 0.006995697971433401,
            "words": [
                {
                    "word": " Yeah,",
                    "start": 0.0,
                    "end": 0.18,
                    "probability": 0.9193798899650574
                },
                {
                    "word": " absolutely.",
                    "start": 0.22,
                    "end": 0.52,
                    "probability": 0.9993366599082947
                }
            ]
        }
    ],
    "language": "en"
}