{
    "text": " Absolutely.",
    "segments": [
        {
            "id": 0,
            "seek": 0,
            "start": 0.0,
            "end": 0.34,
            "text": " Absolutely.",
            "tokens": [
                50365,
                7021,
                13,
                50385
            ],
            "temperature": 0.0,
            "avg_logprob": -0.18347735404968263,
            "compression_ratio": 0.5789473684210527,
            "no_speech_prob": 0.017675770446658134,
            "words": [
                {
                    "word": " Absolutely.",
                    "start": 0.0,
                    "end": 0.34,
                    "probability": 0.9290434122085571
                }
            ]
        }
    ],
    "language": "en"
}