{
    "text": " And I was like,",
    "segments": [
        {
            "id": 0,
            "seek": 0,
            "start": 0.0,
            "end": 0.48,
            "text": " And I was like,",
            "tokens": [
                50365,
                400,
                286,
                390,
                411,
                11,
                50390
            ],
            "temperature": 0.0,
            "avg_logprob": -0.5680835843086243,
            "compression_ratio": 0.6521739130434783,
            "no_speech_prob": 0.06244823336601257,
            "words": [
                {
                    "word": " And",
                    "start": 0.0,
                    "end": 0.3,
                    "probability": 0.3902023434638977
                },
                {
                    "word": " I",
                    "start": 0.3,
                    "end": 0.4,
                    "probability": 0.9155911803245544
                },
                {
                    "word": " was",
                    "start": 0.4,
                    "end": 0.48,
                    "probability": 0.17616800963878632
                },
                {
                    "word": " like,",
                    "start": 0.48,
                    "end": 0.48,
                    "probability": 0.2481730729341507
                }
            ]
        }
    ],
    "language": "en"
}