{
    "text": " It's a great question.",
    "segments": [
        {
            "id": 0,
            "seek": 0,
            "start": 0.0,
            "end": 1.1,
            "text": " It's a great question.",
            "tokens": [
                50365,
                467,
                311,
                257,
                869,
                1168,
                13,
                50435
            ],
            "temperature": 0.0,
            "avg_logprob": -0.08939580784903632,
            "compression_ratio": 0.7333333333333333,
            "no_speech_prob": 0.0010374438716098666,
            "words": [
                {
                    "word": " It's",
                    "start": 0.0,
                    "end": 0.22,
                    "probability": 0.8173422515392303
                },
                {
                    "word": " a",
                    "start": 0.22,
                    "end": 0.52,
                    "probability": 0.945141613483429
                },
                {
                    "word": " great",
                    "start": 0.52,
                    "end": 0.74,
                    "probability": 0.9979079961776733
                },
                {
                    "word": " question.",
                    "start": 0.74,
                    "end": 1.1,
                    "probability": 0.9996960163116455
                }
            ]
        }
    ],
    "language": "en"
}