{
    "text": " Make life a little easier. So I want to draw a bit of a line in the sand here, because I believe most of our listeners would be sort of at least aware of the big option based strategies, right, where you have income generation on one side, you mentioned",
    "segments": [
        {
            "id": 0,
            "seek": 0,
            "start": 0.0,
            "end": 15.68,
            "text": " Make life a little easier. So I want to draw a bit of a line in the sand here, because I believe most of our listeners would be sort of at least aware of the big option based strategies, right, where you have income generation on one side, you mentioned",
            "tokens": [
                50365,
                4387,
                993,
                257,
                707,
                3571,
                13,
                407,
                286,
                528,
                281,
                2642,
                257,
                857,
                295,
                257,
                1622,
                294,
                264,
                4932,
                510,
                11,
                570,
                286,
                1697,
                881,
                295,
                527,
                23274,
                576,
                312,
                1333,
                295,
                412,
                1935,
                3650,
                295,
                264,
                955,
                3614,
                2361,
                9029,
                11,
                558,
                11,
                689,
                291,
                362,
                5742,
                5125,
                322,
                472,
                1252,
                11,
                291,
                2835,
                51164
            ],
            "temperature": 0.0,
            "avg_logprob": -0.05299351955282277,
            "compression_ratio": 1.488235294117647,
            "no_speech_prob": 0.016649890691041946,
            "words": [
                {
                    "word": " Make",
                    "start": 0.0,
                    "end": 0.16,
                    "probability": 0.5900870561599731
                },
                {
                    "word": " life",
                    "start": 0.16,
                    "end": 0.42,
                    "probability": 0.9996153116226196
                },
                {
                    "word": " a",
                    "start": 0.42,
                    "end": 0.62,
                    "probability": 0.9998692274093628
                },
                {
                    "word": " little",
                    "start": 0.62,
                    "end": 0.74,
                    "probability": 0.999789297580719
                },
                {
                    "word": " easier.",
                    "start": 0.74,
                    "end": 1.14,
                    "probability": 0.9996128678321838
                },
                {
                    "word": " So",
                    "start": 1.16,
                    "end": 1.52,
                    "probability": 0.6448076367378235
                },
                {
                    "word": " I",
                    "start": 1.52,
                    "end": 2.44,
                    "probability": 0.9685767889022827
                },
                {
                    "word": " want",
                    "start": 2.44,
                    "end": 2.58,
                    "probability": 0.9988202452659607
                },
                {
                    "word": " to",
                    "start": 2.58,
                    "end": 2.64,
                    "probability": 0.9999872446060181
                },
                {
                    "word": " draw",
                    "start": 2.64,
                    "end": 2.74,
                    "probability": 0.9658963680267334
                },
                {
                    "word": " a",
                    "start": 2.74,
                    "end": 2.86,
                    "probability": 0.9999717473983765
                },
                {
                    "word": " bit",
                    "start": 2.86,
                    "end": 2.92,
                    "probability": 0.9989672899246216
                },
                {
                    "word": " of",
                    "start": 2.92,
                    "end": 3.02,
                    "probability": 0.99998939037323
                },
                {
                    "word": " a",
                    "start": 3.02,
                    "end": 3.1,
                    "probability": 0.9999785423278809
                },
                {
                    "word": " line",
                    "start": 3.1,
                    "end": 3.4,
                    "probability": 0.9999853372573853
                },
                {
                    "word": " in",
                    "start": 3.4,
                    "end": 3.62,
                    "probability": 0.9999668598175049
                },
                {
                    "word": " the",
                    "start": 3.62,
                    "end": 3.68,
                    "probability": 0.999962329864502
                },
                {
                    "word": " sand",
                    "start": 3.68,
                    "end": 3.94,
                    "probability": 0.9999463558197021
                },
                {
                    "word": " here,",
                    "start": 3.94,
                    "end": 4.14,
                    "probability": 0.99994957447052
                },
                {
                    "word": " because",
                    "start": 4.2,
                    "end": 4.42,
                    "probability": 0.9999724626541138
                },
                {
                    "word": " I",
                    "start": 4.42,
                    "end": 4.74,
                    "probability": 0.9999872446060181
                },
                {
                    "word": " believe",
                    "start": 4.74,
                    "end": 5.28,
                    "probability": 0.9999762773513794
                },
                {
                    "word": " most",
                    "start": 5.28,
                    "end": 5.82,
                    "probability": 0.9999823570251465
                },
                {
                    "word": " of",
                    "start": 5.82,
                    "end": 6.22,
                    "probability": 0.9999934434890747
                },
                {
                    "word": " our",
                    "start": 6.22,
                    "end": 6.5,
                    "probability": 0.9999866485595703
                },
                {
                    "word": " listeners",
                    "start": 6.5,
                    "end": 7.22,
                    "probability": 0.9999786615371704
                },
                {
                    "word": " would",
                    "start": 7.22,
                    "end": 7.7,
                    "probability": 0.999972939491272
                },
                {
                    "word": " be",
                    "start": 7.7,
                    "end": 8.0,
                    "probability": 0.9999953508377075
                },
                {
                    "word": " sort",
                    "start": 8.0,
                    "end": 8.74,
                    "probability": 0.992052435874939
                },
                {
                    "word": " of",
                    "start": 8.74,
                    "end": 8.86,