{
    "text": " Absolutely.",
    "segments": [
        {
            "id": 0,
            "seek": 0,
            "start": 0.0,
            "end": 0.3,
            "text": " Absolutely.",
            "tokens": [
                50365,
                7021,
                13,
                50381
            ],
            "temperature": 0.0,
            "avg_logprob": -0.8719880104064941,
            "compression_ratio": 0.5789473684210527,
            "no_speech_prob": 0.22142119705677032,
            "words": [
                {
                    "word": " Absolutely.",
                    "start": 0.0,
                    "end": 0.3,
                    "probability": 0.2963445484638214
                }
            ]
        }
    ],
    "language": "en"
}