{
    "text": " Yeah.",
    "segments": [
        {
            "id": 0,
            "seek": 0,
            "start": 0.0,
            "end": 0.3,
            "text": " Yeah.",
            "tokens": [
                50365,
                865,
                13,
                50394
            ],
            "temperature": 0.0,
            "avg_logprob": -0.0956796646118164,
            "compression_ratio": 0.38461538461538464,
            "no_speech_prob": 0.06586819887161255,
            "words": [
                {
                    "word": " Yeah.",
                    "start": 0.0,
                    "end": 0.3,
                    "probability": 0.8279134631156921
                }
            ]
        }
    ],
    "language": "en"
}