{
    "text": " Well, you teed me up right there because I wanted to save the best for last, maybe the most explosive topic when it comes to LDI plans is tail hedging. And so I think you sort of leaned into it, maybe gave away the answer, but I am curious as to where you come down in this debate as to whether LDI plans should be adopting tail hedges. Yes.",
    "segments": [
        {
            "id": 0,
            "seek": 0,
            "start": 0.0,
            "end": 8.3,
            "text": " Well, you teed me up right there because I wanted to save the best for last, maybe the most explosive topic when it comes to LDI plans is tail hedging.",
            "tokens": [
                50365,
                1042,
                11,
                291,
                535,
                292,
                385,
                493,
                558,
                456,
                570,
                286,
                1415,
                281,
                3155,
                264,
                1151,
                337,
                1036,
                11,
                1310,
                264,
                881,
                24630,
                4829,
                562,
                309,
                1487,
                281,
                441,
                3085,
                5482,
                307,
                6838,
                33653,
                3249,
                13,
                50784
            ],
            "temperature": 0.0,
            "avg_logprob": -0.16621910442005505,
            "compression_ratio": 1.586046511627907,
            "no_speech_prob": 0.0010644057765603065,
            "words": [
                {
                    "word": " Well,",
                    "start": 0.0,
                    "end": 0.1,
                    "probability": 0.6932176947593689
                },
                {
                    "word": " you",
                    "start": 0.1,
                    "end": 0.16,
                    "probability": 0.9984340071678162
                },
                {
                    "word": " teed",
                    "start": 0.16,
                    "end": 0.48,
                    "probability": 0.9658159613609314
                },
                {
                    "word": " me",
                    "start": 0.48,
                    "end": 0.52,
                    "probability": 0.9949499368667603
                },
                {
                    "word": " up",
                    "start": 0.52,
                    "end": 0.72,
                    "probability": 0.9955980181694031
                },
                {
                    "word": " right",
                    "start": 0.72,
                    "end": 0.9,
                    "probability": 0.9956135749816895
                },
                {
                    "word": " there",
                    "start": 0.9,
                    "end": 1.14,
                    "probability": 0.9992818236351013
                },
                {
                    "word": " because",
                    "start": 1.14,
                    "end": 1.4,
                    "probability": 0.6648496985435486
                },
                {
                    "word": " I",
                    "start": 1.4,
                    "end": 1.54,
                    "probability": 0.9984670281410217
                },
                {
                    "word": " wanted",
                    "start": 1.54,
                    "end": 1.76,
                    "probability": 0.9447296857833862
                },
                {
                    "word": " to",
                    "start": 1.76,
                    "end": 2.0,
                    "probability": 0.9984826445579529
                },
                {
                    "word": " save",
                    "start": 2.0,
                    "end": 2.26,
                    "probability": 0.9894757270812988
                },
                {
                    "word": " the",
                    "start": 2.26,
                    "end": 2.42,
                    "probability": 0.9982993006706238
                },
                {
                    "word": " best",
                    "start": 2.42,
                    "end": 2.6,
                    "probability": 0.9988046884536743
                },
                {
                    "word": " for",
                    "start": 2.6,
                    "end": 2.82,
                    "probability": 0.9967606663703918
                },
                {
                    "word": " last,",
                    "start": 2.82,
                    "end": 3.06,
                    "probability": 0.9952471852302551
                },
                {
                    "word": " maybe",
                    "start": 3.28,
                    "end": 3.46,
                    "probability": 0.9547982215881348
                },
                {
                    "word": " the",
                    "start": 3.46,
                    "end": 3.66,
                    "probability": 0.9981517195701599
                },
                {
                    "word": " most",
                    "start": 3.66,
                    "end": 3.84,
                    "probability": 0.9993810653686523
                },
                {
                    "word": " explosive",
                    "start": 3.84,
                    "end": 4.4,
                    "probability": 0.997596800327301
                },
                {
                    "word": " topic",
                    "start": 4.4,
                    "end": 4.8,
                    "probability": 0.9991710186004639
                },
                {
                    "word": " when",
                    "start": 4.8,
                    "end": 5.18,
                    "probability": 0.9873676300048828
                },
                {
                    "word": " it",
                    "start": 5.18,
                    "end": 5.28,
                    "probability": 0.999797523021698
                },
                {
                    "word": " comes",
                    "start": 5.28,
                    "end": 5.5,
                    "probability": 0.9994127750396729
                },
                {
                    "word": " to",
                    "start": 5.5,
                    "end": 5.66,
                    "probability": 0.9994378685951233
                },
                {
                    "word": " LDI",
                    "start": 5.66,
                    "end": 5.98,
                    "probability": 0.9973588287830353
                },
                {
                    "word": " plans",
                    "start": 5.98,
                    "end": 6.36,
                    "probability": 0.9931504130363464
                },
                {
                    "word": " is",
                    "start": 6.36,
                    "end": 7.24,
                    "probability": 0.8911599516868591
                },
                {
                    "word": " tail",
                    "start": 7.24,
                    "end": 7.96,
                    "probability": 0.9758967161178589
                },
                {
                    "word": " hedging.",
                    "start": 7.96,
                    "end": 8.3,
                    "probability": 0.9763465523719788
                }
            ]
        },
        {
            "id": 1,
            "seek": 0,
            "start": 8.42,
            "end": 17.98,
            "text": " And so I think you sort of leaned into it, maybe gave away the answer, but I am curious as to where you come down in this debate as to whether LDI plans should be adopting tail hedges.",