{
    "text": " score.",
    "segments": [
        {
            "id": 0,
            "seek": 0,
            "start": 0.0,
            "end": 0.14,
            "text": " score.",
            "tokens": [
                50365,
                6175,
                13,
                50375
            ],
            "temperature": 0.0,
            "avg_logprob": -0.43437848091125486,
            "compression_ratio": 0.42857142857142855,
            "no_speech_prob": 0.31887486577033997,
            "words": [
                {
                    "word": " score.",
                    "start": 0.0,
                    "end": 0.14,
                    "probability": 0.46060317754745483
                }
            ]
        }
    ],
    "language": "en"
}