{
    "text": " built it out.",
    "segments": [
        {
            "id": 0,
            "seek": 0,
            "start": 0.10000000000000003,
            "end": 0.18,
            "text": " built it out.",
            "tokens": [
                50365,
                3094,
                309,
                484,
                13,
                50379
            ],
            "temperature": 0.0,
            "avg_logprob": -0.4019392558506557,
            "compression_ratio": 0.6190476190476191,
            "no_speech_prob": 0.15153980255126953,
            "words": [
                {
                    "word": " built",
                    "start": 0.10000000000000003,
                    "end": 0.14,
                    "probability": 0.20777387917041779
                },
                {
                    "word": " it",
                    "start": 0.14,
                    "end": 0.16,
                    "probability": 0.9933724403381348
                },
                {
                    "word": " out.",
                    "start": 0.16,
                    "end": 0.18,
                    "probability": 0.5464355945587158
                }
            ]
        }
    ],
    "language": "en"
}