{
    "text": " Chris, maybe we can start off for the listeners who maybe aren't as familiar with you, but know O'Shaughnessy most likely. Maybe you can give a bit of background. How'd you get your start in the field and what was your journey that led you to O'Shaughnessy today?",
    "segments": [
        {
            "id": 0,
            "seek": 0,
            "start": 0.0,
            "end": 13.14,
            "text": " Chris, maybe we can start off for the listeners who maybe aren't as familiar with you, but know O'Shaughnessy most likely. Maybe you can give a bit of background. How'd you get your start in the field and what was your journey that led you to O'Shaughnessy today?",
            "tokens": [
                50365,
                6688,
                11,
                1310,
                321,
                393,
                722,
                766,
                337,
                264,
                23274,
                567,
                1310,
                3212,
                380,
                382,
                4963,
                365,
                291,
                11,
                457,
                458,
                422,
                11460,
                1641,
                1984,
                1287,
                88,
                881,
                3700,
                13,
                2704,
                291,
                393,
                976,
                257,
                857,
                295,
                3678,
                13,
                1012,
                1116,
                291,
                483,
                428,
                722,
                294,
                264,
                2519,
                293,
                437,
                390,
                428,
                4671,
                300,
                4684,
                291,
                281,
                422,
                11460,
                1641,
                1984,
                1287,
                88,
                965,
                30,
                51028
            ],
            "temperature": 0.0,
            "avg_logprob": -0.04294586181640625,
            "compression_ratio": 1.4692737430167597,
            "no_speech_prob": 0.5553107857704163,
            "words": [
                {
                    "word": " Chris,",
                    "start": 0.0,
                    "end": 0.34,
                    "probability": 0.9778671860694885
                },
                {
                    "word": " maybe",
                    "start": 0.42,
                    "end": 0.58,
                    "probability": 0.9994661211967468
                },
                {
                    "word": " we",
                    "start": 0.58,
                    "end": 0.7,
                    "probability": 0.9999682903289795
                },
                {
                    "word": " can",
                    "start": 0.7,
                    "end": 0.84,
                    "probability": 0.9997215867042542
                },
                {
                    "word": " start",
                    "start": 0.84,
                    "end": 1.22,
                    "probability": 0.9999823570251465
                },
                {
                    "word": " off",
                    "start": 1.22,
                    "end": 1.64,
                    "probability": 0.9999368190765381
                },
                {
                    "word": " for",
                    "start": 1.64,
                    "end": 2.1,
                    "probability": 0.9911337494850159
                },
                {
                    "word": " the",
                    "start": 2.1,
                    "end": 2.3,
                    "probability": 0.9999446868896484
                },
                {
                    "word": " listeners",
                    "start": 2.3,
                    "end": 2.62,
                    "probability": 0.999947190284729
                },
                {
                    "word": " who",
                    "start": 2.62,
                    "end": 2.84,
                    "probability": 0.9997497200965881
                },
                {
                    "word": " maybe",
                    "start": 2.84,
                    "end": 3.0,
                    "probability": 0.9995777010917664
                },
                {
                    "word": " aren't",
                    "start": 3.0,
                    "end": 3.52,
                    "probability": 0.9999255537986755
                },
                {
                    "word": " as",
                    "start": 3.52,
                    "end": 3.64,
                    "probability": 0.999963641166687
                },
                {
                    "word": " familiar",
                    "start": 3.64,
                    "end": 3.94,
                    "probability": 0.9999386072158813
                },
                {
                    "word": " with",
                    "start": 3.94,
                    "end": 4.68,
                    "probability": 0.999769389629364
                },
                {
                    "word": " you,",
                    "start": 4.68,
                    "end": 5.02,
                    "probability": 0.9999544620513916
                },
                {
                    "word": " but",
                    "start": 5.06,
                    "end": 5.26,
                    "probability": 0.9999643564224243
                },
                {
                    "word": " know",
                    "start": 5.26,
                    "end": 5.5,
                    "probability": 0.9989627599716187
                },
                {
                    "word": " O'Shaughnessy",
                    "start": 5.5,
                    "end": 6.3,
                    "probability": 0.9867064555486044
                },
                {
                    "word": " most",
                    "start": 6.3,
                    "end": 6.48,
                    "probability": 0.9655941724777222
                },
                {
                    "word": " likely.",
                    "start": 6.48,
                    "end": 6.84,
                    "probability": 0.999983549118042
                },
                {
                    "word": " Maybe",
                    "start": 6.88,
                    "end": 7.1,
                    "probability": 0.9999486207962036
                },
                {
                    "word": " you",
                    "start": 7.1,
                    "end": 7.2,
                    "probability": 0.9999403953552246
                },
                {
                    "word": " can",
                    "start": 7.2,
                    "end": 7.26,
                    "probability": 0.9999724626541138
                },
                {
                    "word": " give",
                    "start": 7.26,
                    "end": 7.34,
                    "probability": 0.9999682903289795
                },
                {
                    "word": " a",
                    "start": 7.34,
                    "end": 7.46,
                    "probability": 0.9998132586479187
                },
                {
                    "word": " bit",
                    "start": 7.46,
                    "end": 7.68,
                    "probability": 0.9999288320541382
                },
                {
                    "word": " of",
                    "start": 7.68,
                    "end": 7.76,
                    "probability": 0.9999973773956299
                },
                {
                    "word": " background.",
                    "start": 7.76,
                    "end": 8.14,