{
    "text": " Tenser blow?",
    "segments": [
        {
            "id": 0,
            "seek": 0,
            "start": 0.0,
            "end": 0.6,
            "text": " Tenser blow?",
            "tokens": [
                50365,
                314,
                30041,
                6327,
                30,
                50411
            ],
            "temperature": 0.0,
            "avg_logprob": -0.6784676143101284,
            "compression_ratio": 0.6,
            "no_speech_prob": 0.020240051671862602,
            "words": [
                {
                    "word": " Tenser",
                    "start": 0.0,
                    "end": 0.58,
                    "probability": 0.31508719176054
                },
                {
                    "word": " blow?",
                    "start": 0.58,
                    "end": 0.6,
                    "probability": 0.14035823941230774
                }
            ]
        }
    ],
    "language": "en"
}