{
    "text": " INTERNATIONAL.",
    "segments": [
        {
            "id": 0,
            "seek": 0,
            "start": 0.0,
            "end": 0.38,
            "text": " INTERNATIONAL.",
            "tokens": [
                50365,
                30219,
                45,
                22528,
                3427,
                13,
                50385
            ],
            "temperature": 0.0,
            "avg_logprob": -0.5231683850288391,
            "compression_ratio": 0.6363636363636364,
            "no_speech_prob": 0.2631550431251526,
            "words": [
                {
                    "word": " INTERNATIONAL.",
                    "start": 0.0,
                    "end": 0.38,
                    "probability": 0.6724284458905458
                }
            ]
        }
    ],
    "language": "en"
}