{
    "text": " I don't know.",
    "segments": [
        {
            "id": 0,
            "seek": 0,
            "start": 0.0,
            "end": 0.26,
            "text": " I don't know.",
            "tokens": [
                50365,
                286,
                500,
                380,
                458,
                13,
                50390
            ],
            "temperature": 0.0,
            "avg_logprob": -0.11505135148763657,
            "compression_ratio": 0.6190476190476191,
            "no_speech_prob": 0.007727778982371092,
            "words": [
                {
                    "word": " I",
                    "start": 0.0,
                    "end": 0.1,
                    "probability": 0.8408064246177673
                },
                {
                    "word": " don't",
                    "start": 0.1,
                    "end": 0.18,
                    "probability": 0.9754008054733276
                },
                {
                    "word": " know.",
                    "start": 0.18,
                    "end": 0.26,
                    "probability": 0.9964026212692261
                }
            ]
        }
    ],
    "language": "en"
}