{
    "text": " and",
    "segments": [
        {
            "id": 0,
            "seek": 0,
            "start": 0.0,
            "end": 0.12,
            "text": " and",
            "tokens": [
                50365,
                293,
                50373
            ],
            "temperature": 0.0,
            "avg_logprob": -0.45942553877830505,
            "compression_ratio": 0.2727272727272727,
            "no_speech_prob": 0.4083797335624695,
            "words": [
                {
                    "word": " and",
                    "start": 0.0,
                    "end": 0.12,
                    "probability": 0.2995465397834778
                }
            ]
        }
    ],
    "language": "en"
}