{
    "text": " and",
    "segments": [
        {
            "id": 0,
            "seek": 0,
            "start": 0.0,
            "end": 0.06,
            "text": " and",
            "tokens": [
                50365,
                293,
                50376
            ],
            "temperature": 0.0,
            "avg_logprob": -0.6151251196861267,
            "compression_ratio": 0.2727272727272727,
            "no_speech_prob": 0.03087848611176014,
            "words": [
                {
                    "word": " and",
                    "start": 0.0,
                    "end": 0.06,
                    "probability": 0.11212220788002014
                }
            ]
        }
    ],
    "language": "en"
}