{
    "text": " This is great.",
    "segments": [
        {
            "id": 0,
            "seek": 0,
            "start": 0.0,
            "end": 0.22,
            "text": " This is great.",
            "tokens": [
                50365,
                639,
                307,
                869,
                13,
                50378
            ],
            "temperature": 0.0,
            "avg_logprob": -0.17748517649514334,
            "compression_ratio": 0.7,
            "no_speech_prob": 0.00823279470205307,
            "words": [
                {
                    "word": " This",
                    "start": 0.0,
                    "end": 0.0,
                    "probability": 0.30432775616645813
                },
                {
                    "word": " is",
                    "start": 0.0,
                    "end": 0.08,
                    "probability": 0.984100878238678
                },
                {
                    "word": " great.",
                    "start": 0.08,
                    "end": 0.22,
                    "probability": 0.990598738193512
                }
            ]
        }
    ],
    "language": "en"
}