{
    "text": " I don't know.",
    "segments": [
        {
            "id": 0,
            "seek": 0,
            "start": 0.0,
            "end": 0.18,
            "text": " I don't know.",
            "tokens": [
                50365,
                286,
                500,
                380,
                458,
                13,
                50378
            ],
            "temperature": 0.0,
            "avg_logprob": -0.12982672452926636,
            "compression_ratio": 0.6190476190476191,
            "no_speech_prob": 0.020694725215435028,
            "words": [
                {
                    "word": " I",
                    "start": 0.0,
                    "end": 0.1,
                    "probability": 0.7354959845542908
                },
                {
                    "word": " don't",
                    "start": 0.1,
                    "end": 0.18,
                    "probability": 0.9716095328330994
                },
                {
                    "word": " know.",
                    "start": 0.18,
                    "end": 0.18,
                    "probability": 0.9738851189613342
                }
            ]
        }
    ],
    "language": "en"
}