{
    "text": " or",
    "segments": [
        {
            "id": 0,
            "seek": 0,
            "start": 0.0,
            "end": 0.1,
            "text": " or",
            "tokens": [
                50365,
                420,
                50373
            ],
            "temperature": 0.0,
            "avg_logprob": -0.4167015850543976,
            "compression_ratio": 0.2,
            "no_speech_prob": 0.11047916859388351,
            "words": [
                {
                    "word": " or",
                    "start": 0.0,
                    "end": 0.1,
                    "probability": 0.5403562784194946
                }
            ]
        }
    ],
    "language": "en"
}