{
    "text": " Thank you, Corey.",
    "segments": [
        {
            "id": 0,
            "seek": 0,
            "start": 0.0,
            "end": 0.38,
            "text": " Thank you, Corey.",
            "tokens": [
                50365,
                1044,
                291,
                11,
                39136,
                13,
                50418
            ],
            "temperature": 0.0,
            "avg_logprob": -0.2646799683570862,
            "compression_ratio": 0.68,
            "no_speech_prob": 0.002027315553277731,
            "words": [
                {
                    "word": " Thank",
                    "start": 0.0,
                    "end": 0.12,
                    "probability": 0.9111359119415283
                },
                {
                    "word": " you,",
                    "start": 0.12,
                    "end": 0.24,
                    "probability": 0.9954665899276733
                },
                {
                    "word": " Corey.",
                    "start": 0.24,
                    "end": 0.38,
                    "probability": 0.6089754104614258
                }
            ]
        }
    ],
    "language": "en"
}