{
    "text": " It definitely.",
    "segments": [
        {
            "id": 0,
            "seek": 0,
            "start": 0.0,
            "end": 0.32,
            "text": " It definitely.",
            "tokens": [
                50365,
                467,
                2138,
                13,
                50389
            ],
            "temperature": 0.0,
            "avg_logprob": -0.44740649064381915,
            "compression_ratio": 0.6363636363636364,
            "no_speech_prob": 0.0555758960545063,
            "words": [
                {
                    "word": " It",
                    "start": 0.0,
                    "end": 0.18,
                    "probability": 0.45884832739830017
                },
                {
                    "word": " definitely.",
                    "start": 0.18,
                    "end": 0.32,
                    "probability": 0.8978350758552551
                }
            ]
        }
    ],
    "language": "en"
}