{
    "text": " Definitely.",
    "segments": [
        {
            "id": 0,
            "seek": 0,
            "start": 0.0,
            "end": 0.24,
            "text": " Definitely.",
            "tokens": [
                50365,
                12151,
                13,
                50388
            ],
            "temperature": 0.0,
            "avg_logprob": -0.38395731449127196,
            "compression_ratio": 0.5789473684210527,
            "no_speech_prob": 0.23255354166030884,
            "words": [
                {
                    "word": " Definitely.",
                    "start": 0.0,
                    "end": 0.24,
                    "probability": 0.18464189767837524
                }
            ]
        }
    ],
    "language": "en"
}