{
    "text": " there are absolutely",
    "segments": [
        {
            "id": 0,
            "seek": 0,
            "start": 0.0,
            "end": 1.06,
            "text": " there are absolutely",
            "tokens": [
                50365,
                456,
                366,
                3122,
                50453
            ],
            "temperature": 0.0,
            "avg_logprob": -0.09764303763707478,
            "compression_ratio": 0.8,
            "no_speech_prob": 0.002690818626433611,
            "words": [
                {
                    "word": " there",
                    "start": 0.0,
                    "end": 0.14,
                    "probability": 0.5590678453445435
                },
                {
                    "word": " are",
                    "start": 0.14,
                    "end": 0.34,
                    "probability": 0.9985412359237671
                },
                {
                    "word": " absolutely",
                    "start": 0.34,
                    "end": 1.06,
                    "probability": 0.9932164549827576
                }
            ]
        }
    ],
    "language": "en"
}