{
    "text": " It depends.",
    "segments": [
        {
            "id": 0,
            "seek": 0,
            "start": 0.0,
            "end": 0.28,
            "text": " It depends.",
            "tokens": [
                50365,
                467,
                5946,
                13,
                50390
            ],
            "temperature": 0.0,
            "avg_logprob": -0.1119321087996165,
            "compression_ratio": 0.5789473684210527,
            "no_speech_prob": 0.03797965869307518,
            "words": [
                {
                    "word": " It",
                    "start": 0.0,
                    "end": 0.12,
                    "probability": 0.8084782958030701
                },
                {
                    "word": " depends.",
                    "start": 0.12,
                    "end": 0.28,
                    "probability": 0.9333062767982483
                }
            ]
        }
    ],
    "language": "en"
}