{
    "text": " up.",
    "segments": [
        {
            "id": 0,
            "seek": 0,
            "start": 0.0,
            "end": 0.08,
            "text": " up.",
            "tokens": [
                50365,
                493,
                13,
                50415
            ],
            "temperature": 0.0,
            "avg_logprob": -0.980894947052002,
            "compression_ratio": 0.2727272727272727,
            "no_speech_prob": 0.6889317035675049,
            "words": [
                {
                    "word": " up.",
                    "start": 0.0,
                    "end": 0.08,
                    "probability": 0.02563912235200405
                }
            ]
        }
    ],
    "language": "en"
}