{
    "text": " I'm sorry.",
    "segments": [
        {
            "id": 0,
            "seek": 0,
            "start": 0.0,
            "end": 0.06,
            "text": " I'm sorry.",
            "tokens": [
                50365,
                286,
                478,
                2597,
                13,
                50368
            ],
            "temperature": 0.0,
            "avg_logprob": -0.7201722690037319,
            "compression_ratio": 0.5555555555555556,
            "no_speech_prob": 0.9605308771133423,
            "words": [
                {
                    "word": " I'm",
                    "start": 0.0,
                    "end": 0.06,
                    "probability": 0.2502950467169285
                },
                {
                    "word": " sorry.",
                    "start": 0.06,
                    "end": 0.06,
                    "probability": 0.8279826641082764
                }
            ]
        }
    ],
    "language": "en"
}