{
    "text": " What a fun.",
    "segments": [
        {
            "id": 0,
            "seek": 0,
            "start": 0.0,
            "end": 0.32,
            "text": " What a fun.",
            "tokens": [
                50365,
                708,
                257,
                1019,
                13,
                50384
            ],
            "temperature": 0.0,
            "avg_logprob": -0.4268230710710798,
            "compression_ratio": 0.5789473684210527,
            "no_speech_prob": 0.02203979529440403,
            "words": [
                {
                    "word": " What",
                    "start": 0.0,
                    "end": 0.1,
                    "probability": 0.22061273455619812
                },
                {
                    "word": " a",
                    "start": 0.1,
                    "end": 0.18,
                    "probability": 0.9920461177825928
                },
                {
                    "word": " fun.",
                    "start": 0.18,
                    "end": 0.32,
                    "probability": 0.8790473341941833
                }
            ]
        }
    ],
    "language": "en"
}