{
    "text": " Yeah, absolutely. I guess I'm going to be able to take it as an assumption that your audience understands what an equity factor model is and what equity factors are. I know you talk about it a lot.",
    "segments": [
        {
            "id": 0,
            "seek": 0,
            "start": 0.0,
            "end": 8.96,
            "text": " Yeah, absolutely. I guess I'm going to be able to take it as an assumption that your audience understands what an equity factor model is and what equity factors are. I know you talk about it a lot.",
            "tokens": [
                50365,
                865,
                11,
                3122,
                13,
                286,
                2041,
                286,
                478,
                516,
                281,
                312,
                1075,
                281,
                747,
                309,
                382,
                364,
                15302,
                300,
                428,
                4034,
                15146,
                437,
                364,
                10769,
                5952,
                2316,
                307,
                293,
                437,
                10769,
                6771,
                366,
                13,
                286,
                458,
                291,
                751,
                466,
                309,
                257,
                688,
                13,
                50817
            ],
            "temperature": 0.0,
            "avg_logprob": -0.10564715965934422,
            "compression_ratio": 1.3971631205673758,
            "no_speech_prob": 0.0003095765714533627,
            "words": [
                {
                    "word": " Yeah,",
                    "start": 0.0,
                    "end": 0.14,
                    "probability": 0.5585006475448608
                },
                {
                    "word": " absolutely.",
                    "start": 0.18,
                    "end": 0.52,
                    "probability": 0.9977521300315857
                },
                {
                    "word": " I",
                    "start": 0.74,
                    "end": 0.94,
                    "probability": 0.8691715002059937
                },
                {
                    "word": " guess",
                    "start": 0.94,
                    "end": 1.2,
                    "probability": 0.9926026463508606
                },
                {
                    "word": " I'm",
                    "start": 1.2,
                    "end": 1.38,
                    "probability": 0.9868108034133911
                },
                {
                    "word": " going",
                    "start": 1.38,
                    "end": 1.42,
                    "probability": 0.845341682434082
                },
                {
                    "word": " to",
                    "start": 1.42,
                    "end": 1.6,
                    "probability": 0.9971323013305664
                },
                {
                    "word": " be",
                    "start": 1.6,
                    "end": 2.16,
                    "probability": 0.9942386150360107
                },
                {
                    "word": " able",
                    "start": 2.16,
                    "end": 2.28,
                    "probability": 0.9996463060379028
                },
                {
                    "word": " to",
                    "start": 2.28,
                    "end": 2.4,
                    "probability": 0.9993714690208435
                },
                {
                    "word": " take",
                    "start": 2.4,
                    "end": 2.58,
                    "probability": 0.9993554949760437
                },
                {
                    "word": " it",
                    "start": 2.58,
                    "end": 2.76,
                    "probability": 0.9934625625610352
                },
                {
                    "word": " as",
                    "start": 2.76,
                    "end": 3.18,
                    "probability": 0.9919863939285278
                },
                {
                    "word": " an",
                    "start": 3.18,
                    "end": 3.28,
                    "probability": 0.9985619187355042
                },
                {
                    "word": " assumption",
                    "start": 3.28,
                    "end": 3.54,
                    "probability": 0.999382734298706
                },
                {
                    "word": " that",
                    "start": 3.54,
                    "end": 3.8,
                    "probability": 0.993047297000885
                },
                {
                    "word": " your",
                    "start": 3.8,
                    "end": 3.92,
                    "probability": 0.9729360342025757
                },
                {
                    "word": " audience",
                    "start": 3.92,
                    "end": 4.12,
                    "probability": 0.9997261166572571
                },
                {
                    "word": " understands",
                    "start": 4.12,
                    "end": 4.44,
                    "probability": 0.992975115776062
                },
                {
                    "word": " what",
                    "start": 4.44,
                    "end": 4.82,
                    "probability": 0.9958627223968506
                },
                {
                    "word": " an",
                    "start": 4.82,
                    "end": 5.04,
                    "probability": 0.9822238087654114
                },
                {
                    "word": " equity",
                    "start": 5.04,
                    "end": 5.2,
                    "probability": 0.9853581190109253
                },
                {
                    "word": " factor",
                    "start": 5.2,
                    "end": 5.44,
                    "probability": 0.9878166317939758
                },
                {
                    "word": " model",
                    "start": 5.44,
                    "end": 5.64,
                    "probability": 0.9983629584312439
                },
                {
                    "word": " is",
                    "start": 5.64,
                    "end": 6.44,
                    "probability": 0.9943283200263977
                },
                {
                    "word": " and",
                    "start": 6.44,
                    "end": 6.64,
                    "probability": 0.8718201518058777
                },
                {
                    "word": " what",
                    "start": 6.64,
                    "end": 6.92,
                    "probability": 0.9287621974945068
                },
                {
                    "word": " equity",
                    "start": 6.92,
                    "end": 7.2,
                    "probability": 0.9986557960510254
                },
                {
                    "word": " factors",
                    "start": 7.2,
                    "end": 7.5,
                    "probability": 0.998569130897522
                },
                {
                    "word": " are.",
                    "start": 7.5,
                    "end": 7.8,
                    "probability": 0.9968885779380798
                },
                {
                    "word": " I",
                    "start": 7.84,
                    "end": 7.96,
                    "probability": 0.9397544264793396
                },
                {
                    "word": " know",
                    "start": 7.96,
                    "end": 8.02,