{
    "text": " you",
    "segments": [
        {
            "id": 0,
            "seek": 0,
            "start": 0.0,
            "end": 0.06,
            "text": " you",
            "tokens": [
                50365,
                291,
                50369
            ],
            "temperature": 0.0,
            "avg_logprob": -0.8422673940658569,
            "compression_ratio": 0.2727272727272727,
            "no_speech_prob": 0.9650173187255859,
            "words": [
                {
                    "word": " you",
                    "start": 0.0,
                    "end": 0.06,
                    "probability": 0.2382049709558487
                }
            ]
        }
    ],
    "language": "en"
}