{
    "text": " Thanks for watching.",
    "segments": [
        {
            "id": 0,
            "seek": 0,
            "start": 0.0,
            "end": 0.08,
            "text": " Thanks for watching.",
            "tokens": [
                50365,
                2561,
                337,
                1976,
                13,
                50369
            ],
            "temperature": 0.0,
            "avg_logprob": -0.5730002267020089,
            "compression_ratio": 0.7142857142857143,
            "no_speech_prob": 0.8502539396286011,
            "words": [
                {
                    "word": " Thanks",
                    "start": 0.0,
                    "end": 0.0,
                    "probability": 0.12776970863342285
                },
                {
                    "word": " for",
                    "start": 0.0,
                    "end": 0.0,
                    "probability": 0.48115304112434387
                },
                {
                    "word": " watching.",
                    "start": 0.0,
                    "end": 0.08,
                    "probability": 0.7014551758766174
                }
            ]
        }
    ],
    "language": "en"
}