{
    "text": " Why?",
    "segments": [
        {
            "id": 0,
            "seek": 0,
            "start": 0.0,
            "end": 0.08,
            "text": " Why?",
            "tokens": [
                50365,
                1545,
                30,
                50371
            ],
            "temperature": 0.0,
            "avg_logprob": -0.5060600280761719,
            "compression_ratio": 0.3333333333333333,
            "no_speech_prob": 0.12220616638660431,
            "words": [
                {
                    "word": " Why?",
                    "start": 0.0,
                    "end": 0.08,
                    "probability": 0.06826191395521164
                }
            ]
        }
    ],
    "language": "en"
}