{
    "text": " For us,",
    "segments": [
        {
            "id": 0,
            "seek": 0,
            "start": 0.0,
            "end": 0.32,
            "text": " For us,",
            "tokens": [
                50371,
                1171,
                505,
                11,
                50401
            ],
            "temperature": 0.0,
            "avg_logprob": -0.5693994363149008,
            "compression_ratio": 0.4666666666666667,
            "no_speech_prob": 0.0032873903401196003,
            "words": [
                {
                    "word": " For",
                    "start": 0.0,
                    "end": 0.22,
                    "probability": 0.2696387767791748
                },
                {
                    "word": " us,",
                    "start": 0.22,
                    "end": 0.32,
                    "probability": 0.9822835326194763
                }
            ]
        }
    ],
    "language": "en"
}