{
    "text": " So I'll start by",
    "segments": [
        {
            "id": 0,
            "seek": 0,
            "start": 0.0,
            "end": 0.6,
            "text": " So I'll start by",
            "tokens": [
                50365,
                407,
                286,
                603,
                722,
                538,
                50428
            ],
            "temperature": 0.0,
            "avg_logprob": -0.19407951831817627,
            "compression_ratio": 0.6666666666666666,
            "no_speech_prob": 0.13239577412605286,
            "words": [
                {
                    "word": " So",
                    "start": 0.0,
                    "end": 0.14,
                    "probability": 0.5582444071769714
                },
                {
                    "word": " I'll",
                    "start": 0.14,
                    "end": 0.26,
                    "probability": 0.8622767329216003
                },
                {
                    "word": " start",
                    "start": 0.26,
                    "end": 0.38,
                    "probability": 0.9988580942153931
                },
                {
                    "word": " by",
                    "start": 0.38,
                    "end": 0.6,
                    "probability": 0.9951847195625305
                }
            ]
        }
    ],
    "language": "en"
}