{
    "text": " ball.",
    "segments": [
        {
            "id": 0,
            "seek": 0,
            "start": 0.0,
            "end": 0.18,
            "text": " ball.",
            "tokens": [
                50365,
                2594,
                13,
                50377
            ],
            "temperature": 0.0,
            "avg_logprob": -0.7771444320678711,
            "compression_ratio": 0.38461538461538464,
            "no_speech_prob": 0.8527635931968689,
            "words": [
                {
                    "word": " ball.",
                    "start": 0.0,
                    "end": 0.18,
                    "probability": 0.14420950412750244
                }
            ]
        }
    ],
    "language": "en"
}