{
    "text": " Especially when we're",
    "segments": [
        {
            "id": 0,
            "seek": 0,
            "start": 0.0,
            "end": 0.58,
            "text": " Especially when we're",
            "tokens": [
                50365,
                8545,
                562,
                321,
                434,
                50395
            ],
            "temperature": 0.0,
            "avg_logprob": -0.24206224509647914,
            "compression_ratio": 0.7241379310344828,
            "no_speech_prob": 0.0028639838565140963,
            "words": [
                {
                    "word": " Especially",
                    "start": 0.0,
                    "end": 0.3,
                    "probability": 0.6170581579208374
                },
                {
                    "word": " when",
                    "start": 0.3,
                    "end": 0.42,
                    "probability": 0.981580913066864
                },
                {
                    "word": " we're",
                    "start": 0.42,
                    "end": 0.58,
                    "probability": 0.9900319874286652
                }
            ]
        }
    ],
    "language": "en"
}