{
    "text": " new model.",
    "segments": [
        {
            "id": 0,
            "seek": 0,
            "start": 0.0,
            "end": 0.28,
            "text": " new model.",
            "tokens": [
                50365,
                777,
                2316,
                13,
                50388
            ],
            "temperature": 0.0,
            "avg_logprob": -0.3908093372980754,
            "compression_ratio": 0.5555555555555556,
            "no_speech_prob": 0.08209831267595291,
            "words": [
                {
                    "word": " new",
                    "start": 0.0,
                    "end": 0.1,
                    "probability": 0.24338851869106293
                },
                {
                    "word": " model.",
                    "start": 0.1,
                    "end": 0.28,
                    "probability": 0.9922822117805481
                }
            ]
        }
    ],
    "language": "en"
}