{
    "text": " and as you",
    "segments": [
        {
            "id": 0,
            "seek": 0,
            "start": 0.0,
            "end": 0.18,
            "text": " and as you",
            "tokens": [
                50365,
                293,
                382,
                291,
                50378
            ],
            "temperature": 0.0,
            "avg_logprob": -0.3456144730250041,
            "compression_ratio": 0.5555555555555556,
            "no_speech_prob": 0.34587883949279785,
            "words": [
                {
                    "word": " and",
                    "start": 0.0,
                    "end": 0.1,
                    "probability": 0.29406458139419556
                },
                {
                    "word": " as",
                    "start": 0.1,
                    "end": 0.14,
                    "probability": 0.8640478849411011
                },
                {
                    "word": " you",
                    "start": 0.14,
                    "end": 0.18,
                    "probability": 0.9106958508491516
                }
            ]
        }
    ],
    "language": "en"
}