{
    "text": " So on.",
    "segments": [
        {
            "id": 0,
            "seek": 0,
            "start": 0.0,
            "end": 0.16,
            "text": " So on.",
            "tokens": [
                50365,
                407,
                322,
                13,
                50383
            ],
            "temperature": 0.0,
            "avg_logprob": -0.37816635767618817,
            "compression_ratio": 0.42857142857142855,
            "no_speech_prob": 0.5205612778663635,
            "words": [
                {
                    "word": " So",
                    "start": 0.0,
                    "end": 0.16,
                    "probability": 0.2784757912158966
                },
                {
                    "word": " on.",
                    "start": 0.16,
                    "end": 0.16,
                    "probability": 0.7429367303848267
                }
            ]
        }
    ],
    "language": "en"
}