{
    "text": " I don't know.",
    "segments": [
        {
            "id": 0,
            "seek": 0,
            "start": 0.0,
            "end": 0.02,
            "text": " I don't know.",
            "tokens": [
                50365,
                286,
                500,
                380,
                458,
                13,
                50368
            ],
            "temperature": 0.0,
            "avg_logprob": -0.7565211057662964,
            "compression_ratio": 0.6190476190476191,
            "no_speech_prob": 0.9609116911888123,
            "words": [
                {
                    "word": " I",
                    "start": 0.0,
                    "end": 0.02,
                    "probability": 0.0744708776473999
                },
                {
                    "word": " don't",
                    "start": 0.02,
                    "end": 0.02,
                    "probability": 0.5900963991880417
                },
                {
                    "word": " know.",
                    "start": 0.02,
                    "end": 0.02,
                    "probability": 0.7392926812171936
                }
            ]
        }
    ],
    "language": "en"
}