{
    "text": " Thank you.",
    "segments": [
        {
            "id": 0,
            "seek": 0,
            "start": 0.0,
            "end": 0.08,
            "text": " Thank you.",
            "tokens": [
                50365,
                1044,
                291,
                13,
                50370
            ],
            "temperature": 0.0,
            "avg_logprob": -0.8348310788472494,
            "compression_ratio": 0.5555555555555556,
            "no_speech_prob": 0.8821805119514465,
            "words": [
                {
                    "word": " Thank",
                    "start": 0.0,
                    "end": 0.08,
                    "probability": 0.047585684806108475
                },
                {
                    "word": " you.",
                    "start": 0.08,
                    "end": 0.08,
                    "probability": 0.9988358616828918
                }
            ]
        }
    ],
    "language": "en"
}