{
    "text": " build on",
    "segments": [
        {
            "id": 0,
            "seek": 0,
            "start": 0.0,
            "end": 0.34,
            "text": " build on",
            "tokens": [
                50365,
                1322,
                322,
                50388
            ],
            "temperature": 0.0,
            "avg_logprob": -0.780794620513916,
            "compression_ratio": 0.5,
            "no_speech_prob": 0.11698443442583084,
            "words": [
                {
                    "word": " build",
                    "start": 0.0,
                    "end": 0.14,
                    "probability": 0.11883258074522018
                },
                {
                    "word": " on",
                    "start": 0.14,
                    "end": 0.34,
                    "probability": 0.9504465460777283
                }
            ]
        }
    ],
    "language": "en"
}