{
    "text": " Okay.",
    "segments": [
        {
            "id": 0,
            "seek": 0,
            "start": 0.0,
            "end": 0.36,
            "text": " Okay.",
            "tokens": [
                50365,
                1033,
                13,
                50387
            ],
            "temperature": 0.0,
            "avg_logprob": -0.05027705430984497,
            "compression_ratio": 0.38461538461538464,
            "no_speech_prob": 0.004822013899683952,
            "words": [
                {
                    "word": " Okay.",
                    "start": 0.0,
                    "end": 0.36,
                    "probability": 0.8180406093597412
                }
            ]
        }
    ],
    "language": "en"
}