{
    "text": " them.",
    "segments": [
        {
            "id": 0,
            "seek": 0,
            "start": 0.0,
            "end": 0.22,
            "text": " them.",
            "tokens": [
                50365,
                552,
                13,
                50388
            ],
            "temperature": 0.0,
            "avg_logprob": -0.5451292037963867,
            "compression_ratio": 0.38461538461538464,
            "no_speech_prob": 0.16025322675704956,
            "words": [
                {
                    "word": " them.",
                    "start": 0.0,
                    "end": 0.22,
                    "probability": 0.3878884017467499
                }
            ]
        }
    ],
    "language": "en"
}