{
    "text": " high content.",
    "segments": [
        {
            "id": 0,
            "seek": 0,
            "start": 0.0,
            "end": 0.36,
            "text": " high content.",
            "tokens": [
                50365,
                1090,
                2701,
                13,
                50391
            ],
            "temperature": 0.0,
            "avg_logprob": -0.5348600546518961,
            "compression_ratio": 0.6190476190476191,
            "no_speech_prob": 0.11006224155426025,
            "words": [
                {
                    "word": " high",
                    "start": 0.0,
                    "end": 0.26,
                    "probability": 0.2463788390159607
                },
                {
                    "word": " content.",
                    "start": 0.26,
                    "end": 0.36,
                    "probability": 0.2267199456691742
                }
            ]
        }
    ],
    "language": "en"
}