{
    "text": " Well, Kevin, we've come to the last question of the episode, and it's the same question I'm asking everyone this season, which is to reflect upon your career and tell me what the luckiest break you had was.",
    "segments": [
        {
            "id": 0,
            "seek": 0,
            "start": 0.0,
            "end": 11.4,
            "text": " Well, Kevin, we've come to the last question of the episode, and it's the same question I'm asking everyone this season, which is to reflect upon your career and tell me what the luckiest break you had was.",
            "tokens": [
                50365,
                1042,
                11,
                9954,
                11,
                321,
                600,
                808,
                281,
                264,
                1036,
                1168,
                295,
                264,
                3500,
                11,
                293,
                309,
                311,
                264,
                912,
                1168,
                286,
                478,
                3365,
                1518,
                341,
                3196,
                11,
                597,
                307,
                281,
                5031,
                3564,
                428,
                3988,
                293,
                980,
                385,
                437,
                264,
                3668,
                6495,
                1821,
                291,
                632,
                390,
                13,
                50946
            ],
            "temperature": 0.0,
            "avg_logprob": -0.09247835159301758,
            "compression_ratio": 1.401360544217687,
            "no_speech_prob": 0.008574155159294605,
            "words": [
                {
                    "word": " Well,",
                    "start": 0.0,
                    "end": 0.08,
                    "probability": 0.9018427133560181
                },
                {
                    "word": " Kevin,",
                    "start": 0.08,
                    "end": 0.26,
                    "probability": 0.9998624324798584
                },
                {
                    "word": " we've",
                    "start": 0.32,
                    "end": 0.44,
                    "probability": 0.9999378323554993
                },
                {
                    "word": " come",
                    "start": 0.44,
                    "end": 0.6,
                    "probability": 0.9999803304672241
                },
                {
                    "word": " to",
                    "start": 0.6,
                    "end": 0.8,
                    "probability": 0.9999890327453613
                },
                {
                    "word": " the",
                    "start": 0.8,
                    "end": 1.04,
                    "probability": 0.9999673366546631
                },
                {
                    "word": " last",
                    "start": 1.04,
                    "end": 1.74,
                    "probability": 0.9999227523803711
                },
                {
                    "word": " question",
                    "start": 1.74,
                    "end": 2.12,
                    "probability": 0.9999833106994629
                },
                {
                    "word": " of",
                    "start": 2.12,
                    "end": 2.66,
                    "probability": 0.9997747540473938
                },
                {
                    "word": " the",
                    "start": 2.66,
                    "end": 2.86,
                    "probability": 0.9999711513519287
                },
                {
                    "word": " episode,",
                    "start": 2.86,
                    "end": 3.32,
                    "probability": 0.9999557733535767
                },
                {
                    "word": " and",
                    "start": 3.38,
                    "end": 3.68,
                    "probability": 0.9997932314872742
                },
                {
                    "word": " it's",
                    "start": 3.68,
                    "end": 3.86,
                    "probability": 0.9999741911888123
                },
                {
                    "word": " the",
                    "start": 3.86,
                    "end": 3.92,
                    "probability": 0.999934196472168
                },
                {
                    "word": " same",
                    "start": 3.92,
                    "end": 4.14,
                    "probability": 0.999822199344635
                },
                {
                    "word": " question",
                    "start": 4.14,
                    "end": 4.4,
                    "probability": 0.9999783039093018
                },
                {
                    "word": " I'm",
                    "start": 4.4,
                    "end": 4.74,
                    "probability": 0.9995599389076233
                },
                {
                    "word": " asking",
                    "start": 4.74,
                    "end": 4.94,
                    "probability": 0.9992055296897888
                },
                {
                    "word": " everyone",
                    "start": 4.94,
                    "end": 5.34,
                    "probability": 0.9997881054878235
                },
                {
                    "word": " this",
                    "start": 5.34,
                    "end": 5.64,
                    "probability": 0.9996500015258789
                },
                {
                    "word": " season,",
                    "start": 5.64,
                    "end": 6.04,
                    "probability": 0.9999133348464966
                },
                {
                    "word": " which",
                    "start": 6.1,
                    "end": 6.28,
                    "probability": 0.999677300453186
                },
                {
                    "word": " is",
                    "start": 6.28,
                    "end": 6.5,
                    "probability": 0.999980092048645
                },
                {
                    "word": " to",
                    "start": 6.5,
                    "end": 6.7,
                    "probability": 0.9968233108520508
                },
                {
                    "word": " reflect",
                    "start": 6.7,
                    "end": 7.0,
                    "probability": 0.9999309778213501
                },
                {
                    "word": " upon",
                    "start": 7.0,
                    "end": 7.36,
                    "probability": 0.999930739402771
                },
                {
                    "word": " your",
                    "start": 7.36,
                    "end": 7.68,
                    "probability": 0.999970555305481
                },
                {
                    "word": " career",
                    "start": 7.68,
                    "end": 8.04,
                    "probability": 0.9998993873596191
                },
                {
                    "word": " and",
                    "start": 8.04,
                    "end": 8.54,
                    "probability": 0.9868708848953247
                },
                {
                    "word": " tell",
                    "start": 8.54,
                    "end": 8.92,
                    "probability": 0.99991774559021
                },
                {
                    "word": " me",
                    "start": 8.92,
                    "end": 9.04,
                    "probability": 0.9995837807655334
                },
                {
                    "word": " what",