{
    "text": " And it really is.",
    "segments": [
        {
            "id": 0,
            "seek": 0,
            "start": 0.0,
            "end": 0.46,
            "text": " And it really is.",
            "tokens": [
                50365,
                400,
                309,
                534,
                307,
                13,
                50390
            ],
            "temperature": 0.0,
            "avg_logprob": -0.7173829078674316,
            "compression_ratio": 0.68,
            "no_speech_prob": 0.07031526416540146,
            "words": [
                {
                    "word": " And",
                    "start": 0.0,
                    "end": 0.28,
                    "probability": 0.33860477805137634
                },
                {
                    "word": " it",
                    "start": 0.28,
                    "end": 0.38,
                    "probability": 0.8159473538398743
                },
                {
                    "word": " really",
                    "start": 0.38,
                    "end": 0.46,
                    "probability": 0.4444641172885895
                },
                {
                    "word": " is.",
                    "start": 0.46,
                    "end": 0.46,
                    "probability": 0.14667391777038574
                }
            ]
        }
    ],
    "language": "en"
}