{
    "text": " but I would",
    "segments": [
        {
            "id": 0,
            "seek": 0,
            "start": 0.0,
            "end": 0.22,
            "text": " but I would",
            "tokens": [
                50365,
                457,
                286,
                576,
                50378
            ],
            "temperature": 0.0,
            "avg_logprob": -0.23411480585734049,
            "compression_ratio": 0.5789473684210527,
            "no_speech_prob": 0.22098521888256073,
            "words": [
                {
                    "word": " but",
                    "start": 0.0,
                    "end": 0.14,
                    "probability": 0.4626171886920929
                },
                {
                    "word": " I",
                    "start": 0.14,
                    "end": 0.18,
                    "probability": 0.7737672924995422
                },
                {
                    "word": " would",
                    "start": 0.18,
                    "end": 0.22,
                    "probability": 0.9374693632125854
                }
            ]
        }
    ],
    "language": "en"
}