{
    "text": " and it's like,",
    "segments": [
        {
            "id": 0,
            "seek": 0,
            "start": 0.0,
            "end": 0.18,
            "text": " and it's like,",
            "tokens": [
                50365,
                293,
                309,
                311,
                411,
                11,
                50375
            ],
            "temperature": 0.0,
            "avg_logprob": -0.8126748204231262,
            "compression_ratio": 0.6363636363636364,
            "no_speech_prob": 0.5686434507369995,
            "words": [
                {
                    "word": " and",
                    "start": 0.0,
                    "end": 0.1,
                    "probability": 0.05890148878097534
                },
                {
                    "word": " it's",
                    "start": 0.1,
                    "end": 0.18,
                    "probability": 0.689623236656189
                },
                {
                    "word": " like,",
                    "start": 0.18,
                    "end": 0.18,
                    "probability": 0.2311757504940033
                }
            ]
        }
    ],
    "language": "en"
}