{
    "text": " Bye.",
    "segments": [
        {
            "id": 0,
            "seek": 0,
            "start": 0.0,
            "end": 0.1,
            "text": " Bye.",
            "tokens": [
                50365,
                4621,
                13,
                50371
            ],
            "temperature": 0.0,
            "avg_logprob": -0.7514125347137451,
            "compression_ratio": 0.3333333333333333,
            "no_speech_prob": 0.8355475068092346,
            "words": [
                {
                    "word": " Bye.",
                    "start": 0.0,
                    "end": 0.1,
                    "probability": 0.24513855576515198
                }
            ]
        }
    ],
    "language": "en"
}