{
    "text": " and",
    "segments": [
        {
            "id": 0,
            "seek": 0,
            "start": 0.0,
            "end": 0.08,
            "text": " and",
            "tokens": [
                50365,
                293,
                50375
            ],
            "temperature": 0.0,
            "avg_logprob": -0.375679075717926,
            "compression_ratio": 0.2727272727272727,
            "no_speech_prob": 0.6661598682403564,
            "words": [
                {
                    "word": " and",
                    "start": 0.0,
                    "end": 0.08,
                    "probability": 0.4904356896877289
                }
            ]
        }
    ],
    "language": "en"
}