{
    "text": " you know,",
    "segments": [
        {
            "id": 0,
            "seek": 0,
            "start": 0.0,
            "end": 0.1,
            "text": " you know,",
            "tokens": [
                50365,
                291,
                458,
                11,
                50375
            ],
            "temperature": 0.0,
            "avg_logprob": -0.18358306090037027,
            "compression_ratio": 0.5294117647058824,
            "no_speech_prob": 0.05078387260437012,
            "words": [
                {
                    "word": " you",
                    "start": 0.0,
                    "end": 0.1,
                    "probability": 0.5182254910469055
                },
                {
                    "word": " know,",
                    "start": 0.1,
                    "end": 0.1,
                    "probability": 0.9981077909469604
                }
            ]
        }
    ],
    "language": "en"
}