{
    "text": " which has",
    "segments": [
        {
            "id": 0,
            "seek": 0,
            "start": 0.0,
            "end": 0.32,
            "text": " which has",
            "tokens": [
                50365,
                597,
                575,
                50387
            ],
            "temperature": 0.0,
            "avg_logprob": -0.10298492908477783,
            "compression_ratio": 0.5294117647058824,
            "no_speech_prob": 0.00055933918338269,
            "words": [
                {
                    "word": " which",
                    "start": 0.0,
                    "end": 0.22,
                    "probability": 0.6298419833183289
                },
                {
                    "word": " has",
                    "start": 0.22,
                    "end": 0.32,
                    "probability": 0.9919461607933044
                }
            ]
        }
    ],
    "language": "en"
}