{
    "text": " it would be",
    "segments": [
        {
            "id": 0,
            "seek": 0,
            "start": 0.0,
            "end": 0.52,
            "text": " it would be",
            "tokens": [
                50365,
                309,
                576,
                312,
                50393
            ],
            "temperature": 0.0,
            "avg_logprob": -0.4415849844614665,
            "compression_ratio": 0.5789473684210527,
            "no_speech_prob": 0.09733304381370544,
            "words": [
                {
                    "word": " it",
                    "start": 0.0,
                    "end": 0.22,
                    "probability": 0.13940554857254028
                },
                {
                    "word": " would",
                    "start": 0.22,
                    "end": 0.4,
                    "probability": 0.8217376470565796
                },
                {
                    "word": " be",
                    "start": 0.4,
                    "end": 0.52,
                    "probability": 0.9931367635726929
                }
            ]
        }
    ],
    "language": "en"
}