{
    "text": " with my colleagues.",
    "segments": [
        {
            "id": 0,
            "seek": 0,
            "start": 0.0,
            "end": 0.38,
            "text": " with my colleagues.",
            "tokens": [
                50365,
                365,
                452,
                7734,
                13,
                50390
            ],
            "temperature": 0.0,
            "avg_logprob": -0.32904015268598286,
            "compression_ratio": 0.7037037037037037,
            "no_speech_prob": 0.04118004068732262,
            "words": [
                {
                    "word": " with",
                    "start": 0.0,
                    "end": 0.08,
                    "probability": 0.8573770523071289
                },
                {
                    "word": " my",
                    "start": 0.08,
                    "end": 0.18,
                    "probability": 0.9987261891365051
                },
                {
                    "word": " colleagues.",
                    "start": 0.18,
                    "end": 0.38,
                    "probability": 0.9967599511146545
                }
            ]
        }
    ],
    "language": "en"
}