{
    "text": " you know,",
    "segments": [
        {
            "id": 0,
            "seek": 0,
            "start": 0.07999999999999996,
            "end": 0.14,
            "text": " you know,",
            "tokens": [
                50365,
                291,
                458,
                11,
                50379
            ],
            "temperature": 0.0,
            "avg_logprob": -0.24655699729919434,
            "compression_ratio": 0.5294117647058824,
            "no_speech_prob": 0.2062840312719345,
            "words": [
                {
                    "word": " you",
                    "start": 0.07999999999999996,
                    "end": 0.12,
                    "probability": 0.2843516767024994
                },
                {
                    "word": " know,",
                    "start": 0.12,
                    "end": 0.14,
                    "probability": 0.9784749746322632
                }
            ]
        }
    ],
    "language": "en"
}