{
    "text": " rare that",
    "segments": [
        {
            "id": 0,
            "seek": 0,
            "start": 0.0,
            "end": 0.32,
            "text": " rare that",
            "tokens": [
                50365,
                5892,
                300,
                50387
            ],
            "temperature": 0.0,
            "avg_logprob": -0.07646087408065796,
            "compression_ratio": 0.5294117647058824,
            "no_speech_prob": 0.0012865472817793489,
            "words": [
                {
                    "word": " rare",
                    "start": 0.0,
                    "end": 0.24,
                    "probability": 0.7044326066970825
                },
                {
                    "word": " that",
                    "start": 0.24,
                    "end": 0.32,
                    "probability": 0.9983008503913879
                }
            ]
        }
    ],
    "language": "en"
}