{
    "text": " true innovation.",
    "segments": [
        {
            "id": 0,
            "seek": 0,
            "start": 0.0,
            "end": 0.64,
            "text": " true innovation.",
            "tokens": [
                50365,
                2074,
                8504,
                13,
                50407
            ],
            "temperature": 0.0,
            "avg_logprob": -0.23802103598912558,
            "compression_ratio": 0.6666666666666666,
            "no_speech_prob": 0.01204031053930521,
            "words": [
                {
                    "word": " true",
                    "start": 0.0,
                    "end": 0.14,
                    "probability": 0.5952024459838867
                },
                {
                    "word": " innovation.",
                    "start": 0.14,
                    "end": 0.64,
                    "probability": 0.9154700040817261
                }
            ]
        }
    ],
    "language": "en"
}